武器,聖遺物セット,聖遺物メイン,バフキャラ,合計期待値,一発目期待値,率ダメ,聖遺物組み合わせ,サブステ,スコア
古祠の瓏(完凸),ファントム4,HP%+水バフ+HP%,シトラリ(灰燼4)+シロネン(灰燼4、2色以上)+万葉(翠緑4),64193,64193,1.00:2.02,,0.23:1.14,1.6
古祠の瓏(完凸),ファントム4,HP%+HP%+HP%,シトラリ(灰燼4)+シロネン(灰燼4、2色以上)+万葉(翠緑4),63004,63004,1.00:2.02,,0.23:1.14,1.6
古祠の瓏(完凸),ファントム4,HP%+HP%+会心率,シトラリ(灰燼4)+シロネン(灰燼4、2色以上)+万葉(翠緑4),59864,59864,1.00:2.33,,0.08:1.45,1.6
古祠の瓏(完凸),ファントム4,HP%+HP%+会心ダメージ,シトラリ(灰燼4)+シロネン(灰燼4、2色以上)+万葉(翠緑4),59864,59864,1.00:2.33,,0.39:0.83,1.6
古祠の瓏(完凸),ファントム4,HP%+水バフ+会心率,シトラリ(灰燼4)+シロネン(灰燼4、2色以上)+万葉(翠緑4),59416,59416,1.00:2.33,,0.08:1.45,1.6
古祠の瓏(完凸),ファントム4,HP%+水バフ+会心ダメージ,シトラリ(灰燼4)+シロネン(灰燼4、2色以上)+万葉(翠緑4),59416,59416,1.00:2.33,,0.39:0.83,1.6
波乗りの旋回(完凸、フル),ファントム4,HP%+水バフ+会心率,シトラリ(灰燼4)+シロネン(灰燼4、2色以上)+万葉(翠緑4),57357,57357,0.98:1.96,,0.26:1.08,1.6
波乗りの旋回(完凸、フル),ファントム4,HP%+水バフ+会心ダメージ,シトラリ(灰燼4)+シロネン(灰燼4、2色以上)+万葉(翠緑4),57357,57357,0.98:1.96,,0.57:0.46,1.6
波乗りの旋回(完凸、フル),ファントム4,HP%+HP%+会心率,シトラリ(灰燼4)+シロネン(灰燼4、2色以上)+万葉(翠緑4),56955,56955,0.98:1.96,,0.26:1.08,1.6
波乗りの旋回(完凸、フル),ファントム4,HP%+HP%+会心ダメージ,シトラリ(灰燼4)+シロネン(灰燼4、2色以上)+万葉(翠緑4),56955,56955,0.98:1.96,,0.57:0.46,1.6
古祠の瓏(完凸),ファントム4,HP%+水バフ+HP%,シロネン(灰燼4、2色以上)+フリーナ(フル)+万葉(翠緑4),56549,56549,1.00:2.02,,0.23:1.14,1.6
四風原典(4重),ファントム4,HP%+HP%+HP%,シトラリ(灰燼4)+シロネン(灰燼4、2色以上)+万葉(翠緑4),56393,56393,0.99:1.98,,0.25:1.10,1.6
古祠の瓏(完凸),ファントム4,HP%+HP%+HP%,シロネン(灰燼4、2色以上)+フリーナ(フル)+万葉(翠緑4),55934,55934,1.00:2.02,,0.23:1.14,1.6
古祠の瓏(完凸),ファントム4,HP%+水バフ+HP%,シトラリ(灰燼4)+シロネン(灰燼以外、2色以上)+万葉(翠緑4),55680,55680,1.00:2.02,,0.23:1.14,1.6
古祠の瓏(完凸),ファントム4,HP%+水バフ+HP%,シトラリ(灰燼以外)+シロネン(灰燼4、2色以上)+万葉(翠緑4),55680,55680,1.00:2.02,,0.23:1.14,1.6
古祠の瓏(完凸),ファントム4,HP%+水バフ+HP%,シトラリ(灰燼4)+シロネン(灰燼4、2色以上)+万葉(翠緑以外),55215,55215,1.00:2.02,,0.23:1.14,1.6
波乗りの旋回(完凸、フル),ファントム4,HP%+水バフ+HP%,シトラリ(灰燼4)+シロネン(灰燼4、2色以上)+万葉(翠緑4),54424,54424,0.83:1.65,,0.42:0.77,1.6
四風原典(4重),ファントム4,HP%+水バフ+HP%,シトラリ(灰燼4)+シロネン(灰燼4、2色以上)+万葉(翠緑4),54333,54333,0.99:1.98,,0.25:1.10,1.6
古祠の瓏(完凸),ファントム4,HP%+HP%+元素熟知,シトラリ(灰燼4)+シロネン(灰燼4、2色以上)+万葉(翠緑4),54275,54275,1.00:2.02,,0.23:1.14,1.6
古祠の瓏(完凸),ファントム4,HP%+HP%+HP%,シトラリ(灰燼4)+シロネン(灰燼4、2色以上)+万葉(翠緑以外),54193,54193,1.00:2.02,,0.23:1.14,1.6
古祠の瓏(完凸),ファントム4,HP%+水バフ+元素熟知,シトラリ(灰燼4)+シロネン(灰燼4、2色以上)+万葉(翠緑4),53868,53868,1.00:2.02,,0.23:1.14,1.6
古祠の瓏(完凸),ファントム4,HP%+水バフ+HP%,シトラリ(灰燼4)+シロネン(灰燼4、2色以上)+フリーナ(フル),53851,53851,1.00:2.02,,0.23:1.14,1.6
古祠の瓏(完凸),ファントム4,HP%+HP%+会心率,シロネン(灰燼4、2色以上)+フリーナ(フル)+万葉(翠緑4),53737,53737,1.00:2.33,,0.08:1.45,1.6
古祠の瓏(完凸),ファントム4,HP%+HP%+会心ダメージ,シロネン(灰燼4、2色以上)+フリーナ(フル)+万葉(翠緑4),53737,53737,1.00:2.33,,0.39:0.83,1.6
古祠の瓏(完凸),ファントム4,HP%+HP%+HP%,シトラリ(灰燼4)+シロネン(灰燼4、2色以上)+フリーナ(フル),53512,53512,1.00:2.02,,0.23:1.14,1.6
古祠の瓏(完凸),ファントム4,HP%+水バフ+HP%,シトラリ(灰燼4)+フリーナ(フル)+万葉(翠緑4),53147,53147,1.00:2.02,,0.23:1.14,1.6
古祠の瓏(完凸),ファントム4,HP%+水バフ+会心率,シロネン(灰燼4、2色以上)+フリーナ(フル)+万葉(翠緑4),53137,53137,1.00:2.33,,0.08:1.45,1.6
古祠の瓏(完凸),ファントム4,HP%+水バフ+会心ダメージ,シロネン(灰燼4、2色以上)+フリーナ(フル)+万葉(翠緑4),53137,53137,1.00:2.33,,0.39:0.83,1.6
古祠の瓏(完凸),ファントム4,HP%+HP%+HP%,シトラリ(灰燼4)+シロネン(灰燼以外、2色以上)+万葉(翠緑4),53121,53121,1.00:2.02,,0.23:1.14,1.6
古祠の瓏(完凸),ファントム4,HP%+HP%+HP%,シトラリ(灰燼以外)+シロネン(灰燼4、2色以上)+万葉(翠緑4),53121,53121,1.00:2.02,,0.23:1.14,1.6
波乗りの旋回(完凸、フル),ファントム4,HP%+HP%+HP%,シトラリ(灰燼4)+シロネン(灰燼4、2色以上)+万葉(翠緑4),52850,52850,0.83:1.65,,0.42:0.77,1.6
古祠の瓏(完凸),ファントム4,HP%+HP%+HP%,シトラリ(灰燼4)+フリーナ(フル)+万葉(翠緑4),52569,52569,1.00:2.02,,0.23:1.14,1.6
古祠の瓏(完凸),ファントム4,HP%+水バフ+HP%,シトラリ(灰燼4)+鍾離+万葉(翠緑4),52565,52565,1.00:2.02,,0.23:1.14,1.6
四風原典(4重),ファントム4,HP%+HP%+会心率,シトラリ(灰燼4)+シロネン(灰燼4、2色以上)+万葉(翠緑4),51910,51910,1.00:2.29,,0.10:1.41,1.6
四風原典(4重),ファントム4,HP%+HP%+会心ダメージ,シトラリ(灰燼4)+シロネン(灰燼4、2色以上)+万葉(翠緑4),51910,51910,1.00:2.29,,0.41:0.79,1.6
古祠の瓏(完凸),ファントム4,HP%+水バフ+HP%,シロネン(灰燼4、2色以上)+ベネット(西風、旧貴族)+万葉(翠緑4),51786,51786,1.00:2.02,,0.23:1.14,1.6
古祠の瓏(完凸),ファントム4,HP%+水バフ+HP%,シロネン(灰燼4、2色以上)+白朮(深林4)+万葉(翠緑4),51786,51786,1.00:2.02,,0.23:1.14,1.6
古祠の瓏(完凸),ファントム4,HP%+水バフ+HP%,シロネン(灰燼4、2色以上)+白朮(深林以外)+万葉(翠緑4),51786,51786,1.00:2.02,,0.23:1.14,1.6
古祠の瓏(完凸),ファントム4,HP%+水バフ+会心率,シトラリ(灰燼4)+シロネン(灰燼以外、2色以上)+万葉(翠緑4),51536,51536,1.00:2.33,,0.08:1.45,1.6
古祠の瓏(完凸),ファントム4,HP%+水バフ+会心ダメージ,シトラリ(灰燼4)+シロネン(灰燼以外、2色以上)+万葉(翠緑4),51536,51536,1.00:2.33,,0.39:0.83,1.6
古祠の瓏(完凸),ファントム4,HP%+水バフ+会心率,シトラリ(灰燼以外)+シロネン(灰燼4、2色以上)+万葉(翠緑4),51536,51536,1.00:2.33,,0.08:1.45,1.6
古祠の瓏(完凸),ファントム4,HP%+水バフ+会心ダメージ,シトラリ(灰燼以外)+シロネン(灰燼4、2色以上)+万葉(翠緑4),51536,51536,1.00:2.33,,0.39:0.83,1.6
古祠の瓏(完凸),ファントム4,HP%+HP%+会心率,シトラリ(灰燼4)+シロネン(灰燼4、2色以上)+万葉(翠緑以外),51491,51491,1.00:2.33,,0.08:1.45,1.6
古祠の瓏(完凸),ファントム4,HP%+HP%+会心ダメージ,シトラリ(灰燼4)+シロネン(灰燼4、2色以上)+万葉(翠緑以外),51491,51491,1.00:2.33,,0.39:0.83,1.6
古祠の瓏(完凸),ファントム4,HP%+HP%+会心率,シトラリ(灰燼4)+シロネン(灰燼4、2色以上)+フリーナ(フル),51410,51410,1.00:2.33,,0.08:1.45,1.6
古祠の瓏(完凸),ファントム4,HP%+HP%+会心ダメージ,シトラリ(灰燼4)+シロネン(灰燼4、2色以上)+フリーナ(フル),51410,51410,1.00:2.33,,0.39:0.83,1.6
流浪完凸(期待値),ファントム4,HP%+HP%+HP%,シトラリ(灰燼4)+シロネン(灰燼4、2色以上)+万葉(翠緑4),51301,51301,0.96:1.93,,0.55:0.49,1.6
古祠の瓏(完凸),ファントム4,HP%+水バフ+会心率,シトラリ(灰燼4)+シロネン(灰燼4、2色以上)+万葉(翠緑以外),51106,51106,1.00:2.33,,0.08:1.45,1.6
古祠の瓏(完凸),ファントム4,HP%+水バフ+会心ダメージ,シトラリ(灰燼4)+シロネン(灰燼4、2色以上)+万葉(翠緑以外),51106,51106,1.00:2.33,,0.39:0.83,1.6
波乗りの旋回(完凸、フル),ファントム4,HP%+水バフ+会心率,シロネン(灰燼4、2色以上)+フリーナ(フル)+万葉(翠緑4),50866,50866,0.98:1.96,,0.26:1.08,1.6
波乗りの旋回(完凸、フル),ファントム4,HP%+水バフ+会心ダメージ,シロネン(灰燼4、2色以上)+フリーナ(フル)+万葉(翠緑4),50866,50866,0.98:1.96,,0.57:0.46,1.6
波乗りの旋回(完凸、フル),ファントム4,HP%+HP%+会心率,シロネン(灰燼4、2色以上)+フリーナ(フル)+万葉(翠緑4),50815,50815,0.98:1.96,,0.26:1.08,1.6
波乗りの旋回(完凸、フル),ファントム4,HP%+HP%+会心ダメージ,シロネン(灰燼4、2色以上)+フリーナ(フル)+万葉(翠緑4),50815,50815,0.98:1.96,,0.57:0.46,1.6
古祠の瓏(完凸),ファントム4,HP%+水バフ+会心率,シトラリ(灰燼4)+シロネン(灰燼4、2色以上)+フリーナ(フル),50602,50602,1.00:2.33,,0.08:1.45,1.6
古祠の瓏(完凸),ファントム4,HP%+水バフ+会心ダメージ,シトラリ(灰燼4)+シロネン(灰燼4、2色以上)+フリーナ(フル),50602,50602,1.00:2.33,,0.39:0.83,1.6
古祠の瓏(完凸),ファントム4,HP%+HP%+会心率,シトラリ(灰燼4)+フリーナ(フル)+万葉(翠緑4),50505,50505,1.00:2.33,,0.08:1.45,1.6
古祠の瓏(完凸),ファントム4,HP%+HP%+会心ダメージ,シトラリ(灰燼4)+フリーナ(フル)+万葉(翠緑4),50505,50505,1.00:2.33,,0.39:0.83,1.6
古祠の瓏(完凸),ファントム4,HP%+HP%+会心率,シトラリ(灰燼4)+シロネン(灰燼以外、2色以上)+万葉(翠緑4),50474,50474,1.00:2.33,,0.08:1.45,1.6
古祠の瓏(完凸),ファントム4,HP%+HP%+会心ダメージ,シトラリ(灰燼4)+シロネン(灰燼以外、2色以上)+万葉(翠緑4),50474,50474,1.00:2.33,,0.39:0.83,1.6
古祠の瓏(完凸),ファントム4,HP%+HP%+会心率,シトラリ(灰燼以外)+シロネン(灰燼4、2色以上)+万葉(翠緑4),50474,50474,1.00:2.33,,0.08:1.45,1.6
古祠の瓏(完凸),ファントム4,HP%+HP%+会心ダメージ,シトラリ(灰燼以外)+シロネン(灰燼4、2色以上)+万葉(翠緑4),50474,50474,1.00:2.33,,0.39:0.83,1.6
古祠の瓏(完凸),ファントム4,HP%+元素熟知+会心率,シトラリ(灰燼4)+シロネン(灰燼4、2色以上)+万葉(翠緑4),50235,50235,1.00:2.33,,0.08:1.45,1.6
古祠の瓏(完凸),ファントム4,HP%+元素熟知+会心ダメージ,シトラリ(灰燼4)+シロネン(灰燼4、2色以上)+万葉(翠緑4),50235,50235,1.00:2.33,,0.39:0.83,1.6
四風原典(4重),ファントム4,HP%+HP%+HP%,シロネン(灰燼4、2色以上)+フリーナ(フル)+万葉(翠緑4),50194,50194,0.99:1.98,,0.25:1.10,1.6
古祠の瓏(完凸),ファントム4,HP%+HP%+HP%,シトラリ(灰燼4)+鍾離+万葉(翠緑4),50149,50149,1.00:2.02,,0.23:1.14,1.6
古祠の瓏(完凸),ファントム4,HP%+水バフ+会心率,シトラリ(灰燼4)+フリーナ(フル)+万葉(翠緑4),49941,49941,1.00:2.33,,0.08:1.45,1.6
古祠の瓏(完凸),ファントム4,HP%+水バフ+会心ダメージ,シトラリ(灰燼4)+フリーナ(フル)+万葉(翠緑4),49941,49941,1.00:2.33,,0.39:0.83,1.6
流浪完凸(期待値),ファントム4,HP%+水バフ+HP%,シトラリ(灰燼4)+シロネン(灰燼4、2色以上)+万葉(翠緑4),49835,49835,0.96:1.93,,0.55:0.49,1.6
古祠の瓏(完凸),ファントム4,HP%+水バフ+HP%,シロネン(灰燼以外、2色以上)+フリーナ(フル)+万葉(翠緑4),49829,49829,1.00:2.02,,0.23:1.14,1.6
波乗りの旋回(完凸、フル),ファントム4,HP%+水バフ+会心率,シトラリ(灰燼4)+シロネン(灰燼以外、2色以上)+万葉(翠緑4),49750,49750,0.98:1.96,,0.26:1.08,1.6
波乗りの旋回(完凸、フル),ファントム4,HP%+水バフ+会心ダメージ,シトラリ(灰燼4)+シロネン(灰燼以外、2色以上)+万葉(翠緑4),49750,49750,0.98:1.96,,0.57:0.46,1.6
波乗りの旋回(完凸、フル),ファントム4,HP%+水バフ+会心率,シトラリ(灰燼以外)+シロネン(灰燼4、2色以上)+万葉(翠緑4),49750,49750,0.98:1.96,,0.26:1.08,1.6
波乗りの旋回(完凸、フル),ファントム4,HP%+水バフ+会心ダメージ,シトラリ(灰燼以外)+シロネン(灰燼4、2色以上)+万葉(翠緑4),49750,49750,0.98:1.96,,0.57:0.46,1.6
古祠の瓏(完凸),ファントム4,HP%+水バフ+HP%,シトラリ(灰燼4)+シロネン(灰燼4、2色以上)+ベネット(西風、旧貴族),49723,49723,1.00:2.02,,0.23:1.14,1.6
古祠の瓏(完凸),ファントム4,HP%+水バフ+HP%,シトラリ(灰燼4)+シロネン(灰燼4、2色以上)+白朮(深林4),49723,49723,1.00:2.02,,0.23:1.14,1.6
古祠の瓏(完凸),ファントム4,HP%+水バフ+HP%,シトラリ(灰燼4)+シロネン(灰燼4、2色以上)+白朮(深林以外),49723,49723,1.00:2.02,,0.23:1.14,1.6
古祠の瓏(完凸),ファントム4,HP%+HP%+HP%,シロネン(灰燼4、2色以上)+ベネット(西風、旧貴族)+万葉(翠緑4),49406,49406,1.00:2.02,,0.23:1.14,1.6
古祠の瓏(完凸),ファントム4,HP%+HP%+HP%,シロネン(灰燼4、2色以上)+白朮(深林4)+万葉(翠緑4),49406,49406,1.00:2.02,,0.23:1.14,1.6
古祠の瓏(完凸),ファントム4,HP%+HP%+HP%,シロネン(灰燼4、2色以上)+白朮(深林以外)+万葉(翠緑4),49406,49406,1.00:2.02,,0.23:1.14,1.6
波乗りの旋回(完凸、フル),ファントム4,HP%+水バフ+会心率,シトラリ(灰燼4)+シロネン(灰燼4、2色以上)+万葉(翠緑以外),49335,49335,0.98:1.96,,0.26:1.08,1.6
波乗りの旋回(完凸、フル),ファントム4,HP%+水バフ+会心ダメージ,シトラリ(灰燼4)+シロネン(灰燼4、2色以上)+万葉(翠緑以外),49335,49335,0.98:1.96,,0.57:0.46,1.6
波乗りの旋回(完凸、フル),ファントム4,HP%+HP%+会心率,シトラリ(灰燼4)+シロネン(灰燼4、2色以上)+万葉(翠緑以外),48989,48989,0.98:1.96,,0.26:1.08,1.6
波乗りの旋回(完凸、フル),ファントム4,HP%+HP%+会心ダメージ,シトラリ(灰燼4)+シロネン(灰燼4、2色以上)+万葉(翠緑以外),48989,48989,0.98:1.96,,0.57:0.46,1.6
古祠の瓏(完凸),ファントム4,HP%+HP%+元素熟知,シロネン(灰燼4、2色以上)+フリーナ(フル)+万葉(翠緑4),48720,48720,1.00:2.02,,0.23:1.14,1.6
古祠の瓏(完凸),ファントム4,HP%+水バフ+HP%,シトラリ(灰燼4)+ベネット(西風、旧貴族)+万葉(翠緑4),48671,48671,1.00:2.02,,0.23:1.14,1.6
古祠の瓏(完凸),ファントム4,HP%+水バフ+HP%,シトラリ(灰燼4)+白朮(深林4)+万葉(翠緑4),48671,48671,1.00:2.02,,0.23:1.14,1.6
古祠の瓏(完凸),ファントム4,HP%+水バフ+HP%,シトラリ(灰燼4)+白朮(深林以外)+万葉(翠緑4),48671,48671,1.00:2.02,,0.23:1.14,1.6
古祠の瓏(完凸),ファントム4,HP%+水バフ+会心率,シトラリ(灰燼4)+鍾離+万葉(翠緑4),48652,48652,1.00:2.33,,0.08:1.45,1.6
古祠の瓏(完凸),ファントム4,HP%+水バフ+会心ダメージ,シトラリ(灰燼4)+鍾離+万葉(翠緑4),48652,48652,1.00:2.33,,0.39:0.83,1.6
波乗りの旋回(完凸、フル),ファントム4,HP%+HP%+会心率,シトラリ(灰燼4)+シロネン(灰燼4、2色以上)+フリーナ(フル),48615,48615,0.98:1.96,,0.26:1.08,1.6
波乗りの旋回(完凸、フル),ファントム4,HP%+HP%+会心ダメージ,シトラリ(灰燼4)+シロネン(灰燼4、2色以上)+フリーナ(フル),48615,48615,0.98:1.96,,0.57:0.46,1.6
四風原典(4重),ファントム4,HP%+HP%+HP%,シトラリ(灰燼4)+シロネン(灰燼以外、2色以上)+万葉(翠緑4),48533,48533,0.99:1.98,,0.25:1.10,1.6
四風原典(4重),ファントム4,HP%+HP%+HP%,シトラリ(灰燼以外)+シロネン(灰燼4、2色以上)+万葉(翠緑4),48533,48533,0.99:1.98,,0.25:1.10,1.6
四風原典(4重),ファントム4,HP%+HP%+HP%,シトラリ(灰燼4)+シロネン(灰燼4、2色以上)+万葉(翠緑以外),48506,48506,0.99:1.98,,0.25:1.10,1.6
波乗りの旋回(完凸、フル),ファントム4,HP%+元素熟知+会心率,シトラリ(灰燼4)+シロネン(灰燼4、2色以上)+万葉(翠緑4),48495,48495,0.98:1.96,,0.26:1.08,1.6
波乗りの旋回(完凸、フル),ファントム4,HP%+元素熟知+会心ダメージ,シトラリ(灰燼4)+シロネン(灰燼4、2色以上)+万葉(翠緑4),48495,48495,0.98:1.96,,0.57:0.46,1.6
金箔,ファントム4,HP%+HP%+会心率,シトラリ(灰燼4)+シロネン(灰燼4、2色以上)+万葉(翠緑4),48477,48477,0.98:1.96,,0.26:1.08,1.6
金箔,ファントム4,HP%+HP%+会心ダメージ,シトラリ(灰燼4)+シロネン(灰燼4、2色以上)+万葉(翠緑4),48477,48477,0.98:1.96,,0.57:0.46,1.6
四風原典(4重),ファントム4,HP%+水バフ+HP%,シロネン(灰燼4、2色以上)+フリーナ(フル)+万葉(翠緑4),48452,48452,0.99:1.98,,0.25:1.10,1.6
波乗りの旋回(完凸、フル),ファントム4,HP%+水バフ+会心率,シトラリ(灰燼4)+シロネン(灰燼4、2色以上)+フリーナ(フル),48439,48439,0.98:1.96,,0.26:1.08,1.6
波乗りの旋回(完凸、フル),ファントム4,HP%+水バフ+会心ダメージ,シトラリ(灰燼4)+シロネン(灰燼4、2色以上)+フリーナ(フル),48439,48439,0.98:1.96,,0.57:0.46,1.6
古祠の瓏(完凸),ファントム4,HP%+HP%+HP%,シロネン(灰燼以外、2色以上)+フリーナ(フル)+万葉(翠緑4),48219,48219,1.00:2.02,,0.23:1.14,1.6
流浪完凸(期待値),ファントム4,HP%+HP%+会心率,シトラリ(灰燼4)+シロネン(灰燼4、2色以上)+万葉(翠緑4),48190,48190,1.00:2.24,,0.40:0.80,1.6
流浪完凸(期待値),ファントム4,HP%+HP%+会心ダメージ,シトラリ(灰燼4)+シロネン(灰燼4、2色以上)+万葉(翠緑4),48190,48190,1.00:2.24,,0.71:0.18,1.6
古祠の瓏(完凸),ファントム4,HP%+水バフ+元素熟知,シロネン(灰燼4、2色以上)+フリーナ(フル)+万葉(翠緑4),48176,48176,1.00:2.02,,0.23:1.14,1.6
古祠の瓏(完凸),ファントム4,HP%+水バフ+HP%,シロネン(灰燼4、2色以上)+フリーナ(フル)+万葉(翠緑以外),48045,48045,1.00:2.02,,0.23:1.14,1.6
古祠の瓏(完凸),ファントム4,元素熟知+水バフ+会心率,シトラリ(灰燼4)+シロネン(灰燼4、2色以上)+万葉(翠緑4),48028,48028,1.00:2.33,,0.08:1.45,1.6
古祠の瓏(完凸),ファントム4,元素熟知+水バフ+会心ダメージ,シトラリ(灰燼4)+シロネン(灰燼4、2色以上)+万葉(翠緑4),48028,48028,1.00:2.33,,0.39:0.83,1.6
波乗りの旋回(完凸、フル),ファントム4,HP%+HP%+会心率,シトラリ(灰燼4)+シロネン(灰燼以外、2色以上)+万葉(翠緑4),48021,48021,0.98:1.96,,0.26:1.08,1.6
波乗りの旋回(完凸、フル),ファントム4,HP%+HP%+会心ダメージ,シトラリ(灰燼4)+シロネン(灰燼以外、2色以上)+万葉(翠緑4),48021,48021,0.98:1.96,,0.57:0.46,1.6
波乗りの旋回(完凸、フル),ファントム4,HP%+HP%+会心率,シトラリ(灰燼以外)+シロネン(灰燼4、2色以上)+万葉(翠緑4),48021,48021,0.98:1.96,,0.26:1.08,1.6
波乗りの旋回(完凸、フル),ファントム4,HP%+HP%+会心ダメージ,シトラリ(灰燼以外)+シロネン(灰燼4、2色以上)+万葉(翠緑4),48021,48021,0.98:1.96,,0.57:0.46,1.6
古祠の瓏(完凸),ファントム4,HP%+水バフ+会心率,シロネン(灰燼4、2色以上)+ベネット(西風、旧貴族)+万葉(翠緑4),47932,47932,1.00:2.33,,0.08:1.45,1.6
古祠の瓏(完凸),ファントム4,HP%+水バフ+会心ダメージ,シロネン(灰燼4、2色以上)+ベネット(西風、旧貴族)+万葉(翠緑4),47932,47932,1.00:2.33,,0.39:0.83,1.6
古祠の瓏(完凸),ファントム4,HP%+水バフ+会心率,シロネン(灰燼4、2色以上)+白朮(深林4)+万葉(翠緑4),47932,47932,1.00:2.33,,0.08:1.45,1.6
古祠の瓏(完凸),ファントム4,HP%+水バフ+会心ダメージ,シロネン(灰燼4、2色以上)+白朮(深林4)+万葉(翠緑4),47932,47932,1.00:2.33,,0.39:0.83,1.6
古祠の瓏(完凸),ファントム4,HP%+水バフ+会心率,シロネン(灰燼4、2色以上)+白朮(深林以外)+万葉(翠緑4),47932,47932,1.00:2.33,,0.08:1.45,1.6
古祠の瓏(完凸),ファントム4,HP%+水バフ+会心ダメージ,シロネン(灰燼4、2色以上)+白朮(深林以外)+万葉(翠緑4),47932,47932,1.00:2.33,,0.39:0.83,1.6
古祠の瓏(完凸),ファントム4,HP%+水バフ+HP%,シトラリ(灰燼4)+シロネン(灰燼以外、2色以上)+万葉(翠緑以外),47892,47892,1.00:2.02,,0.23:1.14,1.6
古祠の瓏(完凸),ファントム4,HP%+水バフ+HP%,シトラリ(灰燼以外)+シロネン(灰燼4、2色以上)+万葉(翠緑以外),47892,47892,1.00:2.02,,0.23:1.14,1.6
四風原典(4重),ファントム4,HP%+水バフ+会心率,シトラリ(灰燼4)+シロネン(灰燼4、2色以上)+万葉(翠緑4),47882,47882,1.00:2.29,,0.10:1.41,1.6
四風原典(4重),ファントム4,HP%+水バフ+会心ダメージ,シトラリ(灰燼4)+シロネン(灰燼4、2色以上)+万葉(翠緑4),47882,47882,1.00:2.29,,0.41:0.79,1.6
四風原典(4重),ファントム4,HP%+HP%+HP%,シトラリ(灰燼4)+シロネン(灰燼4、2色以上)+フリーナ(フル),47861,47861,0.99:1.98,,0.25:1.10,1.6
四風原典(4重),ファントム4,HP%+水バフ+HP%,シトラリ(灰燼4)+シロネン(灰燼以外、2色以上)+万葉(翠緑4),47818,47818,0.99:1.98,,0.25:1.10,1.6
四風原典(4重),ファントム4,HP%+水バフ+HP%,シトラリ(灰燼以外)+シロネン(灰燼4、2色以上)+万葉(翠緑4),47818,47818,0.99:1.98,,0.25:1.10,1.6
古祠の瓏(完凸),ファントム4,HP%+HP%+HP%,シトラリ(灰燼4)+シロネン(灰燼4、2色以上)+ベネット(西風、旧貴族),47817,47817,1.00:2.02,,0.23:1.14,1.6
古祠の瓏(完凸),ファントム4,HP%+HP%+HP%,シトラリ(灰燼4)+シロネン(灰燼4、2色以上)+白朮(深林4),47817,47817,1.00:2.02,,0.23:1.14,1.6
古祠の瓏(完凸),ファントム4,HP%+HP%+HP%,シトラリ(灰燼4)+シロネン(灰燼4、2色以上)+白朮(深林以外),47817,47817,1.00:2.02,,0.23:1.14,1.6
波乗りの旋回(完凸、フル),ファントム4,HP%+水バフ+会心率,シトラリ(灰燼4)+フリーナ(フル)+万葉(翠緑4),47807,47807,0.98:1.96,,0.26:1.08,1.6
波乗りの旋回(完凸、フル),ファントム4,HP%+水バフ+会心ダメージ,シトラリ(灰燼4)+フリーナ(フル)+万葉(翠緑4),47807,47807,0.98:1.96,,0.57:0.46,1.6
波乗りの旋回(完凸、フル),ファントム4,HP%+HP%+会心率,シトラリ(灰燼4)+フリーナ(フル)+万葉(翠緑4),47758,47758,0.98:1.96,,0.26:1.08,1.6
波乗りの旋回(完凸、フル),ファントム4,HP%+HP%+会心ダメージ,シトラリ(灰燼4)+フリーナ(フル)+万葉(翠緑4),47758,47758,0.98:1.96,,0.57:0.46,1.6
波乗りの旋回(完凸、フル),ファントム4,HP%+水バフ+HP%,シロネン(灰燼4、2色以上)+フリーナ(フル)+万葉(翠緑4),47652,47652,0.83:1.65,,0.42:0.77,1.6
古祠の瓏(完凸),ファントム4,HP%+HP%+会心率,シトラリ(灰燼4)+鍾離+万葉(翠緑4),47650,47650,1.00:2.33,,0.08:1.45,1.6
古祠の瓏(完凸),ファントム4,HP%+HP%+会心ダメージ,シトラリ(灰燼4)+鍾離+万葉(翠緑4),47650,47650,1.00:2.33,,0.39:0.83,1.6
古祠の瓏(完凸),ファントム4,HP%+水バフ+HP%,シトラリ(灰燼4)+シロネン(灰燼以外、2色以上)+フリーナ(フル),47636,47636,1.00:2.02,,0.23:1.14,1.6
古祠の瓏(完凸),ファントム4,HP%+水バフ+HP%,シトラリ(灰燼以外)+シロネン(灰燼4、2色以上)+フリーナ(フル),47636,47636,1.00:2.02,,0.23:1.14,1.6
古祠の瓏(完凸),ファントム4,HP%+HP%+HP%,シロネン(灰燼4、2色以上)+フリーナ(フル)+万葉(翠緑以外),47522,47522,1.00:2.02,,0.23:1.14,1.6
波乗りの旋回(完凸、フル),ファントム4,元素熟知+水バフ+会心率,シトラリ(灰燼4)+シロネン(灰燼4、2色以上)+万葉(翠緑4),47351,47351,0.98:1.96,,0.26:1.08,1.6
波乗りの旋回(完凸、フル),ファントム4,元素熟知+水バフ+会心ダメージ,シトラリ(灰燼4)+シロネン(灰燼4、2色以上)+万葉(翠緑4),47351,47351,0.98:1.96,,0.57:0.46,1.6
金箔,ファントム4,HP%+水バフ+会心率,シトラリ(灰燼4)+シロネン(灰燼4、2色以上)+万葉(翠緑4),47330,47330,0.98:1.96,,0.26:1.08,1.6
金箔,ファントム4,HP%+水バフ+会心ダメージ,シトラリ(灰燼4)+シロネン(灰燼4、2色以上)+万葉(翠緑4),47330,47330,0.98:1.96,,0.57:0.46,1.6
波乗りの旋回(完凸、フル),ファントム4,HP%+水バフ+HP%,シトラリ(灰燼4)+シロネン(灰燼以外、2色以上)+万葉(翠緑4),47206,47206,0.83:1.65,,0.42:0.77,1.6
波乗りの旋回(完凸、フル),ファントム4,HP%+水バフ+HP%,シトラリ(灰燼以外)+シロネン(灰燼4、2色以上)+万葉(翠緑4),47206,47206,0.83:1.65,,0.42:0.77,1.6
四風原典(4重),ファントム4,HP%+HP%+HP%,シトラリ(灰燼4)+フリーナ(フル)+万葉(翠緑4),47175,47175,0.99:1.98,,0.25:1.10,1.6
古祠の瓏(完凸),ファントム4,HP%+水バフ+HP%,シトラリ(灰燼以外)+シロネン(灰燼以外、2色以上)+万葉(翠緑4),47166,47166,1.00:2.02,,0.23:1.14,1.6
四風原典(4重),ファントム4,HP%+HP%+会心率,シロネン(灰燼4、2色以上)+フリーナ(フル)+万葉(翠緑4),47005,47005,1.00:2.29,,0.10:1.41,1.6
四風原典(4重),ファントム4,HP%+HP%+会心ダメージ,シロネン(灰燼4、2色以上)+フリーナ(フル)+万葉(翠緑4),47005,47005,1.00:2.29,,0.41:0.79,1.6
波乗りの旋回(完凸、フル),ファントム4,HP%+水バフ+会心率,シトラリ(灰燼4)+鍾離+万葉(翠緑4),46967,46967,0.98:1.96,,0.26:1.08,1.6
波乗りの旋回(完凸、フル),ファントム4,HP%+水バフ+会心ダメージ,シトラリ(灰燼4)+鍾離+万葉(翠緑4),46967,46967,0.98:1.96,,0.57:0.46,1.6
古祠の瓏(完凸),ファントム4,HP%+HP%+会心率,シロネン(灰燼4、2色以上)+ベネット(西風、旧貴族)+万葉(翠緑4),46944,46944,1.00:2.33,,0.08:1.45,1.6
古祠の瓏(完凸),ファントム4,HP%+HP%+会心ダメージ,シロネン(灰燼4、2色以上)+ベネット(西風、旧貴族)+万葉(翠緑4),46944,46944,1.00:2.33,,0.39:0.83,1.6
古祠の瓏(完凸),ファントム4,HP%+HP%+会心率,シロネン(灰燼4、2色以上)+白朮(深林4)+万葉(翠緑4),46944,46944,1.00:2.33,,0.08:1.45,1.6
古祠の瓏(完凸),ファントム4,HP%+HP%+会心ダメージ,シロネン(灰燼4、2色以上)+白朮(深林4)+万葉(翠緑4),46944,46944,1.00:2.33,,0.39:0.83,1.6
古祠の瓏(完凸),ファントム4,HP%+HP%+会心率,シロネン(灰燼4、2色以上)+白朮(深林以外)+万葉(翠緑4),46944,46944,1.00:2.33,,0.08:1.45,1.6
古祠の瓏(完凸),ファントム4,HP%+HP%+会心ダメージ,シロネン(灰燼4、2色以上)+白朮(深林以外)+万葉(翠緑4),46944,46944,1.00:2.33,,0.39:0.83,1.6
古祠の瓏(完凸),ファントム4,HP%+水バフ+HP%,シトラリ(灰燼以外)+フリーナ(フル)+万葉(翠緑4),46831,46831,1.00:2.02,,0.23:1.14,1.6
古祠の瓏(完凸),ファントム4,HP%+水バフ+HP%,フリーナ(フル)+鍾離+万葉(翠緑4),46831,46831,1.00:2.02,,0.23:1.14,1.6
古祠の瓏(完凸),ファントム4,HP%+水バフ+会心率,シロネン(灰燼以外、2色以上)+フリーナ(フル)+万葉(翠緑4),46822,46822,1.00:2.33,,0.08:1.45,1.6
古祠の瓏(完凸),ファントム4,HP%+水バフ+会心ダメージ,シロネン(灰燼以外、2色以上)+フリーナ(フル)+万葉(翠緑4),46822,46822,1.00:2.33,,0.39:0.83,1.6
波乗りの旋回(完凸、フル),ファントム4,HP%+水バフ+HP%,シトラリ(灰燼4)+シロネン(灰燼4、2色以上)+万葉(翠緑以外),46813,46813,0.83:1.65,,0.42:0.77,1.6
四風原典(4重),ファントム4,HP%+HP%+元素熟知,シトラリ(灰燼4)+シロネン(灰燼4、2色以上)+万葉(翠緑4),46743,46743,0.99:1.98,,0.25:1.10,1.6
四風原典(4重),ファントム4,HP%+水バフ+HP%,シトラリ(灰燼4)+シロネン(灰燼4、2色以上)+万葉(翠緑以外),46734,46734,0.99:1.98,,0.25:1.10,1.6
古祠の瓏(完凸),ファントム4,HP%+水バフ+元素熟知,シトラリ(灰燼4)+シロネン(灰燼以外、2色以上)+万葉(翠緑4),46724,46724,1.00:2.02,,0.23:1.14,1.6
古祠の瓏(完凸),ファントム4,HP%+水バフ+元素熟知,シトラリ(灰燼以外)+シロネン(灰燼4、2色以上)+万葉(翠緑4),46724,46724,1.00:2.02,,0.23:1.14,1.6
波乗りの旋回(完凸、フル),ファントム4,HP%+HP%+HP%,シロネン(灰燼4、2色以上)+フリーナ(フル)+万葉(翠緑4),46703,46703,0.83:1.65,,0.42:0.77,1.6
古祠の瓏(完凸),ファントム4,HP%+HP%+元素熟知,シトラリ(灰燼4)+シロネン(灰燼4、2色以上)+万葉(翠緑以外),46684,46684,1.00:2.02,,0.23:1.14,1.6
古祠の瓏(完凸),ファントム4,HP%+HP%+元素熟知,シトラリ(灰燼4)+シロネン(灰燼4、2色以上)+フリーナ(フル),46610,46610,1.00:2.02,,0.23:1.14,1.6
古祠の瓏(完凸),ファントム4,HP%+HP%+HP%,シトラリ(灰燼4)+ベネット(西風、旧貴族)+万葉(翠緑4),46435,46435,1.00:2.02,,0.23:1.14,1.6
古祠の瓏(完凸),ファントム4,HP%+HP%+HP%,シトラリ(灰燼4)+白朮(深林4)+万葉(翠緑4),46435,46435,1.00:2.02,,0.23:1.14,1.6
古祠の瓏(完凸),ファントム4,HP%+HP%+HP%,シトラリ(灰燼4)+白朮(深林以外)+万葉(翠緑4),46435,46435,1.00:2.02,,0.23:1.14,1.6
古祠の瓏(完凸),ファントム4,HP%+HP%+HP%,シトラリ(灰燼4)+シロネン(灰燼以外、2色以上)+フリーナ(フル),46377,46377,1.00:2.02,,0.23:1.14,1.6
古祠の瓏(完凸),ファントム4,HP%+HP%+HP%,シトラリ(灰燼以外)+シロネン(灰燼4、2色以上)+フリーナ(フル),46377,46377,1.00:2.02,,0.23:1.14,1.6
波乗りの旋回(完凸、フル),ファントム4,HP%+水バフ+元素熟知,シトラリ(灰燼4)+シロネン(灰燼4、2色以上)+万葉(翠緑4),46340,46340,0.83:1.65,,0.42:0.77,1.6
古祠の瓏(完凸),ファントム4,HP%+水バフ+元素熟知,シトラリ(灰燼4)+シロネン(灰燼4、2色以上)+万葉(翠緑以外),46334,46334,1.00:2.02,,0.23:1.14,1.6
古祠の瓏(完凸),ファントム4,HP%+HP%+会心率,シロネン(灰燼以外、2色以上)+フリーナ(フル)+万葉(翠緑4),46325,46325,1.00:2.33,,0.08:1.45,1.6
古祠の瓏(完凸),ファントム4,HP%+HP%+会心ダメージ,シロネン(灰燼以外、2色以上)+フリーナ(フル)+万葉(翠緑4),46325,46325,1.00:2.33,,0.39:0.83,1.6
金箔,ファントム4,HP%+水バフ+HP%,シトラリ(灰燼4)+シロネン(灰燼4、2色以上)+万葉(翠緑4),46323,46323,0.83:1.65,,0.42:0.77,1.6
波乗りの旋回(完凸、フル),ファントム4,HP%+水バフ+会心率,シロネン(灰燼4、2色以上)+ベネット(西風、旧貴族)+万葉(翠緑4),46271,46271,0.98:1.96,,0.26:1.08,1.6
波乗りの旋回(完凸、フル),ファントム4,HP%+水バフ+会心ダメージ,シロネン(灰燼4、2色以上)+ベネット(西風、旧貴族)+万葉(翠緑4),46271,46271,0.98:1.96,,0.57:0.46,1.6
波乗りの旋回(完凸、フル),ファントム4,HP%+水バフ+会心率,シロネン(灰燼4、2色以上)+白朮(深林4)+万葉(翠緑4),46271,46271,0.98:1.96,,0.26:1.08,1.6
波乗りの旋回(完凸、フル),ファントム4,HP%+水バフ+会心ダメージ,シロネン(灰燼4、2色以上)+白朮(深林4)+万葉(翠緑4),46271,46271,0.98:1.96,,0.57:0.46,1.6
波乗りの旋回(完凸、フル),ファントム4,HP%+水バフ+会心率,シロネン(灰燼4、2色以上)+白朮(深林以外)+万葉(翠緑4),46271,46271,0.98:1.96,,0.26:1.08,1.6
波乗りの旋回(完凸、フル),ファントム4,HP%+水バフ+会心ダメージ,シロネン(灰燼4、2色以上)+白朮(深林以外)+万葉(翠緑4),46271,46271,0.98:1.96,,0.57:0.46,1.6
四風原典(4重),ファントム4,HP%+水バフ+HP%,シトラリ(灰燼4)+シロネン(灰燼4、2色以上)+フリーナ(フル),46025,46025,0.99:1.98,,0.25:1.10,1.6
古祠の瓏(完凸),ファントム4,HP%+水バフ+会心率,シトラリ(灰燼4)+シロネン(灰燼4、2色以上)+ベネット(西風、旧貴族),46022,46022,1.00:2.33,,0.08:1.45,1.6
古祠の瓏(完凸),ファントム4,HP%+水バフ+会心ダメージ,シトラリ(灰燼4)+シロネン(灰燼4、2色以上)+ベネット(西風、旧貴族),46022,46022,1.00:2.33,,0.39:0.83,1.6
古祠の瓏(完凸),ファントム4,HP%+水バフ+会心率,シトラリ(灰燼4)+シロネン(灰燼4、2色以上)+白朮(深林4),46022,46022,1.00:2.33,,0.08:1.45,1.6
古祠の瓏(完凸),ファントム4,HP%+水バフ+会心ダメージ,シトラリ(灰燼4)+シロネン(灰燼4、2色以上)+白朮(深林4),46022,46022,1.00:2.33,,0.39:0.83,1.6
古祠の瓏(完凸),ファントム4,HP%+水バフ+会心率,シトラリ(灰燼4)+シロネン(灰燼4、2色以上)+白朮(深林以外),46022,46022,1.00:2.33,,0.08:1.45,1.6
古祠の瓏(完凸),ファントム4,HP%+水バフ+会心ダメージ,シトラリ(灰燼4)+シロネン(灰燼4、2色以上)+白朮(深林以外),46022,46022,1.00:2.33,,0.39:0.83,1.6
波乗りの旋回(完凸、フル),ファントム4,HP%+HP%+元素熟知,シトラリ(灰燼4)+シロネン(灰燼4、2色以上)+万葉(翠緑4),46015,46015,0.83:1.65,,0.42:0.77,1.6
金箔,ファントム4,HP%+HP%+HP%,シトラリ(灰燼4)+シロネン(灰燼4、2色以上)+万葉(翠緑4),46001,46001,0.83:1.65,,0.42:0.77,1.6
古祠の瓏(完凸),ファントム4,HP%+水バフ+HP%,シロネン(灰燼4、2色以上)+鍾離+万葉(翠緑4),45994,45994,1.00:2.02,,0.23:1.14,1.6
流浪完凸(期待値),ファントム4,HP%+HP%+HP%,シロネン(灰燼4、2色以上)+フリーナ(フル)+万葉(翠緑4),45955,45955,0.96:1.93,,0.55:0.49,1.6
古祠の瓏(完凸),ファントム4,HP%+水バフ+元素熟知,シトラリ(灰燼4)+シロネン(灰燼4、2色以上)+フリーナ(フル),45877,45877,1.00:2.02,,0.23:1.14,1.6
四風原典(4重),ファントム4,HP%+HP%+HP%,シトラリ(灰燼4)+鍾離+万葉(翠緑4),45818,45818,0.99:1.98,,0.25:1.10,1.6
古祠の瓏(完凸),ファントム4,HP%+HP%+元素熟知,シトラリ(灰燼4)+フリーナ(フル)+万葉(翠緑4),45789,45789,1.00:2.02,,0.23:1.14,1.6
古祠の瓏(完凸),ファントム4,HP%+元素熟知+会心率,シロネン(灰燼4、2色以上)+フリーナ(フル)+万葉(翠緑4),45780,45780,1.00:2.33,,0.08:1.45,1.6
古祠の瓏(完凸),ファントム4,HP%+元素熟知+会心ダメージ,シロネン(灰燼4、2色以上)+フリーナ(フル)+万葉(翠緑4),45780,45780,1.00:2.33,,0.39:0.83,1.6
古祠の瓏(完凸),ファントム4,HP%+HP%+元素熟知,シトラリ(灰燼4)+シロネン(灰燼以外、2色以上)+万葉(翠緑4),45761,45761,1.00:2.02,,0.23:1.14,1.6
古祠の瓏(完凸),ファントム4,HP%+HP%+元素熟知,シトラリ(灰燼以外)+シロネン(灰燼4、2色以上)+万葉(翠緑4),45761,45761,1.00:2.02,,0.23:1.14,1.6
古祠の瓏(完凸),ファントム4,HP%+HP%+HP%,シトラリ(灰燼4)+シロネン(灰燼以外、2色以上)+万葉(翠緑以外),45692,45692,1.00:2.02,,0.23:1.14,1.6
古祠の瓏(完凸),ファントム4,HP%+HP%+HP%,シトラリ(灰燼以外)+シロネン(灰燼4、2色以上)+万葉(翠緑以外),45692,45692,1.00:2.02,,0.23:1.14,1.6
古祠の瓏(完凸),ファントム4,HP%+HP%+会心率,シロネン(灰燼4、2色以上)+フリーナ(フル)+万葉(翠緑以外),45656,45656,1.00:2.33,,0.08:1.45,1.6
古祠の瓏(完凸),ファントム4,HP%+HP%+会心ダメージ,シロネン(灰燼4、2色以上)+フリーナ(フル)+万葉(翠緑以外),45656,45656,1.00:2.33,,0.39:0.83,1.6
古祠の瓏(完凸),ファントム4,HP%+元素熟知+元素熟知,シトラリ(灰燼4)+シロネン(灰燼4、2色以上)+万葉(翠緑4),45545,45545,1.00:2.02,,0.23:1.14,1.6
四風原典(4重),ファントム4,HP%+水バフ+HP%,シトラリ(灰燼4)+フリーナ(フル)+万葉(翠緑4),45538,45538,0.99:1.98,,0.25:1.10,1.6
波乗りの旋回(完凸、フル),ファントム4,HP%+HP%+HP%,シトラリ(灰燼4)+シロネン(灰燼4、2色以上)+万葉(翠緑以外),45459,45459,0.83:1.65,,0.42:0.77,1.6
古祠の瓏(完凸),ファントム4,HP%+HP%+会心率,シトラリ(灰燼4)+シロネン(灰燼4、2色以上)+ベネット(西風、旧貴族),45434,45434,1.00:2.33,,0.08:1.45,1.6
古祠の瓏(完凸),ファントム4,HP%+HP%+会心ダメージ,シトラリ(灰燼4)+シロネン(灰燼4、2色以上)+ベネット(西風、旧貴族),45434,45434,1.00:2.33,,0.39:0.83,1.6
古祠の瓏(完凸),ファントム4,HP%+HP%+会心率,シトラリ(灰燼4)+シロネン(灰燼4、2色以上)+白朮(深林4),45434,45434,1.00:2.33,,0.08:1.45,1.6
古祠の瓏(完凸),ファントム4,HP%+HP%+会心ダメージ,シトラリ(灰燼4)+シロネン(灰燼4、2色以上)+白朮(深林4),45434,45434,1.00:2.33,,0.39:0.83,1.6
古祠の瓏(完凸),ファントム4,HP%+HP%+会心率,シトラリ(灰燼4)+シロネン(灰燼4、2色以上)+白朮(深林以外),45434,45434,1.00:2.33,,0.08:1.45,1.6
古祠の瓏(完凸),ファントム4,HP%+HP%+会心ダメージ,シトラリ(灰燼4)+シロネン(灰燼4、2色以上)+白朮(深林以外),45434,45434,1.00:2.33,,0.39:0.83,1.6
波乗りの旋回(完凸、フル),ファントム4,HP%+水バフ+HP%,シトラリ(灰燼4)+シロネン(灰燼4、2色以上)+フリーナ(フル),45378,45378,0.83:1.65,,0.42:0.77,1.6
波乗りの旋回(完凸、フル),ファントム4,HP%+HP%+会心率,シトラリ(灰燼4)+鍾離+万葉(翠緑4),45334,45334,0.98:1.96,,0.26:1.08,1.6
波乗りの旋回(完凸、フル),ファントム4,HP%+HP%+会心ダメージ,シトラリ(灰燼4)+鍾離+万葉(翠緑4),45334,45334,0.98:1.96,,0.57:0.46,1.6
古祠の瓏(完凸),ファントム4,HP%+HP%+HP%,シトラリ(灰燼以外)+フリーナ(フル)+万葉(翠緑4),45318,45318,1.00:2.02,,0.23:1.14,1.6
古祠の瓏(完凸),ファントム4,HP%+HP%+HP%,フリーナ(フル)+鍾離+万葉(翠緑4),45318,45318,1.00:2.02,,0.23:1.14,1.6
古祠の瓏(完凸),ファントム4,HP%+水バフ+元素熟知,シトラリ(灰燼4)+フリーナ(フル)+万葉(翠緑4),45278,45278,1.00:2.02,,0.23:1.14,1.6
古祠の瓏(完凸),ファントム4,HP%+水バフ+会心率,シロネン(灰燼4、2色以上)+フリーナ(フル)+万葉(翠緑以外),45146,45146,1.00:2.33,,0.08:1.45,1.6
古祠の瓏(完凸),ファントム4,HP%+水バフ+会心ダメージ,シロネン(灰燼4、2色以上)+フリーナ(フル)+万葉(翠緑以外),45146,45146,1.00:2.33,,0.39:0.83,1.6
四風原典(4重),ファントム4,HP%+水バフ+HP%,シトラリ(灰燼4)+鍾離+万葉(翠緑4),45143,45143,0.99:1.98,,0.25:1.10,1.6
四風原典(4重),ファントム4,HP%+HP%+HP%,シロネン(灰燼4、2色以上)+ベネット(西風、旧貴族)+万葉(翠緑4),45139,45139,0.99:1.98,,0.25:1.10,1.6
四風原典(4重),ファントム4,HP%+HP%+HP%,シロネン(灰燼4、2色以上)+白朮(深林4)+万葉(翠緑4),45139,45139,0.99:1.98,,0.25:1.10,1.6
四風原典(4重),ファントム4,HP%+HP%+HP%,シロネン(灰燼4、2色以上)+白朮(深林以外)+万葉(翠緑4),45139,45139,0.99:1.98,,0.25:1.10,1.6
古祠の瓏(完凸),ファントム4,HP%+水バフ+会心率,シトラリ(灰燼4)+ベネット(西風、旧貴族)+万葉(翠緑4),45049,45049,1.00:2.33,,0.08:1.45,1.6
古祠の瓏(完凸),ファントム4,HP%+水バフ+会心ダメージ,シトラリ(灰燼4)+ベネット(西風、旧貴族)+万葉(翠緑4),45049,45049,1.00:2.33,,0.39:0.83,1.6
古祠の瓏(完凸),ファントム4,HP%+水バフ+会心率,シトラリ(灰燼4)+白朮(深林4)+万葉(翠緑4),45049,45049,1.00:2.33,,0.08:1.45,1.6
古祠の瓏(完凸),ファントム4,HP%+水バフ+会心ダメージ,シトラリ(灰燼4)+白朮(深林4)+万葉(翠緑4),45049,45049,1.00:2.33,,0.39:0.83,1.6
古祠の瓏(完凸),ファントム4,HP%+水バフ+会心率,シトラリ(灰燼4)+白朮(深林以外)+万葉(翠緑4),45049,45049,1.00:2.33,,0.08:1.45,1.6
古祠の瓏(完凸),ファントム4,HP%+水バフ+会心ダメージ,シトラリ(灰燼4)+白朮(深林以外)+万葉(翠緑4),45049,45049,1.00:2.33,,0.39:0.83,1.6
四風原典(4重),ファントム4,HP%+HP%+会心率,シトラリ(灰燼4)+シロネン(灰燼4、2色以上)+フリーナ(フル),44821,44821,1.00:2.29,,0.10:1.41,1.6
四風原典(4重),ファントム4,HP%+HP%+会心ダメージ,シトラリ(灰燼4)+シロネン(灰燼4、2色以上)+フリーナ(フル),44821,44821,1.00:2.29,,0.41:0.79,1.6
波乗りの旋回(完凸、フル),ファントム4,HP%+水バフ+会心率,シロネン(灰燼以外、2色以上)+フリーナ(フル)+万葉(翠緑4),44821,44821,0.98:1.96,,0.26:1.08,1.6
波乗りの旋回(完凸、フル),ファントム4,HP%+水バフ+会心ダメージ,シロネン(灰燼以外、2色以上)+フリーナ(フル)+万葉(翠緑4),44821,44821,0.98:1.96,,0.57:0.46,1.6
流浪完凸(期待値),ファントム4,HP%+水バフ+会心率,シトラリ(灰燼4)+シロネン(灰燼4、2色以上)+万葉(翠緑4),44817,44817,1.00:2.24,,0.40:0.80,1.6
流浪完凸(期待値),ファントム4,HP%+水バフ+会心ダメージ,シトラリ(灰燼4)+シロネン(灰燼4、2色以上)+万葉(翠緑4),44817,44817,1.00:2.24,,0.71:0.18,1.6
波乗りの旋回(完凸、フル),ファントム4,HP%+水バフ+HP%,シトラリ(灰燼4)+フリーナ(フル)+万葉(翠緑4),44786,44786,0.83:1.65,,0.42:0.77,1.6
古祠の瓏(完凸),ファントム4,HP%+水バフ+HP%,シトラリ(灰燼4)+鍾離+万葉(翠緑以外),44777,44777,1.00:2.02,,0.23:1.14,1.6
古祠の瓏(完凸),ファントム4,HP%+水バフ+会心率,シトラリ(灰燼4)+シロネン(灰燼以外、2色以上)+フリーナ(フル),44762,44762,1.00:2.33,,0.08:1.45,1.6
古祠の瓏(完凸),ファントム4,HP%+水バフ+会心ダメージ,シトラリ(灰燼4)+シロネン(灰燼以外、2色以上)+フリーナ(フル),44762,44762,1.00:2.33,,0.39:0.83,1.6
古祠の瓏(完凸),ファントム4,HP%+水バフ+会心率,シトラリ(灰燼以外)+シロネン(灰燼4、2色以上)+フリーナ(フル),44762,44762,1.00:2.33,,0.08:1.45,1.6
古祠の瓏(完凸),ファントム4,HP%+水バフ+会心ダメージ,シトラリ(灰燼以外)+シロネン(灰燼4、2色以上)+フリーナ(フル),44762,44762,1.00:2.33,,0.39:0.83,1.6
波乗りの旋回(完凸、フル),ファントム4,HP%+HP%+HP%,シトラリ(灰燼4)+シロネン(灰燼4、2色以上)+フリーナ(フル),44681,44681,0.83:1.65,,0.42:0.77,1.6
四風原典(4重),ファントム4,HP%+HP%+会心率,シトラリ(灰燼4)+シロネン(灰燼以外、2色以上)+万葉(翠緑4),44675,44675,1.00:2.29,,0.10:1.41,1.6
四風原典(4重),ファントム4,HP%+HP%+会心ダメージ,シトラリ(灰燼4)+シロネン(灰燼以外、2色以上)+万葉(翠緑4),44675,44675,1.00:2.29,,0.41:0.79,1.6
四風原典(4重),ファントム4,HP%+HP%+会心率,シトラリ(灰燼以外)+シロネン(灰燼4、2色以上)+万葉(翠緑4),44675,44675,1.00:2.29,,0.10:1.41,1.6
四風原典(4重),ファントム4,HP%+HP%+会心ダメージ,シトラリ(灰燼以外)+シロネン(灰燼4、2色以上)+万葉(翠緑4),44675,44675,1.00:2.29,,0.41:0.79,1.6
波乗りの旋回(完凸、フル),ファントム4,HP%+HP%+会心率,シロネン(灰燼4、2色以上)+ベネット(西風、旧貴族)+万葉(翠緑4),44662,44662,0.98:1.96,,0.26:1.08,1.6
波乗りの旋回(完凸、フル),ファントム4,HP%+HP%+会心ダメージ,シロネン(灰燼4、2色以上)+ベネット(西風、旧貴族)+万葉(翠緑4),44662,44662,0.98:1.96,,0.57:0.46,1.6
波乗りの旋回(完凸、フル),ファントム4,HP%+HP%+会心率,シロネン(灰燼4、2色以上)+白朮(深林4)+万葉(翠緑4),44662,44662,0.98:1.96,,0.26:1.08,1.6
波乗りの旋回(完凸、フル),ファントム4,HP%+HP%+会心ダメージ,シロネン(灰燼4、2色以上)+白朮(深林4)+万葉(翠緑4),44662,44662,0.98:1.96,,0.57:0.46,1.6
波乗りの旋回(完凸、フル),ファントム4,HP%+HP%+会心率,シロネン(灰燼4、2色以上)+白朮(深林以外)+万葉(翠緑4),44662,44662,0.98:1.96,,0.26:1.08,1.6
波乗りの旋回(完凸、フル),ファントム4,HP%+HP%+会心ダメージ,シロネン(灰燼4、2色以上)+白朮(深林以外)+万葉(翠緑4),44662,44662,0.98:1.96,,0.57:0.46,1.6
流浪完凸(期待値),ファントム4,HP%+水バフ+HP%,シロネン(灰燼4、2色以上)+フリーナ(フル)+万葉(翠緑4),44654,44654,0.96:1.93,,0.55:0.49,1.6
四風原典(4重),ファントム4,HP%+HP%+会心率,シトラリ(灰燼4)+シロネン(灰燼4、2色以上)+万葉(翠緑以外),44650,44650,1.00:2.29,,0.10:1.41,1.6
四風原典(4重),ファントム4,HP%+HP%+会心ダメージ,シトラリ(灰燼4)+シロネン(灰燼4、2色以上)+万葉(翠緑以外),44650,44650,1.00:2.29,,0.41:0.79,1.6
古祠の瓏(完凸),ファントム4,HP%+水バフ+HP%,シトラリ(灰燼4)+フリーナ(フル)+万葉(翠緑以外),44644,44644,1.00:2.02,,0.23:1.14,1.6
波乗りの旋回(完凸、フル),ファントム4,HP%+水バフ+HP%,シトラリ(灰燼4)+鍾離+万葉(翠緑4),44565,44565,0.83:1.65,,0.42:0.77,1.6
波乗りの旋回(完凸、フル),ファントム4,HP%+HP%+HP%,シトラリ(灰燼4)+シロネン(灰燼以外、2色以上)+万葉(翠緑4),44560,44560,0.83:1.65,,0.42:0.77,1.6
波乗りの旋回(完凸、フル),ファントム4,HP%+HP%+HP%,シトラリ(灰燼以外)+シロネン(灰燼4、2色以上)+万葉(翠緑4),44560,44560,0.83:1.65,,0.42:0.77,1.6
古祠の瓏(完凸),ファントム4,HP%+HP%+会心率,シトラリ(灰燼4)+シロネン(灰燼以外、2色以上)+フリーナ(フル),44556,44556,1.00:2.33,,0.08:1.45,1.6
古祠の瓏(完凸),ファントム4,HP%+HP%+会心ダメージ,シトラリ(灰燼4)+シロネン(灰燼以外、2色以上)+フリーナ(フル),44556,44556,1.00:2.33,,0.39:0.83,1.6
古祠の瓏(完凸),ファントム4,HP%+HP%+会心率,シトラリ(灰燼以外)+シロネン(灰燼4、2色以上)+フリーナ(フル),44556,44556,1.00:2.33,,0.08:1.45,1.6
古祠の瓏(完凸),ファントム4,HP%+HP%+会心ダメージ,シトラリ(灰燼以外)+シロネン(灰燼4、2色以上)+フリーナ(フル),44556,44556,1.00:2.33,,0.39:0.83,1.6
古祠の瓏(完凸),ファントム4,HP%+水バフ+HP%,シトラリ(灰燼4)+フリーナ(フル)+鍾離,44537,44537,1.00:2.02,,0.23:1.14,1.6
古祠の瓏(完凸),ファントム4,HP%+水バフ+HP%,シトラリ(灰燼以外)+鍾離+万葉(翠緑4),44527,44527,1.00:2.02,,0.23:1.14,1.6
四風原典(4重),ファントム4,HP%+水バフ+HP%,シロネン(灰燼4、2色以上)+ベネット(西風、旧貴族)+万葉(翠緑4),44474,44474,0.99:1.98,,0.25:1.10,1.6
四風原典(4重),ファントム4,HP%+水バフ+HP%,シロネン(灰燼4、2色以上)+白朮(深林4)+万葉(翠緑4),44474,44474,0.99:1.98,,0.25:1.10,1.6
四風原典(4重),ファントム4,HP%+水バフ+HP%,シロネン(灰燼4、2色以上)+白朮(深林以外)+万葉(翠緑4),44474,44474,0.99:1.98,,0.25:1.10,1.6
波乗りの旋回(完凸、フル),ファントム4,HP%+水バフ+会心率,シトラリ(灰燼4)+シロネン(灰燼4、2色以上)+ベネット(西風、旧貴族),44428,44428,0.98:1.96,,0.26:1.08,1.6
波乗りの旋回(完凸、フル),ファントム4,HP%+水バフ+会心ダメージ,シトラリ(灰燼4)+シロネン(灰燼4、2色以上)+ベネット(西風、旧貴族),44428,44428,0.98:1.96,,0.57:0.46,1.6
波乗りの旋回(完凸、フル),ファントム4,HP%+水バフ+会心率,シトラリ(灰燼4)+シロネン(灰燼4、2色以上)+白朮(深林4),44428,44428,0.98:1.96,,0.26:1.08,1.6
波乗りの旋回(完凸、フル),ファントム4,HP%+水バフ+会心ダメージ,シトラリ(灰燼4)+シロネン(灰燼4、2色以上)+白朮(深林4),44428,44428,0.98:1.96,,0.57:0.46,1.6
波乗りの旋回(完凸、フル),ファントム4,HP%+水バフ+会心率,シトラリ(灰燼4)+シロネン(灰燼4、2色以上)+白朮(深林以外),44428,44428,0.98:1.96,,0.26:1.08,1.6
波乗りの旋回(完凸、フル),ファントム4,HP%+水バフ+会心ダメージ,シトラリ(灰燼4)+シロネン(灰燼4、2色以上)+白朮(深林以外),44428,44428,0.98:1.96,,0.57:0.46,1.6
古祠の瓏(完凸),ファントム4,HP%+HP%+HP%,シロネン(灰燼4、2色以上)+鍾離+万葉(翠緑4),44396,44396,1.00:2.02,,0.23:1.14,1.6
古祠の瓏(完凸),ファントム4,HP%+水バフ+会心率,シトラリ(灰燼4)+シロネン(灰燼以外、2色以上)+万葉(翠緑以外),44328,44328,1.00:2.33,,0.08:1.45,1.6
古祠の瓏(完凸),ファントム4,HP%+水バフ+会心ダメージ,シトラリ(灰燼4)+シロネン(灰燼以外、2色以上)+万葉(翠緑以外),44328,44328,1.00:2.33,,0.39:0.83,1.6
古祠の瓏(完凸),ファントム4,HP%+水バフ+会心率,シトラリ(灰燼以外)+シロネン(灰燼4、2色以上)+万葉(翠緑以外),44328,44328,1.00:2.33,,0.08:1.45,1.6
古祠の瓏(完凸),ファントム4,HP%+水バフ+会心ダメージ,シトラリ(灰燼以外)+シロネン(灰燼4、2色以上)+万葉(翠緑以外),44328,44328,1.00:2.33,,0.39:0.83,1.6
古祠の瓏(完凸),ファントム4,HP%+水バフ+HP%,シトラリ(灰燼4)+シロネン(灰燼4、2色以上)+鍾離,44324,44324,1.00:2.02,,0.23:1.14,1.6
四風原典(4重),ファントム4,HP%+HP%+会心率,シトラリ(灰燼4)+フリーナ(フル)+万葉(翠緑4),44178,44178,1.00:2.29,,0.10:1.41,1.6
四風原典(4重),ファントム4,HP%+HP%+会心ダメージ,シトラリ(灰燼4)+フリーナ(フル)+万葉(翠緑4),44178,44178,1.00:2.29,,0.41:0.79,1.6
古祠の瓏(完凸),ファントム4,HP%+HP%+HP%,シトラリ(灰燼4)+フリーナ(フル)+万葉(翠緑以外),44158,44158,1.00:2.02,,0.23:1.14,1.6
流浪完凸(期待値),ファントム4,HP%+HP%+HP%,シトラリ(灰燼4)+シロネン(灰燼4、2色以上)+万葉(翠緑以外),44126,44126,0.96:1.93,,0.55:0.49,1.6
古祠の瓏(完凸),ファントム4,HP%+HP%+会心率,シトラリ(灰燼4)+ベネット(西風、旧貴族)+万葉(翠緑4),44120,44120,1.00:2.33,,0.08:1.45,1.6
古祠の瓏(完凸),ファントム4,HP%+HP%+会心ダメージ,シトラリ(灰燼4)+ベネット(西風、旧貴族)+万葉(翠緑4),44120,44120,1.00:2.33,,0.39:0.83,1.6
古祠の瓏(完凸),ファントム4,HP%+HP%+会心率,シトラリ(灰燼4)+白朮(深林4)+万葉(翠緑4),44120,44120,1.00:2.33,,0.08:1.45,1.6
古祠の瓏(完凸),ファントム4,HP%+HP%+会心ダメージ,シトラリ(灰燼4)+白朮(深林4)+万葉(翠緑4),44120,44120,1.00:2.33,,0.39:0.83,1.6
古祠の瓏(完凸),ファントム4,HP%+HP%+会心率,シトラリ(灰燼4)+白朮(深林以外)+万葉(翠緑4),44120,44120,1.00:2.33,,0.08:1.45,1.6
古祠の瓏(完凸),ファントム4,HP%+HP%+会心ダメージ,シトラリ(灰燼4)+白朮(深林以外)+万葉(翠緑4),44120,44120,1.00:2.33,,0.39:0.83,1.6
古祠の瓏(完凸),ファントム4,HP%+水バフ+元素熟知,シトラリ(灰燼4)+鍾離+万葉(翠緑4),44110,44110,1.00:2.02,,0.23:1.14,1.6
古祠の瓏(完凸),ファントム4,HP%+水バフ+会心率,シトラリ(灰燼以外)+フリーナ(フル)+万葉(翠緑4),44006,44006,1.00:2.33,,0.08:1.45,1.6
古祠の瓏(完凸),ファントム4,HP%+水バフ+会心ダメージ,シトラリ(灰燼以外)+フリーナ(フル)+万葉(翠緑4),44006,44006,1.00:2.33,,0.39:0.83,1.6
古祠の瓏(完凸),ファントム4,HP%+水バフ+会心率,フリーナ(フル)+鍾離+万葉(翠緑4),44006,44006,1.00:2.33,,0.08:1.45,1.6
古祠の瓏(完凸),ファントム4,HP%+水バフ+会心ダメージ,フリーナ(フル)+鍾離+万葉(翠緑4),44006,44006,1.00:2.33,,0.39:0.83,1.6
古祠の瓏(完凸),ファントム4,HP%+水バフ+HP%,シロネン(灰燼4、2色以上)+ベネット(西風、旧貴族)+万葉(翠緑以外),43998,43998,1.00:2.02,,0.23:1.14,1.6
古祠の瓏(完凸),ファントム4,HP%+水バフ+HP%,シロネン(灰燼4、2色以上)+白朮(深林4)+万葉(翠緑以外),43998,43998,1.00:2.02,,0.23:1.14,1.6
古祠の瓏(完凸),ファントム4,HP%+水バフ+HP%,シロネン(灰燼4、2色以上)+白朮(深林以外)+万葉(翠緑以外),43998,43998,1.00:2.02,,0.23:1.14,1.6
古祠の瓏(完凸),ファントム4,HP%+水バフ+HP%,シロネン(灰燼4、2色以上)+フリーナ(フル)+鍾離,43970,43970,1.00:2.02,,0.23:1.14,1.6
四風原典(4重),ファントム4,HP%+HP%+HP%,シロネン(灰燼以外、2色以上)+フリーナ(フル)+万葉(翠緑4),43958,43958,0.99:1.98,,0.25:1.10,1.6
流浪完凸(期待値),ファントム4,HP%+HP%+会心率,シロネン(灰燼4、2色以上)+フリーナ(フル)+万葉(翠緑4),43917,43917,1.00:2.24,,0.40:0.80,1.6
流浪完凸(期待値),ファントム4,HP%+HP%+会心ダメージ,シロネン(灰燼4、2色以上)+フリーナ(フル)+万葉(翠緑4),43917,43917,1.00:2.24,,0.71:0.18,1.6
波乗りの旋回(完凸、フル),ファントム4,HP%+水バフ+HP%,シロネン(灰燼4、2色以上)+ベネット(西風、旧貴族)+万葉(翠緑4),43905,43905,0.83:1.65,,0.42:0.77,1.6
波乗りの旋回(完凸、フル),ファントム4,HP%+水バフ+HP%,シロネン(灰燼4、2色以上)+白朮(深林4)+万葉(翠緑4),43905,43905,0.83:1.65,,0.42:0.77,1.6
波乗りの旋回(完凸、フル),ファントム4,HP%+水バフ+HP%,シロネン(灰燼4、2色以上)+白朮(深林以外)+万葉(翠緑4),43905,43905,0.83:1.65,,0.42:0.77,1.6
古祠の瓏(完凸),ファントム4,元素熟知+水バフ+会心率,シロネン(灰燼4、2色以上)+フリーナ(フル)+万葉(翠緑4),43902,43902,1.00:2.33,,0.08:1.45,1.6
古祠の瓏(完凸),ファントム4,元素熟知+水バフ+会心ダメージ,シロネン(灰燼4、2色以上)+フリーナ(フル)+万葉(翠緑4),43902,43902,1.00:2.33,,0.39:0.83,1.6
波乗りの旋回(完凸、フル),ファントム4,HP%+HP%+HP%,シトラリ(灰燼4)+フリーナ(フル)+万葉(翠緑4),43894,43894,0.83:1.65,,0.42:0.77,1.6
流浪完凸(期待値),ファントム4,HP%+HP%+HP%,シトラリ(灰燼4)+シロネン(灰燼4、2色以上)+フリーナ(フル),43888,43888,0.96:1.93,,0.55:0.49,1.6
古祠の瓏(完凸),ファントム4,HP%+水バフ+HP%,シロネン(灰燼以外、2色以上)+ベネット(西風、旧貴族)+万葉(翠緑4),43867,43867,1.00:2.02,,0.23:1.14,1.6
古祠の瓏(完凸),ファントム4,HP%+水バフ+HP%,シロネン(灰燼以外、2色以上)+白朮(深林4)+万葉(翠緑4),43867,43867,1.00:2.02,,0.23:1.14,1.6
古祠の瓏(完凸),ファントム4,HP%+水バフ+HP%,シロネン(灰燼以外、2色以上)+白朮(深林以外)+万葉(翠緑4),43867,43867,1.00:2.02,,0.23:1.14,1.6
波乗りの旋回(完凸、フル),ファントム4,HP%+元素熟知+会心率,シロネン(灰燼4、2色以上)+フリーナ(フル)+万葉(翠緑4),43824,43824,0.98:1.96,,0.26:1.08,1.6
波乗りの旋回(完凸、フル),ファントム4,HP%+元素熟知+会心ダメージ,シロネン(灰燼4、2色以上)+フリーナ(フル)+万葉(翠緑4),43824,43824,0.98:1.96,,0.57:0.46,1.6
金箔,ファントム4,HP%+HP%+会心率,シロネン(灰燼4、2色以上)+フリーナ(フル)+万葉(翠緑4),43809,43809,0.98:1.96,,0.26:1.08,1.6
金箔,ファントム4,HP%+HP%+会心ダメージ,シロネン(灰燼4、2色以上)+フリーナ(フル)+万葉(翠緑4),43809,43809,0.98:1.96,,0.57:0.46,1.6
四風原典(4重),ファントム4,HP%+水バフ+会心率,シロネン(灰燼4、2色以上)+フリーナ(フル)+万葉(翠緑4),43807,43807,1.00:2.29,,0.10:1.41,1.6
四風原典(4重),ファントム4,HP%+水バフ+会心ダメージ,シロネン(灰燼4、2色以上)+フリーナ(フル)+万葉(翠緑4),43807,43807,1.00:2.29,,0.41:0.79,1.6
波乗りの旋回(完凸、フル),ファントム4,HP%+HP%+会心率,シロネン(灰燼以外、2色以上)+フリーナ(フル)+万葉(翠緑4),43806,43806,0.98:1.96,,0.26:1.08,1.6
波乗りの旋回(完凸、フル),ファントム4,HP%+HP%+会心ダメージ,シロネン(灰燼以外、2色以上)+フリーナ(フル)+万葉(翠緑4),43806,43806,0.98:1.96,,0.57:0.46,1.6
古祠の瓏(完凸),ファントム4,HP%+元素熟知+会心率,シトラリ(灰燼4)+シロネン(灰燼4、2色以上)+フリーナ(フル),43798,43798,1.00:2.33,,0.08:1.45,1.6
古祠の瓏(完凸),ファントム4,HP%+元素熟知+会心ダメージ,シトラリ(灰燼4)+シロネン(灰燼4、2色以上)+フリーナ(フル),43798,43798,1.00:2.33,,0.39:0.83,1.6
古祠の瓏(完凸),ファントム4,HP%+水バフ+HP%,シロネン(灰燼4、2色以上)+フリーナ(フル)+ベネット(西風、旧貴族),43763,43763,1.00:2.02,,0.23:1.14,1.6
古祠の瓏(完凸),ファントム4,HP%+水バフ+HP%,シロネン(灰燼4、2色以上)+フリーナ(フル)+白朮(深林4),43763,43763,1.00:2.02,,0.23:1.14,1.6
古祠の瓏(完凸),ファントム4,HP%+水バフ+HP%,シロネン(灰燼4、2色以上)+フリーナ(フル)+白朮(深林以外),43763,43763,1.00:2.02,,0.23:1.14,1.6
流浪完凸(期待値),ファントム4,HP%+HP%+HP%,シトラリ(灰燼4)+シロネン(灰燼以外、2色以上)+万葉(翠緑4),43729,43729,0.96:1.93,,0.55:0.49,1.6
流浪完凸(期待値),ファントム4,HP%+HP%+HP%,シトラリ(灰燼以外)+シロネン(灰燼4、2色以上)+万葉(翠緑4),43729,43729,0.96:1.93,,0.55:0.49,1.6
古祠の瓏(完凸),ファントム4,HP%+水バフ+会心率,シトラリ(灰燼以外)+シロネン(灰燼以外、2色以上)+万葉(翠緑4),43655,43655,1.00:2.33,,0.08:1.45,1.6
古祠の瓏(完凸),ファントム4,HP%+水バフ+会心ダメージ,シトラリ(灰燼以外)+シロネン(灰燼以外、2色以上)+万葉(翠緑4),43655,43655,1.00:2.33,,0.39:0.83,1.6
流浪完凸(期待値),ファントム4,HP%+水バフ+HP%,シトラリ(灰燼4)+シロネン(灰燼以外、2色以上)+万葉(翠緑4),43558,43558,0.96:1.93,,0.55:0.49,1.6
流浪完凸(期待値),ファントム4,HP%+水バフ+HP%,シトラリ(灰燼以外)+シロネン(灰燼4、2色以上)+万葉(翠緑4),43558,43558,0.96:1.93,,0.55:0.49,1.6
古祠の瓏(完凸),ファントム4,元素熟知+水バフ+元素熟知,シトラリ(灰燼4)+シロネン(灰燼4、2色以上)+万葉(翠緑4),43543,43543,1.00:2.02,,0.23:1.14,1.6
古祠の瓏(完凸),ファントム4,HP%+HP%+会心率,シトラリ(灰燼以外)+フリーナ(フル)+万葉(翠緑4),43538,43538,1.00:2.33,,0.08:1.45,1.6
古祠の瓏(完凸),ファントム4,HP%+HP%+会心ダメージ,シトラリ(灰燼以外)+フリーナ(フル)+万葉(翠緑4),43538,43538,1.00:2.33,,0.39:0.83,1.6
古祠の瓏(完凸),ファントム4,HP%+HP%+会心率,フリーナ(フル)+鍾離+万葉(翠緑4),43538,43538,1.00:2.33,,0.08:1.45,1.6
古祠の瓏(完凸),ファントム4,HP%+HP%+会心ダメージ,フリーナ(フル)+鍾離+万葉(翠緑4),43538,43538,1.00:2.33,,0.39:0.83,1.6
波乗りの旋回(完凸、フル),ファントム4,HP%+水バフ+会心率,シトラリ(灰燼4)+ベネット(西風、旧貴族)+万葉(翠緑4),43488,43488,0.98:1.96,,0.26:1.08,1.6
波乗りの旋回(完凸、フル),ファントム4,HP%+水バフ+会心ダメージ,シトラリ(灰燼4)+ベネット(西風、旧貴族)+万葉(翠緑4),43488,43488,0.98:1.96,,0.57:0.46,1.6
波乗りの旋回(完凸、フル),ファントム4,HP%+水バフ+会心率,シトラリ(灰燼4)+白朮(深林4)+万葉(翠緑4),43488,43488,0.98:1.96,,0.26:1.08,1.6
波乗りの旋回(完凸、フル),ファントム4,HP%+水バフ+会心ダメージ,シトラリ(灰燼4)+白朮(深林4)+万葉(翠緑4),43488,43488,0.98:1.96,,0.57:0.46,1.6
波乗りの旋回(完凸、フル),ファントム4,HP%+水バフ+会心率,シトラリ(灰燼4)+白朮(深林以外)+万葉(翠緑4),43488,43488,0.98:1.96,,0.26:1.08,1.6
波乗りの旋回(完凸、フル),ファントム4,HP%+水バフ+会心ダメージ,シトラリ(灰燼4)+白朮(深林以外)+万葉(翠緑4),43488,43488,0.98:1.96,,0.57:0.46,1.6
古祠の瓏(完凸),ファントム4,HP%+水バフ+元素熟知,シロネン(灰燼4、2色以上)+ベネット(西風、旧貴族)+万葉(翠緑4),43456,43456,1.00:2.02,,0.23:1.14,1.6
古祠の瓏(完凸),ファントム4,HP%+水バフ+元素熟知,シロネン(灰燼4、2色以上)+白朮(深林4)+万葉(翠緑4),43456,43456,1.00:2.02,,0.23:1.14,1.6
古祠の瓏(完凸),ファントム4,HP%+水バフ+元素熟知,シロネン(灰燼4、2色以上)+白朮(深林以外)+万葉(翠緑4),43456,43456,1.00:2.02,,0.23:1.14,1.6
四風原典(4重),ファントム4,HP%+HP%+HP%,シトラリ(灰燼4)+シロネン(灰燼4、2色以上)+ベネット(西風、旧貴族),43436,43436,0.99:1.98,,0.25:1.10,1.6
四風原典(4重),ファントム4,HP%+HP%+HP%,シトラリ(灰燼4)+シロネン(灰燼4、2色以上)+白朮(深林4),43436,43436,0.99:1.98,,0.25:1.10,1.6
四風原典(4重),ファントム4,HP%+HP%+HP%,シトラリ(灰燼4)+シロネン(灰燼4、2色以上)+白朮(深林以外),43436,43436,0.99:1.98,,0.25:1.10,1.6
古祠の瓏(完凸),ファントム4,HP%+HP%+会心率,シトラリ(灰燼4)+シロネン(灰燼以外、2色以上)+万葉(翠緑以外),43414,43414,1.00:2.33,,0.08:1.45,1.6
古祠の瓏(完凸),ファントム4,HP%+HP%+会心ダメージ,シトラリ(灰燼4)+シロネン(灰燼以外、2色以上)+万葉(翠緑以外),43414,43414,1.00:2.33,,0.39:0.83,1.6
古祠の瓏(完凸),ファントム4,HP%+HP%+会心率,シトラリ(灰燼以外)+シロネン(灰燼4、2色以上)+万葉(翠緑以外),43414,43414,1.00:2.33,,0.08:1.45,1.6
古祠の瓏(完凸),ファントム4,HP%+HP%+会心ダメージ,シトラリ(灰燼以外)+シロネン(灰燼4、2色以上)+万葉(翠緑以外),43414,43414,1.00:2.33,,0.39:0.83,1.6
古祠の瓏(完凸),ファントム4,HP%+HP%+HP%,シトラリ(灰燼4)+フリーナ(フル)+鍾離,43360,43360,1.00:2.02,,0.23:1.14,1.6
古祠の瓏(完凸),ファントム4,HP%+HP%+HP%,シトラリ(灰燼以外)+シロネン(灰燼以外、2色以上)+万葉(翠緑4),43238,43238,1.00:2.02,,0.23:1.14,1.6
波乗りの旋回(完凸、フル),ファントム4,HP%+HP%+会心率,シトラリ(灰燼4)+シロネン(灰燼4、2色以上)+ベネット(西風、旧貴族),43226,43226,0.98:1.96,,0.26:1.08,1.6
波乗りの旋回(完凸、フル),ファントム4,HP%+HP%+会心ダメージ,シトラリ(灰燼4)+シロネン(灰燼4、2色以上)+ベネット(西風、旧貴族),43226,43226,0.98:1.96,,0.57:0.46,1.6
波乗りの旋回(完凸、フル),ファントム4,HP%+HP%+会心率,シトラリ(灰燼4)+シロネン(灰燼4、2色以上)+白朮(深林4),43226,43226,0.98:1.96,,0.26:1.08,1.6
波乗りの旋回(完凸、フル),ファントム4,HP%+HP%+会心ダメージ,シトラリ(灰燼4)+シロネン(灰燼4、2色以上)+白朮(深林4),43226,43226,0.98:1.96,,0.57:0.46,1.6
波乗りの旋回(完凸、フル),ファントム4,HP%+HP%+会心率,シトラリ(灰燼4)+シロネン(灰燼4、2色以上)+白朮(深林以外),43226,43226,0.98:1.96,,0.26:1.08,1.6
波乗りの旋回(完凸、フル),ファントム4,HP%+HP%+会心ダメージ,シトラリ(灰燼4)+シロネン(灰燼4、2色以上)+白朮(深林以外),43226,43226,0.98:1.96,,0.57:0.46,1.6
波乗りの旋回(完凸、フル),ファントム4,HP%+水バフ+会心率,シロネン(灰燼4、2色以上)+フリーナ(フル)+万葉(翠緑以外),43217,43217,0.98:1.96,,0.26:1.08,1.6
波乗りの旋回(完凸、フル),ファントム4,HP%+水バフ+会心ダメージ,シロネン(灰燼4、2色以上)+フリーナ(フル)+万葉(翠緑以外),43217,43217,0.98:1.96,,0.57:0.46,1.6
古祠の瓏(完凸),ファントム4,HP%+元素熟知+会心率,シトラリ(灰燼4)+シロネン(灰燼4、2色以上)+万葉(翠緑以外),43209,43209,1.00:2.33,,0.08:1.45,1.6
古祠の瓏(完凸),ファントム4,HP%+元素熟知+会心ダメージ,シトラリ(灰燼4)+シロネン(灰燼4、2色以上)+万葉(翠緑以外),43209,43209,1.00:2.33,,0.39:0.83,1.6
古祠の瓏(完凸),ファントム4,HP%+HP%+元素熟知,シトラリ(灰燼4)+鍾離+万葉(翠緑4),43201,43201,1.00:2.02,,0.23:1.14,1.6
四風原典(4重),ファントム4,HP%+水バフ+HP%,シロネン(灰燼以外、2色以上)+フリーナ(フル)+万葉(翠緑4),43194,43194,0.99:1.98,,0.25:1.10,1.6
流浪完凸(期待値),ファントム4,HP%+HP%+HP%,シトラリ(灰燼4)+フリーナ(フル)+万葉(翠緑4),43190,43190,0.96:1.93,,0.55:0.49,1.6
波乗りの旋回(完凸、フル),ファントム4,HP%+HP%+会心率,シロネン(灰燼4、2色以上)+フリーナ(フル)+万葉(翠緑以外),43173,43173,0.98:1.96,,0.26:1.08,1.6
波乗りの旋回(完凸、フル),ファントム4,HP%+HP%+会心ダメージ,シロネン(灰燼4、2色以上)+フリーナ(フル)+万葉(翠緑以外),43173,43173,0.98:1.96,,0.57:0.46,1.6
古祠の瓏(完凸),ファントム4,HP%+HP%+HP%,シロネン(灰燼4、2色以上)+フリーナ(フル)+鍾離,43166,43166,1.00:2.02,,0.23:1.14,1.6
四風原典(4重),ファントム4,HP%+水バフ+元素熟知,シトラリ(灰燼4)+シロネン(灰燼4、2色以上)+万葉(翠緑4),43116,43116,0.99:1.98,,0.25:1.10,1.6
古祠の瓏(完凸),ファントム4,HP%+HP%+HP%,シトラリ(灰燼4)+シロネン(灰燼4、2色以上)+鍾離,43087,43087,1.00:2.02,,0.23:1.14,1.6
古祠の瓏(完凸),ファントム4,HP%+水バフ+HP%,フリーナ(フル)+ベネット(西風、旧貴族)+万葉(翠緑4),43085,43085,1.00:2.02,,0.23:1.14,1.6
古祠の瓏(完凸),ファントム4,HP%+水バフ+HP%,フリーナ(フル)+白朮(深林4)+万葉(翠緑4),43085,43085,1.00:2.02,,0.23:1.14,1.6
古祠の瓏(完凸),ファントム4,HP%+水バフ+HP%,フリーナ(フル)+白朮(深林以外)+万葉(翠緑4),43085,43085,1.00:2.02,,0.23:1.14,1.6
古祠の瓏(完凸),ファントム4,HP%+元素熟知+会心率,シトラリ(灰燼4)+フリーナ(フル)+万葉(翠緑4),43027,43027,1.00:2.33,,0.08:1.45,1.6
古祠の瓏(完凸),ファントム4,HP%+元素熟知+会心ダメージ,シトラリ(灰燼4)+フリーナ(フル)+万葉(翠緑4),43027,43027,1.00:2.33,,0.39:0.83,1.6
流浪完凸(期待値),ファントム4,HP%+水バフ+HP%,シトラリ(灰燼4)+シロネン(灰燼4、2色以上)+万葉(翠緑以外),42865,42865,0.96:1.93,,0.55:0.49,1.6
波乗りの旋回(完凸、フル),ファントム4,HP%+水バフ+会心率,シトラリ(灰燼4)+シロネン(灰燼以外、2色以上)+フリーナ(フル),42849,42849,0.98:1.96,,0.26:1.08,1.6
波乗りの旋回(完凸、フル),ファントム4,HP%+水バフ+会心ダメージ,シトラリ(灰燼4)+シロネン(灰燼以外、2色以上)+フリーナ(フル),42849,42849,0.98:1.96,,0.57:0.46,1.6
波乗りの旋回(完凸、フル),ファントム4,HP%+水バフ+会心率,シトラリ(灰燼以外)+シロネン(灰燼4、2色以上)+フリーナ(フル),42849,42849,0.98:1.96,,0.26:1.08,1.6
波乗りの旋回(完凸、フル),ファントム4,HP%+水バフ+会心ダメージ,シトラリ(灰燼以外)+シロネン(灰燼4、2色以上)+フリーナ(フル),42849,42849,0.98:1.96,,0.57:0.46,1.6
波乗りの旋回(完凸、フル),ファントム4,HP%+水バフ+会心率,シトラリ(灰燼4)+シロネン(灰燼以外、2色以上)+万葉(翠緑以外),42792,42792,0.98:1.96,,0.26:1.08,1.6
波乗りの旋回(完凸、フル),ファントム4,HP%+水バフ+会心ダメージ,シトラリ(灰燼4)+シロネン(灰燼以外、2色以上)+万葉(翠緑以外),42792,42792,0.98:1.96,,0.57:0.46,1.6
波乗りの旋回(完凸、フル),ファントム4,HP%+水バフ+会心率,シトラリ(灰燼以外)+シロネン(灰燼4、2色以上)+万葉(翠緑以外),42792,42792,0.98:1.96,,0.26:1.08,1.6
波乗りの旋回(完凸、フル),ファントム4,HP%+水バフ+会心ダメージ,シトラリ(灰燼以外)+シロネン(灰燼4、2色以上)+万葉(翠緑以外),42792,42792,0.98:1.96,,0.57:0.46,1.6
波乗りの旋回(完凸、フル),ファントム4,元素熟知+水バフ+会心率,シロネン(灰燼4、2色以上)+フリーナ(フル)+万葉(翠緑4),42752,42752,0.98:1.96,,0.26:1.08,1.6
波乗りの旋回(完凸、フル),ファントム4,元素熟知+水バフ+会心ダメージ,シロネン(灰燼4、2色以上)+フリーナ(フル)+万葉(翠緑4),42752,42752,0.98:1.96,,0.57:0.46,1.6
金箔,ファントム4,HP%+水バフ+会心率,シロネン(灰燼4、2色以上)+フリーナ(フル)+万葉(翠緑4),42735,42735,0.98:1.96,,0.26:1.08,1.6
金箔,ファントム4,HP%+水バフ+会心ダメージ,シロネン(灰燼4、2色以上)+フリーナ(フル)+万葉(翠緑4),42735,42735,0.98:1.96,,0.57:0.46,1.6
古祠の瓏(完凸),ファントム4,HP%+HP%+HP%,シトラリ(灰燼4)+鍾離+万葉(翠緑以外),42720,42720,1.00:2.02,,0.23:1.14,1.6
四風原典(4重),ファントム4,HP%+HP%+HP%,シロネン(灰燼4、2色以上)+フリーナ(フル)+万葉(翠緑以外),42646,42646,0.99:1.98,,0.25:1.10,1.6
古祠の瓏(完凸),ファントム4,HP%+HP%+HP%,シロネン(灰燼4、2色以上)+フリーナ(フル)+ベネット(西風、旧貴族),42606,42606,1.00:2.02,,0.23:1.14,1.6
古祠の瓏(完凸),ファントム4,HP%+HP%+HP%,シロネン(灰燼4、2色以上)+フリーナ(フル)+白朮(深林4),42606,42606,1.00:2.02,,0.23:1.14,1.6
古祠の瓏(完凸),ファントム4,HP%+HP%+HP%,シロネン(灰燼4、2色以上)+フリーナ(フル)+白朮(深林以外),42606,42606,1.00:2.02,,0.23:1.14,1.6
古祠の瓏(完凸),ファントム4,HP%+水バフ+会心率,シロネン(灰燼4、2色以上)+鍾離+万葉(翠緑4),42571,42571,1.00:2.33,,0.08:1.45,1.6
古祠の瓏(完凸),ファントム4,HP%+水バフ+会心ダメージ,シロネン(灰燼4、2色以上)+鍾離+万葉(翠緑4),42571,42571,1.00:2.33,,0.39:0.83,1.6
古祠の瓏(完凸),ファントム4,HP%+HP%+元素熟知,シロネン(灰燼4、2色以上)+ベネット(西風、旧貴族)+万葉(翠緑4),42561,42561,1.00:2.02,,0.23:1.14,1.6
古祠の瓏(完凸),ファントム4,HP%+HP%+元素熟知,シロネン(灰燼4、2色以上)+白朮(深林4)+万葉(翠緑4),42561,42561,1.00:2.02,,0.23:1.14,1.6
古祠の瓏(完凸),ファントム4,HP%+HP%+元素熟知,シロネン(灰燼4、2色以上)+白朮(深林以外)+万葉(翠緑4),42561,42561,1.00:2.02,,0.23:1.14,1.6
四風原典(4重),ファントム4,HP%+水バフ+HP%,シトラリ(灰燼4)+シロネン(灰燼4、2色以上)+ベネット(西風、旧貴族),42531,42531,0.99:1.98,,0.25:1.10,1.6
四風原典(4重),ファントム4,HP%+水バフ+HP%,シトラリ(灰燼4)+シロネン(灰燼4、2色以上)+白朮(深林4),42531,42531,0.99:1.98,,0.25:1.10,1.6
四風原典(4重),ファントム4,HP%+水バフ+HP%,シトラリ(灰燼4)+シロネン(灰燼4、2色以上)+白朮(深林以外),42531,42531,0.99:1.98,,0.25:1.10,1.6
流浪完凸(期待値),ファントム4,HP%+HP%+元素熟知,シトラリ(灰燼4)+シロネン(灰燼4、2色以上)+万葉(翠緑4),42523,42523,0.96:1.93,,0.55:0.49,1.6
流浪完凸(期待値),ファントム4,HP%+水バフ+HP%,シトラリ(灰燼4)+シロネン(灰燼4、2色以上)+フリーナ(フル),42467,42467,0.96:1.93,,0.55:0.49,1.6
古祠の瓏(完凸),ファントム4,HP%+水バフ+元素熟知,シロネン(灰燼以外、2色以上)+フリーナ(フル)+万葉(翠緑4),42451,42451,1.00:2.02,,0.23:1.14,1.6
古祠の瓏(完凸),ファントム4,HP%+HP%+会心率,シトラリ(灰燼4)+フリーナ(フル)+万葉(翠緑以外),42424,42424,1.00:2.33,,0.08:1.45,1.6
古祠の瓏(完凸),ファントム4,HP%+HP%+会心ダメージ,シトラリ(灰燼4)+フリーナ(フル)+万葉(翠緑以外),42424,42424,1.00:2.33,,0.39:0.83,1.6
四風原典(4重),ファントム4,HP%+HP%+HP%,シトラリ(灰燼4)+ベネット(西風、旧貴族)+万葉(翠緑4),42424,42424,0.99:1.98,,0.25:1.10,1.6
四風原典(4重),ファントム4,HP%+HP%+HP%,シトラリ(灰燼4)+白朮(深林4)+万葉(翠緑4),42424,42424,0.99:1.98,,0.25:1.10,1.6
四風原典(4重),ファントム4,HP%+HP%+HP%,シトラリ(灰燼4)+白朮(深林以外)+万葉(翠緑4),42424,42424,0.99:1.98,,0.25:1.10,1.6
古祠の瓏(完凸),ファントム4,HP%+水バフ+HP%,シトラリ(灰燼4)+シロネン(灰燼以外、2色以上)+ベネット(西風、旧貴族),42400,42400,1.00:2.02,,0.23:1.14,1.6
古祠の瓏(完凸),ファントム4,HP%+水バフ+HP%,シトラリ(灰燼4)+シロネン(灰燼以外、2色以上)+白朮(深林4),42400,42400,1.00:2.02,,0.23:1.14,1.6
古祠の瓏(完凸),ファントム4,HP%+水バフ+HP%,シトラリ(灰燼4)+シロネン(灰燼以外、2色以上)+白朮(深林以外),42400,42400,1.00:2.02,,0.23:1.14,1.6
古祠の瓏(完凸),ファントム4,HP%+水バフ+HP%,シトラリ(灰燼以外)+シロネン(灰燼4、2色以上)+ベネット(西風、旧貴族),42400,42400,1.00:2.02,,0.23:1.14,1.6
古祠の瓏(完凸),ファントム4,HP%+水バフ+HP%,シトラリ(灰燼以外)+シロネン(灰燼4、2色以上)+白朮(深林4),42400,42400,1.00:2.02,,0.23:1.14,1.6
古祠の瓏(完凸),ファントム4,HP%+水バフ+HP%,シトラリ(灰燼以外)+シロネン(灰燼4、2色以上)+白朮(深林以外),42400,42400,1.00:2.02,,0.23:1.14,1.6
古祠の瓏(完凸),ファントム4,HP%+元素熟知+会心率,シトラリ(灰燼4)+シロネン(灰燼以外、2色以上)+万葉(翠緑4),42355,42355,1.00:2.33,,0.08:1.45,1.6
古祠の瓏(完凸),ファントム4,HP%+元素熟知+会心ダメージ,シトラリ(灰燼4)+シロネン(灰燼以外、2色以上)+万葉(翠緑4),42355,42355,1.00:2.33,,0.39:0.83,1.6
古祠の瓏(完凸),ファントム4,HP%+元素熟知+会心率,シトラリ(灰燼以外)+シロネン(灰燼4、2色以上)+万葉(翠緑4),42355,42355,1.00:2.33,,0.08:1.45,1.6
古祠の瓏(完凸),ファントム4,HP%+元素熟知+会心ダメージ,シトラリ(灰燼以外)+シロネン(灰燼4、2色以上)+万葉(翠緑4),42355,42355,1.00:2.33,,0.39:0.83,1.6
古祠の瓏(完凸),ファントム4,HP%+水バフ+HP%,シロネン(灰燼以外、2色以上)+フリーナ(フル)+万葉(翠緑以外),42336,42336,1.00:2.02,,0.23:1.14,1.6
四風原典(4重),ファントム4,HP%+HP%+元素熟知,シロネン(灰燼4、2色以上)+フリーナ(フル)+万葉(翠緑4),42327,42327,0.99:1.98,,0.25:1.10,1.6
古祠の瓏(完凸),ファントム4,HP%+HP%+会心率,シロネン(灰燼4、2色以上)+鍾離+万葉(翠緑4),42183,42183,1.00:2.33,,0.08:1.45,1.6
古祠の瓏(完凸),ファントム4,HP%+HP%+会心ダメージ,シロネン(灰燼4、2色以上)+鍾離+万葉(翠緑4),42183,42183,1.00:2.33,,0.39:0.83,1.6
四風原典(4重),ファントム4,HP%+HP%+会心率,シトラリ(灰燼4)+鍾離+万葉(翠緑4),42176,42176,1.00:2.29,,0.10:1.41,1.6
四風原典(4重),ファントム4,HP%+HP%+会心ダメージ,シトラリ(灰燼4)+鍾離+万葉(翠緑4),42176,42176,1.00:2.29,,0.41:0.79,1.6
波乗りの旋回(完凸、フル),ファントム4,HP%+水バフ+HP%,シトラリ(灰燼4)+シロネン(灰燼4、2色以上)+ベネット(西風、旧貴族),42156,42156,0.83:1.65,,0.42:0.77,1.6
波乗りの旋回(完凸、フル),ファントム4,HP%+水バフ+HP%,シトラリ(灰燼4)+シロネン(灰燼4、2色以上)+白朮(深林4),42156,42156,0.83:1.65,,0.42:0.77,1.6
波乗りの旋回(完凸、フル),ファントム4,HP%+水バフ+HP%,シトラリ(灰燼4)+シロネン(灰燼4、2色以上)+白朮(深林以外),42156,42156,0.83:1.65,,0.42:0.77,1.6
波乗りの旋回(完凸、フル),ファントム4,HP%+水バフ+会心率,シトラリ(灰燼以外)+シロネン(灰燼以外、2色以上)+万葉(翠緑4),42143,42143,0.98:1.96,,0.26:1.08,1.6
波乗りの旋回(完凸、フル),ファントム4,HP%+水バフ+会心ダメージ,シトラリ(灰燼以外)+シロネン(灰燼以外、2色以上)+万葉(翠緑4),42143,42143,0.98:1.96,,0.57:0.46,1.6
四風原典(4重),ファントム4,HP%+水バフ+会心率,シトラリ(灰燼4)+シロネン(灰燼以外、2色以上)+万葉(翠緑4),42141,42141,1.00:2.29,,0.10:1.41,1.6
四風原典(4重),ファントム4,HP%+水バフ+会心ダメージ,シトラリ(灰燼4)+シロネン(灰燼以外、2色以上)+万葉(翠緑4),42141,42141,1.00:2.29,,0.41:0.79,1.6
四風原典(4重),ファントム4,HP%+水バフ+会心率,シトラリ(灰燼以外)+シロネン(灰燼4、2色以上)+万葉(翠緑4),42141,42141,1.00:2.29,,0.10:1.41,1.6
四風原典(4重),ファントム4,HP%+水バフ+会心ダメージ,シトラリ(灰燼以外)+シロネン(灰燼4、2色以上)+万葉(翠緑4),42141,42141,1.00:2.29,,0.41:0.79,1.6
波乗りの旋回(完凸、フル),ファントム4,HP%+HP%+会心率,シトラリ(灰燼4)+シロネン(灰燼以外、2色以上)+フリーナ(フル),42133,42133,0.98:1.96,,0.26:1.08,1.6
波乗りの旋回(完凸、フル),ファントム4,HP%+HP%+会心ダメージ,シトラリ(灰燼4)+シロネン(灰燼以外、2色以上)+フリーナ(フル),42133,42133,0.98:1.96,,0.57:0.46,1.6
波乗りの旋回(完凸、フル),ファントム4,HP%+HP%+会心率,シトラリ(灰燼以外)+シロネン(灰燼4、2色以上)+フリーナ(フル),42133,42133,0.98:1.96,,0.26:1.08,1.6
波乗りの旋回(完凸、フル),ファントム4,HP%+HP%+会心ダメージ,シトラリ(灰燼以外)+シロネン(灰燼4、2色以上)+フリーナ(フル),42133,42133,0.98:1.96,,0.57:0.46,1.6
波乗りの旋回(完凸、フル),ファントム4,HP%+水バフ+会心率,シトラリ(灰燼以外)+フリーナ(フル)+万葉(翠緑4),42125,42125,0.98:1.96,,0.26:1.08,1.6
波乗りの旋回(完凸、フル),ファントム4,HP%+水バフ+会心ダメージ,シトラリ(灰燼以外)+フリーナ(フル)+万葉(翠緑4),42125,42125,0.98:1.96,,0.57:0.46,1.6
波乗りの旋回(完凸、フル),ファントム4,HP%+水バフ+会心率,フリーナ(フル)+鍾離+万葉(翠緑4),42125,42125,0.98:1.96,,0.26:1.08,1.6
波乗りの旋回(完凸、フル),ファントム4,HP%+水バフ+会心ダメージ,フリーナ(フル)+鍾離+万葉(翠緑4),42125,42125,0.98:1.96,,0.57:0.46,1.6
四風原典(4重),ファントム4,HP%+HP%+HP%,シトラリ(灰燼4)+シロネン(灰燼以外、2色以上)+フリーナ(フル),42095,42095,0.99:1.98,,0.25:1.10,1.6
四風原典(4重),ファントム4,HP%+HP%+HP%,シトラリ(灰燼以外)+シロネン(灰燼4、2色以上)+フリーナ(フル),42095,42095,0.99:1.98,,0.25:1.10,1.6
波乗りの旋回(完凸、フル),ファントム4,HP%+HP%+HP%,シトラリ(灰燼4)+鍾離+万葉(翠緑4),42067,42067,0.83:1.65,,0.42:0.77,1.6
古祠の瓏(完凸),ファントム4,HP%+HP%+元素熟知,シロネン(灰燼以外、2色以上)+フリーナ(フル)+万葉(翠緑4),42000,42000,1.00:2.02,,0.23:1.14,1.6
波乗りの旋回(完凸、フル),ファントム4,HP%+水バフ+HP%,シロネン(灰燼以外、2色以上)+フリーナ(フル)+万葉(翠緑4),41989,41989,0.83:1.65,,0.42:0.77,1.6
古祠の瓏(完凸),ファントム4,HP%+HP%+HP%,シロネン(灰燼4、2色以上)+ベネット(西風、旧貴族)+万葉(翠緑以外),41977,41977,1.00:2.02,,0.23:1.14,1.6
古祠の瓏(完凸),ファントム4,HP%+HP%+HP%,シロネン(灰燼4、2色以上)+白朮(深林4)+万葉(翠緑以外),41977,41977,1.00:2.02,,0.23:1.14,1.6
古祠の瓏(完凸),ファントム4,HP%+HP%+HP%,シロネン(灰燼4、2色以上)+白朮(深林以外)+万葉(翠緑以外),41977,41977,1.00:2.02,,0.23:1.14,1.6
波乗りの旋回(完凸、フル),ファントム4,HP%+HP%+会心率,シトラリ(灰燼4)+ベネット(西風、旧貴族)+万葉(翠緑4),41976,41976,0.98:1.96,,0.26:1.08,1.6
波乗りの旋回(完凸、フル),ファントム4,HP%+HP%+会心ダメージ,シトラリ(灰燼4)+ベネット(西風、旧貴族)+万葉(翠緑4),41976,41976,0.98:1.96,,0.57:0.46,1.6
波乗りの旋回(完凸、フル),ファントム4,HP%+HP%+会心率,シトラリ(灰燼4)+白朮(深林4)+万葉(翠緑4),41976,41976,0.98:1.96,,0.26:1.08,1.6
波乗りの旋回(完凸、フル),ファントム4,HP%+HP%+会心ダメージ,シトラリ(灰燼4)+白朮(深林4)+万葉(翠緑4),41976,41976,0.98:1.96,,0.57:0.46,1.6
波乗りの旋回(完凸、フル),ファントム4,HP%+HP%+会心率,シトラリ(灰燼4)+白朮(深林以外)+万葉(翠緑4),41976,41976,0.98:1.96,,0.26:1.08,1.6
波乗りの旋回(完凸、フル),ファントム4,HP%+HP%+会心ダメージ,シトラリ(灰燼4)+白朮(深林以外)+万葉(翠緑4),41976,41976,0.98:1.96,,0.57:0.46,1.6
流浪完凸(期待値),ファントム4,HP%+水バフ+HP%,シトラリ(灰燼4)+フリーナ(フル)+万葉(翠緑4),41968,41968,0.96:1.93,,0.55:0.49,1.6
古祠の瓏(完凸),ファントム4,HP%+水バフ+会心率,シトラリ(灰燼4)+フリーナ(フル)+万葉(翠緑以外),41950,41950,1.00:2.33,,0.08:1.45,1.6
古祠の瓏(完凸),ファントム4,HP%+水バフ+会心ダメージ,シトラリ(灰燼4)+フリーナ(フル)+万葉(翠緑以外),41950,41950,1.00:2.33,,0.39:0.83,1.6
流浪完凸(期待値),ファントム4,HP%+HP%+会心率,シトラリ(灰燼4)+シロネン(灰燼4、2色以上)+フリーナ(フル),41942,41942,1.00:2.24,,0.40:0.80,1.6
流浪完凸(期待値),ファントム4,HP%+HP%+会心ダメージ,シトラリ(灰燼4)+シロネン(灰燼4、2色以上)+フリーナ(フル),41942,41942,1.00:2.24,,0.71:0.18,1.6
波乗りの旋回(完凸、フル),ファントム4,HP%+元素熟知+会心率,シトラリ(灰燼4)+シロネン(灰燼4、2色以上)+フリーナ(フル),41926,41926,0.98:1.96,,0.26:1.08,1.6
波乗りの旋回(完凸、フル),ファントム4,HP%+元素熟知+会心ダメージ,シトラリ(灰燼4)+シロネン(灰燼4、2色以上)+フリーナ(フル),41926,41926,0.98:1.96,,0.57:0.46,1.6
金箔,ファントム4,HP%+HP%+会心率,シトラリ(灰燼4)+シロネン(灰燼4、2色以上)+フリーナ(フル),41912,41912,0.98:1.96,,0.26:1.08,1.6
金箔,ファントム4,HP%+HP%+会心ダメージ,シトラリ(灰燼4)+シロネン(灰燼4、2色以上)+フリーナ(フル),41912,41912,0.98:1.96,,0.57:0.46,1.6
古祠の瓏(完凸),ファントム4,HP%+水バフ+会心率,シトラリ(灰燼4)+フリーナ(フル)+鍾離,41850,41850,1.00:2.33,,0.08:1.45,1.6
古祠の瓏(完凸),ファントム4,HP%+水バフ+会心ダメージ,シトラリ(灰燼4)+フリーナ(フル)+鍾離,41850,41850,1.00:2.33,,0.39:0.83,1.6
古祠の瓏(完凸),ファントム4,元素熟知+水バフ+会心率,シトラリ(灰燼4)+シロネン(灰燼4、2色以上)+フリーナ(フル),41807,41807,1.00:2.33,,0.08:1.45,1.6
古祠の瓏(完凸),ファントム4,元素熟知+水バフ+会心ダメージ,シトラリ(灰燼4)+シロネン(灰燼4、2色以上)+フリーナ(フル),41807,41807,1.00:2.33,,0.39:0.83,1.6
四風原典(4重),ファントム4,HP%+水バフ+HP%,シトラリ(灰燼4)+ベネット(西風、旧貴族)+万葉(翠緑4),41799,41799,0.99:1.98,,0.25:1.10,1.6
四風原典(4重),ファントム4,HP%+水バフ+HP%,シトラリ(灰燼4)+白朮(深林4)+万葉(翠緑4),41799,41799,0.99:1.98,,0.25:1.10,1.6
四風原典(4重),ファントム4,HP%+水バフ+HP%,シトラリ(灰燼4)+白朮(深林以外)+万葉(翠緑4),41799,41799,0.99:1.98,,0.25:1.10,1.6
四風原典(4重),ファントム4,HP%+HP%+HP%,シトラリ(灰燼4)+シロネン(灰燼以外、2色以上)+万葉(翠緑以外),41746,41746,0.99:1.98,,0.25:1.10,1.6
四風原典(4重),ファントム4,HP%+HP%+HP%,シトラリ(灰燼以外)+シロネン(灰燼4、2色以上)+万葉(翠緑以外),41746,41746,0.99:1.98,,0.25:1.10,1.6
古祠の瓏(完凸),ファントム4,HP%+水バフ+元素熟知,シトラリ(灰燼4)+シロネン(灰燼4、2色以上)+ベネット(西風、旧貴族),41725,41725,1.00:2.02,,0.23:1.14,1.6
古祠の瓏(完凸),ファントム4,HP%+水バフ+元素熟知,シトラリ(灰燼4)+シロネン(灰燼4、2色以上)+白朮(深林4),41725,41725,1.00:2.02,,0.23:1.14,1.6
古祠の瓏(完凸),ファントム4,HP%+水バフ+元素熟知,シトラリ(灰燼4)+シロネン(灰燼4、2色以上)+白朮(深林以外),41725,41725,1.00:2.02,,0.23:1.14,1.6
波乗りの旋回(完凸、フル),ファントム4,HP%+元素熟知+会心率,シトラリ(灰燼4)+シロネン(灰燼4、2色以上)+万葉(翠緑以外),41712,41712,0.98:1.96,,0.26:1.08,1.6
波乗りの旋回(完凸、フル),ファントム4,HP%+元素熟知+会心ダメージ,シトラリ(灰燼4)+シロネン(灰燼4、2色以上)+万葉(翠緑以外),41712,41712,0.98:1.96,,0.57:0.46,1.6
金箔,ファントム4,HP%+HP%+会心率,シトラリ(灰燼4)+シロネン(灰燼4、2色以上)+万葉(翠緑以外),41697,41697,0.98:1.96,,0.26:1.08,1.6
金箔,ファントム4,HP%+HP%+会心ダメージ,シトラリ(灰燼4)+シロネン(灰燼4、2色以上)+万葉(翠緑以外),41697,41697,0.98:1.96,,0.57:0.46,1.6
古祠の瓏(完凸),ファントム4,HP%+HP%+HP%,フリーナ(フル)+ベネット(西風、旧貴族)+万葉(翠緑4),41693,41693,1.00:2.02,,0.23:1.14,1.6
古祠の瓏(完凸),ファントム4,HP%+HP%+HP%,フリーナ(フル)+白朮(深林4)+万葉(翠緑4),41693,41693,1.00:2.02,,0.23:1.14,1.6
古祠の瓏(完凸),ファントム4,HP%+HP%+HP%,フリーナ(フル)+白朮(深林以外)+万葉(翠緑4),41693,41693,1.00:2.02,,0.23:1.14,1.6
古祠の瓏(完凸),ファントム4,元素熟知+水バフ+会心率,シトラリ(灰燼4)+シロネン(灰燼以外、2色以上)+万葉(翠緑4),41658,41658,1.00:2.33,,0.08:1.45,1.6
古祠の瓏(完凸),ファントム4,元素熟知+水バフ+会心ダメージ,シトラリ(灰燼4)+シロネン(灰燼以外、2色以上)+万葉(翠緑4),41658,41658,1.00:2.33,,0.39:0.83,1.6
古祠の瓏(完凸),ファントム4,HP%+HP%+会心率,シトラリ(灰燼4)+フリーナ(フル)+鍾離,41658,41658,1.00:2.33,,0.08:1.45,1.6
古祠の瓏(完凸),ファントム4,HP%+HP%+会心ダメージ,シトラリ(灰燼4)+フリーナ(フル)+鍾離,41658,41658,1.00:2.33,,0.39:0.83,1.6
古祠の瓏(完凸),ファントム4,元素熟知+水バフ+会心率,シトラリ(灰燼以外)+シロネン(灰燼4、2色以上)+万葉(翠緑4),41658,41658,1.00:2.33,,0.08:1.45,1.6
古祠の瓏(完凸),ファントム4,元素熟知+水バフ+会心ダメージ,シトラリ(灰燼以外)+シロネン(灰燼4、2色以上)+万葉(翠緑4),41658,41658,1.00:2.33,,0.39:0.83,1.6
四風原典(4重),ファントム4,HP%+水バフ+会心率,シトラリ(灰燼4)+シロネン(灰燼4、2色以上)+フリーナ(フル),41613,41613,1.00:2.29,,0.10:1.41,1.6
四風原典(4重),ファントム4,HP%+水バフ+会心ダメージ,シトラリ(灰燼4)+シロネン(灰燼4、2色以上)+フリーナ(フル),41613,41613,1.00:2.29,,0.41:0.79,1.6
四風原典(4重),ファントム4,HP%+HP%+会心率,シロネン(灰燼4、2色以上)+ベネット(西風、旧貴族)+万葉(翠緑4),41551,41551,1.00:2.29,,0.10:1.41,1.6
四風原典(4重),ファントム4,HP%+HP%+会心ダメージ,シロネン(灰燼4、2色以上)+ベネット(西風、旧貴族)+万葉(翠緑4),41551,41551,1.00:2.29,,0.41:0.79,1.6
四風原典(4重),ファントム4,HP%+HP%+会心率,シロネン(灰燼4、2色以上)+白朮(深林4)+万葉(翠緑4),41551,41551,1.00:2.29,,0.10:1.41,1.6
四風原典(4重),ファントム4,HP%+HP%+会心ダメージ,シロネン(灰燼4、2色以上)+白朮(深林4)+万葉(翠緑4),41551,41551,1.00:2.29,,0.41:0.79,1.6
四風原典(4重),ファントム4,HP%+HP%+会心率,シロネン(灰燼4、2色以上)+白朮(深林以外)+万葉(翠緑4),41551,41551,1.00:2.29,,0.10:1.41,1.6
四風原典(4重),ファントム4,HP%+HP%+会心ダメージ,シロネン(灰燼4、2色以上)+白朮(深林以外)+万葉(翠緑4),41551,41551,1.00:2.29,,0.41:0.79,1.6
古祠の瓏(完凸),ファントム4,HP%+元素熟知+元素熟知,シロネン(灰燼4、2色以上)+フリーナ(フル)+万葉(翠緑4),41506,41506,1.00:2.02,,0.23:1.14,1.6
古祠の瓏(完凸),ファントム4,HP%+HP%+会心率,シロネン(灰燼4、2色以上)+フリーナ(フル)+鍾離,41471,41471,1.00:2.33,,0.08:1.45,1.6
古祠の瓏(完凸),ファントム4,HP%+HP%+会心ダメージ,シロネン(灰燼4、2色以上)+フリーナ(フル)+鍾離,41471,41471,1.00:2.33,,0.39:0.83,1.6
流浪完凸(期待値),ファントム4,HP%+HP%+会心率,シトラリ(灰燼4)+シロネン(灰燼4、2色以上)+万葉(翠緑以外),41450,41450,1.00:2.24,,0.40:0.80,1.6
流浪完凸(期待値),ファントム4,HP%+HP%+会心ダメージ,シトラリ(灰燼4)+シロネン(灰燼4、2色以上)+万葉(翠緑以外),41450,41450,1.00:2.24,,0.71:0.18,1.6
古祠の瓏(完凸),ファントム4,HP%+水バフ+会心率,シトラリ(灰燼4)+鍾離+万葉(翠緑以外),41445,41445,1.00:2.33,,0.08:1.45,1.6
古祠の瓏(完凸),ファントム4,HP%+水バフ+会心ダメージ,シトラリ(灰燼4)+鍾離+万葉(翠緑以外),41445,41445,1.00:2.33,,0.39:0.83,1.6
波乗りの旋回(完凸、フル),ファントム4,HP%+HP%+HP%,シロネン(灰燼4、2色以上)+ベネット(西風、旧貴族)+万葉(翠緑4),41444,41444,0.83:1.65,,0.42:0.77,1.6
波乗りの旋回(完凸、フル),ファントム4,HP%+HP%+HP%,シロネン(灰燼4、2色以上)+白朮(深林4)+万葉(翠緑4),41444,41444,0.83:1.65,,0.42:0.77,1.6
波乗りの旋回(完凸、フル),ファントム4,HP%+HP%+HP%,シロネン(灰燼4、2色以上)+白朮(深林以外)+万葉(翠緑4),41444,41444,0.83:1.65,,0.42:0.77,1.6
古祠の瓏(完凸),ファントム4,HP%+水バフ+HP%,シトラリ(灰燼以外)+シロネン(灰燼以外、2色以上)+フリーナ(フル),41421,41421,1.00:2.02,,0.23:1.14,1.6
古祠の瓏(完凸),ファントム4,HP%+HP%+元素熟知,シロネン(灰燼4、2色以上)+フリーナ(フル)+万葉(翠緑以外),41393,41393,1.00:2.02,,0.23:1.14,1.6
古祠の瓏(完凸),ファントム4,HP%+水バフ+会心率,シロネン(灰燼4、2色以上)+フリーナ(フル)+鍾離,41317,41317,1.00:2.33,,0.08:1.45,1.6
古祠の瓏(完凸),ファントム4,HP%+水バフ+会心ダメージ,シロネン(灰燼4、2色以上)+フリーナ(フル)+鍾離,41317,41317,1.00:2.33,,0.39:0.83,1.6
四風原典(4重),ファントム4,HP%+HP%+HP%,シトラリ(灰燼以外)+フリーナ(フル)+万葉(翠緑4),41314,41314,0.99:1.98,,0.25:1.10,1.6
四風原典(4重),ファントム4,HP%+HP%+HP%,フリーナ(フル)+鍾離+万葉(翠緑4),41314,41314,0.99:1.98,,0.25:1.10,1.6
古祠の瓏(完凸),ファントム4,元素熟知+水バフ+会心率,シトラリ(灰燼4)+シロネン(灰燼4、2色以上)+万葉(翠緑以外),41310,41310,1.00:2.33,,0.08:1.45,1.6
古祠の瓏(完凸),ファントム4,元素熟知+水バフ+会心ダメージ,シトラリ(灰燼4)+シロネン(灰燼4、2色以上)+万葉(翠緑以外),41310,41310,1.00:2.33,,0.39:0.83,1.6
波乗りの旋回(完凸、フル),ファントム4,HP%+HP%+会心率,シトラリ(灰燼4)+シロネン(灰燼以外、2色以上)+万葉(翠緑以外),41304,41304,0.98:1.96,,0.26:1.08,1.6
波乗りの旋回(完凸、フル),ファントム4,HP%+HP%+会心ダメージ,シトラリ(灰燼4)+シロネン(灰燼以外、2色以上)+万葉(翠緑以外),41304,41304,0.98:1.96,,0.57:0.46,1.6
波乗りの旋回(完凸、フル),ファントム4,HP%+HP%+会心率,シトラリ(灰燼以外)+シロネン(灰燼4、2色以上)+万葉(翠緑以外),41304,41304,0.98:1.96,,0.26:1.08,1.6
波乗りの旋回(完凸、フル),ファントム4,HP%+HP%+会心ダメージ,シトラリ(灰燼以外)+シロネン(灰燼4、2色以上)+万葉(翠緑以外),41304,41304,0.98:1.96,,0.57:0.46,1.6
四風原典(4重),ファントム4,HP%+水バフ+HP%,シトラリ(灰燼以外)+シロネン(灰燼以外、2色以上)+万葉(翠緑4),41303,41303,0.99:1.98,,0.25:1.10,1.6
流浪完凸(期待値),ファントム4,HP%+HP%+HP%,シトラリ(灰燼4)+鍾離+万葉(翠緑4),41283,41283,0.96:1.93,,0.55:0.49,1.6
流浪完凸(期待値),ファントム4,HP%+HP%+会心率,シトラリ(灰燼4)+フリーナ(フル)+万葉(翠緑4),41275,41275,1.00:2.24,,0.40:0.80,1.6
流浪完凸(期待値),ファントム4,HP%+HP%+会心ダメージ,シトラリ(灰燼4)+フリーナ(フル)+万葉(翠緑4),41275,41275,1.00:2.24,,0.71:0.18,1.6
波乗りの旋回(完凸、フル),ファントム4,HP%+水バフ+HP%,シトラリ(灰燼4)+ベネット(西風、旧貴族)+万葉(翠緑4),41264,41264,0.83:1.65,,0.42:0.77,1.6
波乗りの旋回(完凸、フル),ファントム4,HP%+水バフ+HP%,シトラリ(灰燼4)+白朮(深林4)+万葉(翠緑4),41264,41264,0.83:1.65,,0.42:0.77,1.6
波乗りの旋回(完凸、フル),ファントム4,HP%+水バフ+HP%,シトラリ(灰燼4)+白朮(深林以外)+万葉(翠緑4),41264,41264,0.83:1.65,,0.42:0.77,1.6
古祠の瓏(完凸),ファントム4,元素熟知+水バフ+会心率,シトラリ(灰燼4)+フリーナ(フル)+万葉(翠緑4),41261,41261,1.00:2.33,,0.08:1.45,1.6
古祠の瓏(完凸),ファントム4,元素熟知+水バフ+会心ダメージ,シトラリ(灰燼4)+フリーナ(フル)+万葉(翠緑4),41261,41261,1.00:2.33,,0.39:0.83,1.6
古祠の瓏(完凸),ファントム4,HP%+水バフ+HP%,シトラリ(灰燼以外)+ベネット(西風、旧貴族)+万葉(翠緑4),41229,41229,1.00:2.02,,0.23:1.14,1.6
古祠の瓏(完凸),ファントム4,HP%+水バフ+HP%,シトラリ(灰燼以外)+白朮(深林4)+万葉(翠緑4),41229,41229,1.00:2.02,,0.23:1.14,1.6
古祠の瓏(完凸),ファントム4,HP%+水バフ+HP%,シトラリ(灰燼以外)+白朮(深林以外)+万葉(翠緑4),41229,41229,1.00:2.02,,0.23:1.14,1.6
古祠の瓏(完凸),ファントム4,HP%+水バフ+HP%,ベネット(西風、旧貴族)+鍾離+万葉(翠緑4),41229,41229,1.00:2.02,,0.23:1.14,1.6
古祠の瓏(完凸),ファントム4,HP%+水バフ+HP%,鍾離+白朮(深林4)+万葉(翠緑4),41229,41229,1.00:2.02,,0.23:1.14,1.6
古祠の瓏(完凸),ファントム4,HP%+水バフ+HP%,鍾離+白朮(深林以外)+万葉(翠緑4),41229,41229,1.00:2.02,,0.23:1.14,1.6
古祠の瓏(完凸),ファントム4,HP%+水バフ+会心率,シトラリ(灰燼以外)+鍾離+万葉(翠緑4),41213,41213,1.00:2.33,,0.08:1.45,1.6
古祠の瓏(完凸),ファントム4,HP%+水バフ+会心ダメージ,シトラリ(灰燼以外)+鍾離+万葉(翠緑4),41213,41213,1.00:2.33,,0.39:0.83,1.6
流浪完凸(期待値),ファントム4,HP%+水バフ+会心率,シロネン(灰燼4、2色以上)+フリーナ(フル)+万葉(翠緑4),41200,41200,1.00:2.24,,0.40:0.80,1.6
流浪完凸(期待値),ファントム4,HP%+水バフ+会心ダメージ,シロネン(灰燼4、2色以上)+フリーナ(フル)+万葉(翠緑4),41200,41200,1.00:2.24,,0.71:0.18,1.6
四風原典(4重),ファントム4,HP%+元素熟知+会心率,シトラリ(灰燼4)+シロネン(灰燼4、2色以上)+万葉(翠緑4),41193,41193,1.00:2.29,,0.10:1.41,1.6
四風原典(4重),ファントム4,HP%+元素熟知+会心ダメージ,シトラリ(灰燼4)+シロネン(灰燼4、2色以上)+万葉(翠緑4),41193,41193,1.00:2.29,,0.41:0.79,1.6
古祠の瓏(完凸),ファントム4,HP%+HP%+元素熟知,シトラリ(灰燼4)+シロネン(灰燼4、2色以上)+ベネット(西風、旧貴族),41192,41192,1.00:2.02,,0.23:1.14,1.6
古祠の瓏(完凸),ファントム4,HP%+HP%+元素熟知,シトラリ(灰燼4)+シロネン(灰燼4、2色以上)+白朮(深林4),41192,41192,1.00:2.02,,0.23:1.14,1.6
古祠の瓏(完凸),ファントム4,HP%+HP%+元素熟知,シトラリ(灰燼4)+シロネン(灰燼4、2色以上)+白朮(深林以外),41192,41192,1.00:2.02,,0.23:1.14,1.6
波乗りの旋回(完凸、フル),ファントム4,HP%+元素熟知+会心率,シトラリ(灰燼4)+フリーナ(フル)+万葉(翠緑4),41188,41188,0.98:1.96,,0.26:1.08,1.6
波乗りの旋回(完凸、フル),ファントム4,HP%+元素熟知+会心ダメージ,シトラリ(灰燼4)+フリーナ(フル)+万葉(翠緑4),41188,41188,0.98:1.96,,0.57:0.46,1.6
四風原典(4重),ファントム4,HP%+水バフ+会心率,シトラリ(灰燼4)+シロネン(灰燼4、2色以上)+万葉(翠緑以外),41185,41185,1.00:2.29,,0.10:1.41,1.6
四風原典(4重),ファントム4,HP%+水バフ+会心ダメージ,シトラリ(灰燼4)+シロネン(灰燼4、2色以上)+万葉(翠緑以外),41185,41185,1.00:2.29,,0.41:0.79,1.6
金箔,ファントム4,HP%+HP%+会心率,シトラリ(灰燼4)+フリーナ(フル)+万葉(翠緑4),41174,41174,0.98:1.96,,0.26:1.08,1.6
金箔,ファントム4,HP%+HP%+会心ダメージ,シトラリ(灰燼4)+フリーナ(フル)+万葉(翠緑4),41174,41174,0.98:1.96,,0.57:0.46,1.6
四風原典(4重),ファントム4,HP%+水バフ+会心率,シトラリ(灰燼4)+フリーナ(フル)+万葉(翠緑4),41172,41172,1.00:2.29,,0.10:1.41,1.6
四風原典(4重),ファントム4,HP%+水バフ+会心ダメージ,シトラリ(灰燼4)+フリーナ(フル)+万葉(翠緑4),41172,41172,1.00:2.29,,0.41:0.79,1.6
波乗りの旋回(完凸、フル),ファントム4,HP%+HP%+会心率,シトラリ(灰燼以外)+フリーナ(フル)+万葉(翠緑4),41171,41171,0.98:1.96,,0.26:1.08,1.6
波乗りの旋回(完凸、フル),ファントム4,HP%+HP%+会心ダメージ,シトラリ(灰燼以外)+フリーナ(フル)+万葉(翠緑4),41171,41171,0.98:1.96,,0.57:0.46,1.6
波乗りの旋回(完凸、フル),ファントム4,HP%+HP%+会心率,フリーナ(フル)+鍾離+万葉(翠緑4),41171,41171,0.98:1.96,,0.26:1.08,1.6
波乗りの旋回(完凸、フル),ファントム4,HP%+HP%+会心ダメージ,フリーナ(フル)+鍾離+万葉(翠緑4),41171,41171,0.98:1.96,,0.57:0.46,1.6
四風原典(4重),ファントム4,HP%+水バフ+HP%,シロネン(灰燼4、2色以上)+フリーナ(フル)+万葉(翠緑以外),41166,41166,0.99:1.98,,0.25:1.10,1.6
四風原典(4重),ファントム4,HP%+HP%+会心率,シロネン(灰燼以外、2色以上)+フリーナ(フル)+万葉(翠緑4),41166,41166,1.00:2.29,,0.10:1.41,1.6
四風原典(4重),ファントム4,HP%+HP%+会心ダメージ,シロネン(灰燼以外、2色以上)+フリーナ(フル)+万葉(翠緑4),41166,41166,1.00:2.29,,0.41:0.79,1.6
四風原典(4重),ファントム4,HP%+水バフ+HP%,シトラリ(灰燼4)+シロネン(灰燼以外、2色以上)+フリーナ(フル),41162,41162,0.99:1.98,,0.25:1.10,1.6
四風原典(4重),ファントム4,HP%+水バフ+HP%,シトラリ(灰燼以外)+シロネン(灰燼4、2色以上)+フリーナ(フル),41162,41162,0.99:1.98,,0.25:1.10,1.6
四風原典(4重),ファントム4,HP%+水バフ+HP%,シトラリ(灰燼4)+シロネン(灰燼以外、2色以上)+万葉(翠緑以外),41130,41130,0.99:1.98,,0.25:1.10,1.6
四風原典(4重),ファントム4,HP%+水バフ+HP%,シトラリ(灰燼以外)+シロネン(灰燼4、2色以上)+万葉(翠緑以外),41130,41130,0.99:1.98,,0.25:1.10,1.6
古祠の瓏(完凸),ファントム4,HP%+水バフ+会心率,シロネン(灰燼4、2色以上)+フリーナ(フル)+ベネット(西風、旧貴族),41123,41123,1.00:2.33,,0.08:1.45,1.6
古祠の瓏(完凸),ファントム4,HP%+水バフ+会心ダメージ,シロネン(灰燼4、2色以上)+フリーナ(フル)+ベネット(西風、旧貴族),41123,41123,1.00:2.33,,0.39:0.83,1.6
古祠の瓏(完凸),ファントム4,HP%+水バフ+会心率,シロネン(灰燼4、2色以上)+フリーナ(フル)+白朮(深林4),41123,41123,1.00:2.33,,0.08:1.45,1.6
古祠の瓏(完凸),ファントム4,HP%+水バフ+会心ダメージ,シロネン(灰燼4、2色以上)+フリーナ(フル)+白朮(深林4),41123,41123,1.00:2.33,,0.39:0.83,1.6
古祠の瓏(完凸),ファントム4,HP%+水バフ+会心率,シロネン(灰燼4、2色以上)+フリーナ(フル)+白朮(深林以外),41123,41123,1.00:2.33,,0.08:1.45,1.6
古祠の瓏(完凸),ファントム4,HP%+水バフ+会心ダメージ,シロネン(灰燼4、2色以上)+フリーナ(フル)+白朮(深林以外),41123,41123,1.00:2.33,,0.39:0.83,1.6
流浪完凸(期待値),ファントム4,HP%+水バフ+HP%,シトラリ(灰燼4)+鍾離+万葉(翠緑4),41121,41121,0.96:1.93,,0.55:0.49,1.6
波乗りの旋回(完凸、フル),ファントム4,HP%+水バフ+元素熟知,シロネン(灰燼4、2色以上)+フリーナ(フル)+万葉(翠緑4),41096,41096,0.83:1.65,,0.42:0.77,1.6
波乗りの旋回(完凸、フル),ファントム4,HP%+水バフ+会心率,シロネン(灰燼4、2色以上)+鍾離+万葉(翠緑4),41096,41096,0.98:1.96,,0.26:1.08,1.6
波乗りの旋回(完凸、フル),ファントム4,HP%+水バフ+会心ダメージ,シロネン(灰燼4、2色以上)+鍾離+万葉(翠緑4),41096,41096,0.98:1.96,,0.57:0.46,1.6
古祠の瓏(完凸),ファントム4,HP%+HP%+会心率,シトラリ(灰燼以外)+シロネン(灰燼以外、2色以上)+万葉(翠緑4),41083,41083,1.00:2.33,,0.08:1.45,1.6
古祠の瓏(完凸),ファントム4,HP%+HP%+会心ダメージ,シトラリ(灰燼以外)+シロネン(灰燼以外、2色以上)+万葉(翠緑4),41083,41083,1.00:2.33,,0.39:0.83,1.6
金箔,ファントム4,HP%+水バフ+HP%,シロネン(灰燼4、2色以上)+フリーナ(フル)+万葉(翠緑4),41082,41082,0.83:1.65,,0.42:0.77,1.6
流浪完凸(期待値),ファントム4,HP%+HP%+会心率,シトラリ(灰燼4)+シロネン(灰燼以外、2色以上)+万葉(翠緑4),41077,41077,1.00:2.24,,0.40:0.80,1.6
流浪完凸(期待値),ファントム4,HP%+HP%+会心ダメージ,シトラリ(灰燼4)+シロネン(灰燼以外、2色以上)+万葉(翠緑4),41077,41077,1.00:2.24,,0.71:0.18,1.6
流浪完凸(期待値),ファントム4,HP%+HP%+会心率,シトラリ(灰燼以外)+シロネン(灰燼4、2色以上)+万葉(翠緑4),41077,41077,1.00:2.24,,0.40:0.80,1.6
流浪完凸(期待値),ファントム4,HP%+HP%+会心ダメージ,シトラリ(灰燼以外)+シロネン(灰燼4、2色以上)+万葉(翠緑4),41077,41077,1.00:2.24,,0.71:0.18,1.6
波乗りの旋回(完凸、フル),ファントム4,元素熟知+水バフ+会心率,シトラリ(灰燼4)+シロネン(灰燼以外、2色以上)+万葉(翠緑4),41071,41071,0.98:1.96,,0.26:1.08,1.6
波乗りの旋回(完凸、フル),ファントム4,元素熟知+水バフ+会心ダメージ,シトラリ(灰燼4)+シロネン(灰燼以外、2色以上)+万葉(翠緑4),41071,41071,0.98:1.96,,0.57:0.46,1.6
波乗りの旋回(完凸、フル),ファントム4,元素熟知+水バフ+会心率,シトラリ(灰燼以外)+シロネン(灰燼4、2色以上)+万葉(翠緑4),41071,41071,0.98:1.96,,0.26:1.08,1.6
波乗りの旋回(完凸、フル),ファントム4,元素熟知+水バフ+会心ダメージ,シトラリ(灰燼以外)+シロネン(灰燼4、2色以上)+万葉(翠緑4),41071,41071,0.98:1.96,,0.57:0.46,1.6
波乗りの旋回(完凸、フル),ファントム4,HP%+HP%+元素熟知,シロネン(灰燼4、2色以上)+フリーナ(フル)+万葉(翠緑4),41055,41055,0.83:1.65,,0.42:0.77,1.6
金箔,ファントム4,HP%+水バフ+会心率,シトラリ(灰燼4)+シロネン(灰燼以外、2色以上)+万葉(翠緑4),41052,41052,0.98:1.96,,0.26:1.08,1.6
金箔,ファントム4,HP%+水バフ+会心ダメージ,シトラリ(灰燼4)+シロネン(灰燼以外、2色以上)+万葉(翠緑4),41052,41052,0.98:1.96,,0.57:0.46,1.6
金箔,ファントム4,HP%+水バフ+会心率,シトラリ(灰燼以外)+シロネン(灰燼4、2色以上)+万葉(翠緑4),41052,41052,0.98:1.96,,0.26:1.08,1.6
金箔,ファントム4,HP%+水バフ+会心ダメージ,シトラリ(灰燼以外)+シロネン(灰燼4、2色以上)+万葉(翠緑4),41052,41052,0.98:1.96,,0.57:0.46,1.6
金箔,ファントム4,HP%+HP%+HP%,シロネン(灰燼4、2色以上)+フリーナ(フル)+万葉(翠緑4),41043,41043,0.83:1.65,,0.42:0.77,1.6
古祠の瓏(完凸),ファントム4,HP%+水バフ+会心率,シトラリ(灰燼4)+シロネン(灰燼4、2色以上)+鍾離,41025,41025,1.00:2.33,,0.08:1.45,1.6
古祠の瓏(完凸),ファントム4,HP%+水バフ+会心ダメージ,シトラリ(灰燼4)+シロネン(灰燼4、2色以上)+鍾離,41025,41025,1.00:2.33,,0.39:0.83,1.6
古祠の瓏(完凸),ファントム4,HP%+HP%+HP%,シロネン(灰燼以外、2色以上)+フリーナ(フル)+万葉(翠緑以外),40968,40968,1.00:2.02,,0.23:1.14,1.6
古祠の瓏(完凸),ファントム4,HP%+HP%+会心率,シトラリ(灰燼4)+シロネン(灰燼4、2色以上)+鍾離,40939,40939,1.00:2.33,,0.08:1.45,1.6
古祠の瓏(完凸),ファントム4,HP%+HP%+会心ダメージ,シトラリ(灰燼4)+シロネン(灰燼4、2色以上)+鍾離,40939,40939,1.00:2.33,,0.39:0.83,1.6
古祠の瓏(完凸),ファントム4,HP%+HP%+会心率,シロネン(灰燼4、2色以上)+フリーナ(フル)+ベネット(西風、旧貴族),40933,40933,1.00:2.33,,0.08:1.45,1.6
古祠の瓏(完凸),ファントム4,HP%+HP%+会心ダメージ,シロネン(灰燼4、2色以上)+フリーナ(フル)+ベネット(西風、旧貴族),40933,40933,1.00:2.33,,0.39:0.83,1.6
古祠の瓏(完凸),ファントム4,HP%+HP%+会心率,シロネン(灰燼4、2色以上)+フリーナ(フル)+白朮(深林4),40933,40933,1.00:2.33,,0.08:1.45,1.6
古祠の瓏(完凸),ファントム4,HP%+HP%+会心ダメージ,シロネン(灰燼4、2色以上)+フリーナ(フル)+白朮(深林4),40933,40933,1.00:2.33,,0.39:0.83,1.6
古祠の瓏(完凸),ファントム4,HP%+HP%+会心率,シロネン(灰燼4、2色以上)+フリーナ(フル)+白朮(深林以外),40933,40933,1.00:2.33,,0.08:1.45,1.6
古祠の瓏(完凸),ファントム4,HP%+HP%+会心ダメージ,シロネン(灰燼4、2色以上)+フリーナ(フル)+白朮(深林以外),40933,40933,1.00:2.33,,0.39:0.83,1.6
古祠の瓏(完凸),ファントム4,HP%+水バフ+元素熟知,シロネン(灰燼4、2色以上)+フリーナ(フル)+万葉(翠緑以外),40931,40931,1.00:2.02,,0.23:1.14,1.6
波乗りの旋回(完凸、フル),ファントム4,HP%+元素熟知+会心率,シトラリ(灰燼4)+シロネン(灰燼以外、2色以上)+万葉(翠緑4),40888,40888,0.98:1.96,,0.26:1.08,1.6
波乗りの旋回(完凸、フル),ファントム4,HP%+元素熟知+会心ダメージ,シトラリ(灰燼4)+シロネン(灰燼以外、2色以上)+万葉(翠緑4),40888,40888,0.98:1.96,,0.57:0.46,1.6
波乗りの旋回(完凸、フル),ファントム4,HP%+元素熟知+会心率,シトラリ(灰燼以外)+シロネン(灰燼4、2色以上)+万葉(翠緑4),40888,40888,0.98:1.96,,0.26:1.08,1.6
波乗りの旋回(完凸、フル),ファントム4,HP%+元素熟知+会心ダメージ,シトラリ(灰燼以外)+シロネン(灰燼4、2色以上)+万葉(翠緑4),40888,40888,0.98:1.96,,0.57:0.46,1.6
古祠の瓏(完凸),ファントム4,HP%+水バフ+HP%,シトラリ(灰燼4)+ベネット(西風、旧貴族)+万葉(翠緑以外),40883,40883,1.00:2.02,,0.23:1.14,1.6
古祠の瓏(完凸),ファントム4,HP%+水バフ+HP%,シトラリ(灰燼4)+白朮(深林4)+万葉(翠緑以外),40883,40883,1.00:2.02,,0.23:1.14,1.6
古祠の瓏(完凸),ファントム4,HP%+水バフ+HP%,シトラリ(灰燼4)+白朮(深林以外)+万葉(翠緑以外),40883,40883,1.00:2.02,,0.23:1.14,1.6
金箔,ファントム4,HP%+HP%+会心率,シトラリ(灰燼4)+シロネン(灰燼以外、2色以上)+万葉(翠緑4),40872,40872,0.98:1.96,,0.26:1.08,1.6
金箔,ファントム4,HP%+HP%+会心ダメージ,シトラリ(灰燼4)+シロネン(灰燼以外、2色以上)+万葉(翠緑4),40872,40872,0.98:1.96,,0.57:0.46,1.6
金箔,ファントム4,HP%+HP%+会心率,シトラリ(灰燼以外)+シロネン(灰燼4、2色以上)+万葉(翠緑4),40872,40872,0.98:1.96,,0.26:1.08,1.6
金箔,ファントム4,HP%+HP%+会心ダメージ,シトラリ(灰燼以外)+シロネン(灰燼4、2色以上)+万葉(翠緑4),40872,40872,0.98:1.96,,0.57:0.46,1.6
古祠の瓏(完凸),ファントム4,HP%+水バフ+元素熟知,シトラリ(灰燼4)+ベネット(西風、旧貴族)+万葉(翠緑4),40843,40843,1.00:2.02,,0.23:1.14,1.6
古祠の瓏(完凸),ファントム4,HP%+水バフ+元素熟知,シトラリ(灰燼4)+白朮(深林4)+万葉(翠緑4),40843,40843,1.00:2.02,,0.23:1.14,1.6
古祠の瓏(完凸),ファントム4,HP%+水バフ+元素熟知,シトラリ(灰燼4)+白朮(深林以外)+万葉(翠緑4),40843,40843,1.00:2.02,,0.23:1.14,1.6
古祠の瓏(完凸),ファントム4,HP%+HP%+HP%,シトラリ(灰燼以外)+鍾離+万葉(翠緑4),40819,40819,1.00:2.02,,0.23:1.14,1.6
波乗りの旋回(完凸、フル),ファントム4,元素熟知+水バフ+会心率,シトラリ(灰燼4)+シロネン(灰燼4、2色以上)+万葉(翠緑以外),40729,40729,0.98:1.96,,0.26:1.08,1.6
波乗りの旋回(完凸、フル),ファントム4,元素熟知+水バフ+会心ダメージ,シトラリ(灰燼4)+シロネン(灰燼4、2色以上)+万葉(翠緑以外),40729,40729,0.98:1.96,,0.57:0.46,1.6
古祠の瓏(完凸),ファントム4,HP%+水バフ+会心率,シロネン(灰燼4、2色以上)+ベネット(西風、旧貴族)+万葉(翠緑以外),40724,40724,1.00:2.33,,0.08:1.45,1.6
古祠の瓏(完凸),ファントム4,HP%+水バフ+会心ダメージ,シロネン(灰燼4、2色以上)+ベネット(西風、旧貴族)+万葉(翠緑以外),40724,40724,1.00:2.33,,0.39:0.83,1.6
古祠の瓏(完凸),ファントム4,HP%+水バフ+会心率,シロネン(灰燼4、2色以上)+白朮(深林4)+万葉(翠緑以外),40724,40724,1.00:2.33,,0.08:1.45,1.6
古祠の瓏(完凸),ファントム4,HP%+水バフ+会心ダメージ,シロネン(灰燼4、2色以上)+白朮(深林4)+万葉(翠緑以外),40724,40724,1.00:2.33,,0.39:0.83,1.6
古祠の瓏(完凸),ファントム4,HP%+水バフ+会心率,シロネン(灰燼4、2色以上)+白朮(深林以外)+万葉(翠緑以外),40724,40724,1.00:2.33,,0.08:1.45,1.6
古祠の瓏(完凸),ファントム4,HP%+水バフ+会心ダメージ,シロネン(灰燼4、2色以上)+白朮(深林以外)+万葉(翠緑以外),40724,40724,1.00:2.33,,0.39:0.83,1.6
波乗りの旋回(完凸、フル),ファントム4,元素熟知+水バフ+会心率,シトラリ(灰燼4)+シロネン(灰燼4、2色以上)+フリーナ(フル),40712,40712,0.98:1.96,,0.26:1.08,1.6
波乗りの旋回(完凸、フル),ファントム4,元素熟知+水バフ+会心ダメージ,シトラリ(灰燼4)+シロネン(灰燼4、2色以上)+フリーナ(フル),40712,40712,0.98:1.96,,0.57:0.46,1.6
金箔,ファントム4,HP%+水バフ+会心率,シトラリ(灰燼4)+シロネン(灰燼4、2色以上)+万葉(翠緑以外),40710,40710,0.98:1.96,,0.26:1.08,1.6
金箔,ファントム4,HP%+水バフ+会心ダメージ,シトラリ(灰燼4)+シロネン(灰燼4、2色以上)+万葉(翠緑以外),40710,40710,0.98:1.96,,0.57:0.46,1.6
金箔,ファントム4,HP%+水バフ+会心率,シトラリ(灰燼4)+シロネン(灰燼4、2色以上)+フリーナ(フル),40696,40696,0.98:1.96,,0.26:1.08,1.6
金箔,ファントム4,HP%+水バフ+会心ダメージ,シトラリ(灰燼4)+シロネン(灰燼4、2色以上)+フリーナ(フル),40696,40696,0.98:1.96,,0.57:0.46,1.6
四風原典(4重),ファントム4,HP%+HP%+HP%,シトラリ(灰燼以外)+シロネン(灰燼以外、2色以上)+万葉(翠緑4),40674,40674,0.99:1.98,,0.25:1.10,1.6
流浪完凸(期待値),ファントム4,HP%+HP%+HP%,シロネン(灰燼4、2色以上)+ベネット(西風、旧貴族)+万葉(翠緑4),40671,40671,0.96:1.93,,0.55:0.49,1.6
流浪完凸(期待値),ファントム4,HP%+HP%+HP%,シロネン(灰燼4、2色以上)+白朮(深林4)+万葉(翠緑4),40671,40671,0.96:1.93,,0.55:0.49,1.6
流浪完凸(期待値),ファントム4,HP%+HP%+HP%,シロネン(灰燼4、2色以上)+白朮(深林以外)+万葉(翠緑4),40671,40671,0.96:1.93,,0.55:0.49,1.6
古祠の瓏(完凸),ファントム4,HP%+水バフ+HP%,シトラリ(灰燼4)+フリーナ(フル)+ベネット(西風、旧貴族),40665,40665,1.00:2.02,,0.23:1.14,1.6
古祠の瓏(完凸),ファントム4,HP%+水バフ+HP%,シトラリ(灰燼4)+フリーナ(フル)+白朮(深林4),40665,40665,1.00:2.02,,0.23:1.14,1.6
古祠の瓏(完凸),ファントム4,HP%+水バフ+HP%,シトラリ(灰燼4)+フリーナ(フル)+白朮(深林以外),40665,40665,1.00:2.02,,0.23:1.14,1.6
古祠の瓏(完凸),ファントム4,元素熟知+元素熟知+会心率,シトラリ(灰燼4)+シロネン(灰燼4、2色以上)+万葉(翠緑4),40607,40607,1.00:2.33,,0.08:1.45,1.6
古祠の瓏(完凸),ファントム4,元素熟知+元素熟知+会心ダメージ,シトラリ(灰燼4)+シロネン(灰燼4、2色以上)+万葉(翠緑4),40607,40607,1.00:2.33,,0.39:0.83,1.6
波乗りの旋回(完凸、フル),ファントム4,HP%+水バフ+HP%,シトラリ(灰燼4)+シロネン(灰燼以外、2色以上)+万葉(翠緑以外),40604,40604,0.83:1.65,,0.42:0.77,1.6
波乗りの旋回(完凸、フル),ファントム4,HP%+水バフ+HP%,シトラリ(灰燼以外)+シロネン(灰燼4、2色以上)+万葉(翠緑以外),40604,40604,0.83:1.65,,0.42:0.77,1.6
古祠の瓏(完凸),ファントム4,HP%+水バフ+会心率,シロネン(灰燼以外、2色以上)+ベネット(西風、旧貴族)+万葉(翠緑4),40603,40603,1.00:2.33,,0.08:1.45,1.6
古祠の瓏(完凸),ファントム4,HP%+水バフ+会心ダメージ,シロネン(灰燼以外、2色以上)+ベネット(西風、旧貴族)+万葉(翠緑4),40603,40603,1.00:2.33,,0.39:0.83,1.6
古祠の瓏(完凸),ファントム4,HP%+水バフ+会心率,シロネン(灰燼以外、2色以上)+白朮(深林4)+万葉(翠緑4),40603,40603,1.00:2.33,,0.08:1.45,1.6
古祠の瓏(完凸),ファントム4,HP%+水バフ+会心ダメージ,シロネン(灰燼以外、2色以上)+白朮(深林4)+万葉(翠緑4),40603,40603,1.00:2.33,,0.39:0.83,1.6
古祠の瓏(完凸),ファントム4,HP%+水バフ+会心率,シロネン(灰燼以外、2色以上)+白朮(深林以外)+万葉(翠緑4),40603,40603,1.00:2.33,,0.08:1.45,1.6
古祠の瓏(完凸),ファントム4,HP%+水バフ+会心ダメージ,シロネン(灰燼以外、2色以上)+白朮(深林以外)+万葉(翠緑4),40603,40603,1.00:2.33,,0.39:0.83,1.6
四風原典(4重),ファントム4,HP%+水バフ+HP%,シトラリ(灰燼以外)+フリーナ(フル)+万葉(翠緑4),40596,40596,0.99:1.98,,0.25:1.10,1.6
四風原典(4重),ファントム4,HP%+水バフ+HP%,フリーナ(フル)+鍾離+万葉(翠緑4),40596,40596,0.99:1.98,,0.25:1.10,1.6
古祠の瓏(完凸),ファントム4,HP%+HP%+会心率,シトラリ(灰燼4)+鍾離+万葉(翠緑以外),40590,40590,1.00:2.33,,0.08:1.45,1.6
古祠の瓏(完凸),ファントム4,HP%+HP%+会心ダメージ,シトラリ(灰燼4)+鍾離+万葉(翠緑以外),40590,40590,1.00:2.33,,0.39:0.83,1.6
古祠の瓏(完凸),ファントム4,HP%+水バフ+元素熟知,シトラリ(灰燼4)+シロネン(灰燼以外、2色以上)+フリーナ(フル),40583,40583,1.00:2.02,,0.23:1.14,1.6
古祠の瓏(完凸),ファントム4,HP%+水バフ+元素熟知,シトラリ(灰燼以外)+シロネン(灰燼4、2色以上)+フリーナ(フル),40583,40583,1.00:2.02,,0.23:1.14,1.6
古祠の瓏(完凸),ファントム4,HP%+水バフ+HP%,シトラリ(灰燼以外)+シロネン(灰燼以外、2色以上)+万葉(翠緑以外),40569,40569,1.00:2.02,,0.23:1.14,1.6
流浪完凸(期待値),ファントム4,HP%+水バフ+HP%,シロネン(灰燼4、2色以上)+ベネット(西風、旧貴族)+万葉(翠緑4),40512,40512,0.96:1.93,,0.55:0.49,1.6
流浪完凸(期待値),ファントム4,HP%+水バフ+HP%,シロネン(灰燼4、2色以上)+白朮(深林4)+万葉(翠緑4),40512,40512,0.96:1.93,,0.55:0.49,1.6
流浪完凸(期待値),ファントム4,HP%+水バフ+HP%,シロネン(灰燼4、2色以上)+白朮(深林以外)+万葉(翠緑4),40512,40512,0.96:1.93,,0.55:0.49,1.6
波乗りの旋回(完凸、フル),ファントム4,HP%+水バフ+HP%,シロネン(灰燼4、2色以上)+フリーナ(フル)+万葉(翠緑以外),40486,40486,0.83:1.65,,0.42:0.77,1.6
古祠の瓏(完凸),ファントム4,HP%+水バフ+会心率,フリーナ(フル)+ベネット(西風、旧貴族)+万葉(翠緑4),40485,40485,1.00:2.33,,0.08:1.45,1.6
古祠の瓏(完凸),ファントム4,HP%+水バフ+会心ダメージ,フリーナ(フル)+ベネット(西風、旧貴族)+万葉(翠緑4),40485,40485,1.00:2.33,,0.39:0.83,1.6
古祠の瓏(完凸),ファントム4,HP%+水バフ+会心率,フリーナ(フル)+白朮(深林4)+万葉(翠緑4),40485,40485,1.00:2.33,,0.08:1.45,1.6
古祠の瓏(完凸),ファントム4,HP%+水バフ+会心ダメージ,フリーナ(フル)+白朮(深林4)+万葉(翠緑4),40485,40485,1.00:2.33,,0.39:0.83,1.6
古祠の瓏(完凸),ファントム4,HP%+水バフ+会心率,フリーナ(フル)+白朮(深林以外)+万葉(翠緑4),40485,40485,1.00:2.33,,0.08:1.45,1.6
古祠の瓏(完凸),ファントム4,HP%+水バフ+会心ダメージ,フリーナ(フル)+白朮(深林以外)+万葉(翠緑4),40485,40485,1.00:2.33,,0.39:0.83,1.6
古祠の瓏(完凸),ファントム4,HP%+水バフ+HP%,シロネン(灰燼4、2色以上)+万葉(翠緑4),40458,40458,1.00:2.02,,0.23:1.14,1.6
古祠の瓏(完凸),ファントム4,HP%+HP%+元素熟知,シトラリ(灰燼4)+シロネン(灰燼以外、2色以上)+フリーナ(フル),40396,40396,1.00:2.02,,0.23:1.14,1.6
古祠の瓏(完凸),ファントム4,HP%+HP%+元素熟知,シトラリ(灰燼以外)+シロネン(灰燼4、2色以上)+フリーナ(フル),40396,40396,1.00:2.02,,0.23:1.14,1.6
四風原典(4重),ファントム4,HP%+HP%+元素熟知,シトラリ(灰燼4)+シロネン(灰燼4、2色以上)+フリーナ(フル),40360,40360,0.99:1.98,,0.25:1.10,1.6
波乗りの旋回(完凸、フル),ファントム4,HP%+HP%+HP%,シロネン(灰燼以外、2色以上)+フリーナ(フル)+万葉(翠緑4),40261,40261,0.83:1.65,,0.42:0.77,1.6
四風原典(4重),ファントム4,HP%+HP%+元素熟知,シトラリ(灰燼4)+シロネン(灰燼以外、2色以上)+万葉(翠緑4),40228,40228,0.99:1.98,,0.25:1.10,1.6
四風原典(4重),ファントム4,HP%+HP%+元素熟知,シトラリ(灰燼以外)+シロネン(灰燼4、2色以上)+万葉(翠緑4),40228,40228,0.99:1.98,,0.25:1.10,1.6
四風原典(4重),ファントム4,HP%+HP%+HP%,シロネン(灰燼4、2色以上)+鍾離+万葉(翠緑4),40219,40219,0.99:1.98,,0.25:1.10,1.6
古祠の瓏(完凸),ファントム4,HP%+HP%+HP%,シロネン(灰燼以外、2色以上)+ベネット(西風、旧貴族)+万葉(翠緑4),40214,40214,1.00:2.02,,0.23:1.14,1.6
古祠の瓏(完凸),ファントム4,HP%+HP%+HP%,シロネン(灰燼以外、2色以上)+白朮(深林4)+万葉(翠緑4),40214,40214,1.00:2.02,,0.23:1.14,1.6
古祠の瓏(完凸),ファントム4,HP%+HP%+HP%,シロネン(灰燼以外、2色以上)+白朮(深林以外)+万葉(翠緑4),40214,40214,1.00:2.02,,0.23:1.14,1.6
四風原典(4重),ファントム4,HP%+HP%+元素熟知,シトラリ(灰燼4)+シロネン(灰燼4、2色以上)+万葉(翠緑以外),40206,40206,0.99:1.98,,0.25:1.10,1.6
波乗りの旋回(完凸、フル),ファントム4,HP%+水バフ+元素熟知,シトラリ(灰燼4)+シロネン(灰燼以外、2色以上)+万葉(翠緑4),40194,40194,0.83:1.65,,0.42:0.77,1.6
波乗りの旋回(完凸、フル),ファントム4,HP%+水バフ+元素熟知,シトラリ(灰燼以外)+シロネン(灰燼4、2色以上)+万葉(翠緑4),40194,40194,0.83:1.65,,0.42:0.77,1.6
古祠の瓏(完凸),ファントム4,HP%+水バフ+元素熟知,シトラリ(灰燼4)+シロネン(灰燼以外、2色以上)+万葉(翠緑以外),40189,40189,1.00:2.02,,0.23:1.14,1.6
古祠の瓏(完凸),ファントム4,HP%+水バフ+元素熟知,シトラリ(灰燼以外)+シロネン(灰燼4、2色以上)+万葉(翠緑以外),40189,40189,1.00:2.02,,0.23:1.14,1.6
波乗りの旋回(完凸、フル),ファントム4,元素熟知+水バフ+会心率,シトラリ(灰燼4)+フリーナ(フル)+万葉(翠緑4),40180,40180,0.98:1.96,,0.26:1.08,1.6
波乗りの旋回(完凸、フル),ファントム4,元素熟知+水バフ+会心ダメージ,シトラリ(灰燼4)+フリーナ(フル)+万葉(翠緑4),40180,40180,0.98:1.96,,0.57:0.46,1.6
金箔,ファントム4,HP%+水バフ+HP%,シトラリ(灰燼4)+シロネン(灰燼以外、2色以上)+万葉(翠緑4),40179,40179,0.83:1.65,,0.42:0.77,1.6
金箔,ファントム4,HP%+水バフ+HP%,シトラリ(灰燼以外)+シロネン(灰燼4、2色以上)+万葉(翠緑4),40179,40179,0.83:1.65,,0.42:0.77,1.6
金箔,ファントム4,HP%+水バフ+会心率,シトラリ(灰燼4)+フリーナ(フル)+万葉(翠緑4),40164,40164,0.98:1.96,,0.26:1.08,1.6
金箔,ファントム4,HP%+水バフ+会心ダメージ,シトラリ(灰燼4)+フリーナ(フル)+万葉(翠緑4),40164,40164,0.98:1.96,,0.57:0.46,1.6
波乗りの旋回(完凸、フル),ファントム4,HP%+水バフ+会心率,シトラリ(灰燼4)+フリーナ(フル)+万葉(翠緑以外),40157,40157,0.98:1.96,,0.26:1.08,1.6
波乗りの旋回(完凸、フル),ファントム4,HP%+水バフ+会心ダメージ,シトラリ(灰燼4)+フリーナ(フル)+万葉(翠緑以外),40157,40157,0.98:1.96,,0.57:0.46,1.6
波乗りの旋回(完凸、フル),ファントム4,HP%+水バフ+HP%,シトラリ(灰燼4)+シロネン(灰燼以外、2色以上)+フリーナ(フル),40141,40141,0.83:1.65,,0.42:0.77,1.6
波乗りの旋回(完凸、フル),ファントム4,HP%+水バフ+HP%,シトラリ(灰燼以外)+シロネン(灰燼4、2色以上)+フリーナ(フル),40141,40141,0.83:1.65,,0.42:0.77,1.6
波乗りの旋回(完凸、フル),ファントム4,HP%+HP%+会心率,シロネン(灰燼4、2色以上)+鍾離+万葉(翠緑4),40133,40133,0.98:1.96,,0.26:1.08,1.6
波乗りの旋回(完凸、フル),ファントム4,HP%+HP%+会心ダメージ,シロネン(灰燼4、2色以上)+鍾離+万葉(翠緑4),40133,40133,0.98:1.96,,0.57:0.46,1.6
波乗りの旋回(完凸、フル),ファントム4,HP%+HP%+会心率,シトラリ(灰燼4)+フリーナ(フル)+万葉(翠緑以外),40117,40117,0.98:1.96,,0.26:1.08,1.6
波乗りの旋回(完凸、フル),ファントム4,HP%+HP%+会心ダメージ,シトラリ(灰燼4)+フリーナ(フル)+万葉(翠緑以外),40117,40117,0.98:1.96,,0.57:0.46,1.6
波乗りの旋回(完凸、フル),ファントム4,HP%+HP%+HP%,シトラリ(灰燼4)+シロネン(灰燼4、2色以上)+ベネット(西風、旧貴族),40110,40110,0.83:1.65,,0.42:0.77,1.6
波乗りの旋回(完凸、フル),ファントム4,HP%+HP%+HP%,シトラリ(灰燼4)+シロネン(灰燼4、2色以上)+白朮(深林4),40110,40110,0.83:1.65,,0.42:0.77,1.6
波乗りの旋回(完凸、フル),ファントム4,HP%+HP%+HP%,シトラリ(灰燼4)+シロネン(灰燼4、2色以上)+白朮(深林以外),40110,40110,0.83:1.65,,0.42:0.77,1.6
波乗りの旋回(完凸、フル),ファントム4,HP%+水バフ+会心率,シトラリ(灰燼4)+フリーナ(フル)+鍾離,40062,40062,0.98:1.96,,0.26:1.08,1.6
波乗りの旋回(完凸、フル),ファントム4,HP%+水バフ+会心ダメージ,シトラリ(灰燼4)+フリーナ(フル)+鍾離,40062,40062,0.98:1.96,,0.57:0.46,1.6
古祠の瓏(完凸),ファントム4,HP%+HP%+会心率,フリーナ(フル)+ベネット(西風、旧貴族)+万葉(翠緑4),40055,40055,1.00:2.33,,0.08:1.45,1.6
古祠の瓏(完凸),ファントム4,HP%+HP%+会心ダメージ,フリーナ(フル)+ベネット(西風、旧貴族)+万葉(翠緑4),40055,40055,1.00:2.33,,0.39:0.83,1.6
古祠の瓏(完凸),ファントム4,HP%+HP%+会心率,フリーナ(フル)+白朮(深林4)+万葉(翠緑4),40055,40055,1.00:2.33,,0.08:1.45,1.6
古祠の瓏(完凸),ファントム4,HP%+HP%+会心ダメージ,フリーナ(フル)+白朮(深林4)+万葉(翠緑4),40055,40055,1.00:2.33,,0.39:0.83,1.6
古祠の瓏(完凸),ファントム4,HP%+HP%+会心率,フリーナ(フル)+白朮(深林以外)+万葉(翠緑4),40055,40055,1.00:2.33,,0.08:1.45,1.6
古祠の瓏(完凸),ファントム4,HP%+HP%+会心ダメージ,フリーナ(フル)+白朮(深林以外)+万葉(翠緑4),40055,40055,1.00:2.33,,0.39:0.83,1.6
波乗りの旋回(完凸、フル),ファントム4,元素熟知+元素熟知+会心率,シトラリ(灰燼4)+シロネン(灰燼4、2色以上)+万葉(翠緑4),40035,40035,0.98:1.96,,0.26:1.08,1.6
波乗りの旋回(完凸、フル),ファントム4,元素熟知+元素熟知+会心ダメージ,シトラリ(灰燼4)+シロネン(灰燼4、2色以上)+万葉(翠緑4),40035,40035,0.98:1.96,,0.57:0.46,1.6
金箔,ファントム4,HP%+元素熟知+会心率,シトラリ(灰燼4)+シロネン(灰燼4、2色以上)+万葉(翠緑4),40017,40017,0.98:1.96,,0.26:1.08,1.6
金箔,ファントム4,HP%+元素熟知+会心ダメージ,シトラリ(灰燼4)+シロネン(灰燼4、2色以上)+万葉(翠緑4),40017,40017,0.98:1.96,,0.57:0.46,1.6
波乗りの旋回(完凸、フル),ファントム4,HP%+水バフ+会心率,シトラリ(灰燼4)+鍾離+万葉(翠緑以外),40009,40009,0.98:1.96,,0.26:1.08,1.6
波乗りの旋回(完凸、フル),ファントム4,HP%+水バフ+会心ダメージ,シトラリ(灰燼4)+鍾離+万葉(翠緑以外),40009,40009,0.98:1.96,,0.57:0.46,1.6
古祠の瓏(完凸),ファントム4,HP%+HP%+元素熟知,シトラリ(灰燼4)+ベネット(西風、旧貴族)+万葉(翠緑4),40001,40001,1.00:2.02,,0.23:1.14,1.6
古祠の瓏(完凸),ファントム4,HP%+HP%+元素熟知,シトラリ(灰燼4)+白朮(深林4)+万葉(翠緑4),40001,40001,1.00:2.02,,0.23:1.14,1.6
古祠の瓏(完凸),ファントム4,HP%+HP%+元素熟知,シトラリ(灰燼4)+白朮(深林以外)+万葉(翠緑4),40001,40001,1.00:2.02,,0.23:1.14,1.6
波乗りの旋回(完凸、フル),ファントム4,HP%+水バフ+HP%,シトラリ(灰燼以外)+シロネン(灰燼以外、2色以上)+万葉(翠緑4),39988,39988,0.83:1.65,,0.42:0.77,1.6
古祠の瓏(完凸),ファントム4,HP%+元素熟知+会心率,シトラリ(灰燼4)+鍾離+万葉(翠緑4),39986,39986,1.00:2.33,,0.08:1.45,1.6
古祠の瓏(完凸),ファントム4,HP%+元素熟知+会心ダメージ,シトラリ(灰燼4)+鍾離+万葉(翠緑4),39986,39986,1.00:2.33,,0.39:0.83,1.6
四風原典(4重),ファントム4,HP%+HP%+会心率,シトラリ(灰燼4)+シロネン(灰燼4、2色以上)+ベネット(西風、旧貴族),39983,39983,1.00:2.29,,0.10:1.41,1.6
四風原典(4重),ファントム4,HP%+HP%+会心ダメージ,シトラリ(灰燼4)+シロネン(灰燼4、2色以上)+ベネット(西風、旧貴族),39983,39983,1.00:2.29,,0.41:0.79,1.6
四風原典(4重),ファントム4,HP%+HP%+会心率,シトラリ(灰燼4)+シロネン(灰燼4、2色以上)+白朮(深林4),39983,39983,1.00:2.29,,0.10:1.41,1.6
四風原典(4重),ファントム4,HP%+HP%+会心ダメージ,シトラリ(灰燼4)+シロネン(灰燼4、2色以上)+白朮(深林4),39983,39983,1.00:2.29,,0.41:0.79,1.6
四風原典(4重),ファントム4,HP%+HP%+会心率,シトラリ(灰燼4)+シロネン(灰燼4、2色以上)+白朮(深林以外),39983,39983,1.00:2.29,,0.10:1.41,1.6
四風原典(4重),ファントム4,HP%+HP%+会心ダメージ,シトラリ(灰燼4)+シロネン(灰燼4、2色以上)+白朮(深林以外),39983,39983,1.00:2.29,,0.41:0.79,1.6
流浪完凸(期待値),ファントム4,HP%+HP%+HP%,シロネン(灰燼以外、2色以上)+フリーナ(フル)+万葉(翠緑4),39947,39947,0.96:1.93,,0.55:0.49,1.6
四風原典(4重),ファントム4,HP%+HP%+会心率,シロネン(灰燼4、2色以上)+フリーナ(フル)+万葉(翠緑以外),39937,39937,1.00:2.29,,0.10:1.41,1.6
四風原典(4重),ファントム4,HP%+HP%+会心ダメージ,シロネン(灰燼4、2色以上)+フリーナ(フル)+万葉(翠緑以外),39937,39937,1.00:2.29,,0.41:0.79,1.6
古祠の瓏(完凸),ファントム4,HP%+水バフ+元素熟知,シトラリ(灰燼以外)+フリーナ(フル)+万葉(翠緑4),39897,39897,1.00:2.02,,0.23:1.14,1.6
古祠の瓏(完凸),ファントム4,HP%+水バフ+元素熟知,フリーナ(フル)+鍾離+万葉(翠緑4),39897,39897,1.00:2.02,,0.23:1.14,1.6
古祠の瓏(完凸),ファントム4,HP%+HP%+会心率,シロネン(灰燼4、2色以上)+ベネット(西風、旧貴族)+万葉(翠緑以外),39885,39885,1.00:2.33,,0.08:1.45,1.6
古祠の瓏(完凸),ファントム4,HP%+HP%+会心ダメージ,シロネン(灰燼4、2色以上)+ベネット(西風、旧貴族)+万葉(翠緑以外),39885,39885,1.00:2.33,,0.39:0.83,1.6
古祠の瓏(完凸),ファントム4,HP%+HP%+会心率,シロネン(灰燼4、2色以上)+白朮(深林4)+万葉(翠緑以外),39885,39885,1.00:2.33,,0.08:1.45,1.6
古祠の瓏(完凸),ファントム4,HP%+HP%+会心ダメージ,シロネン(灰燼4、2色以上)+白朮(深林4)+万葉(翠緑以外),39885,39885,1.00:2.33,,0.39:0.83,1.6
古祠の瓏(完凸),ファントム4,HP%+HP%+会心率,シロネン(灰燼4、2色以上)+白朮(深林以外)+万葉(翠緑以外),39885,39885,1.00:2.33,,0.08:1.45,1.6
古祠の瓏(完凸),ファントム4,HP%+HP%+会心ダメージ,シロネン(灰燼4、2色以上)+白朮(深林以外)+万葉(翠緑以外),39885,39885,1.00:2.33,,0.39:0.83,1.6
波乗りの旋回(完凸、フル),ファントム4,HP%+水バフ+元素熟知,シトラリ(灰燼4)+シロネン(灰燼4、2色以上)+万葉(翠緑以外),39859,39859,0.83:1.65,,0.42:0.77,1.6
金箔,ファントム4,HP%+水バフ+HP%,シトラリ(灰燼4)+シロネン(灰燼4、2色以上)+万葉(翠緑以外),39844,39844,0.83:1.65,,0.42:0.77,1.6
古祠の瓏(完凸),ファントム4,元素熟知+水バフ+元素熟知,シロネン(灰燼4、2色以上)+フリーナ(フル)+万葉(翠緑4),39803,39803,1.00:2.02,,0.23:1.14,1.6
波乗りの旋回(完凸、フル),ファントム4,HP%+水バフ+会心率,シトラリ(灰燼以外)+鍾離+万葉(翠緑4),39785,39785,0.98:1.96,,0.26:1.08,1.6
波乗りの旋回(完凸、フル),ファントム4,HP%+水バフ+会心ダメージ,シトラリ(灰燼以外)+鍾離+万葉(翠緑4),39785,39785,0.98:1.96,,0.57:0.46,1.6
四風原典(4重),ファントム4,HP%+水バフ+会心率,シトラリ(灰燼4)+鍾離+万葉(翠緑4),39783,39783,1.00:2.29,,0.10:1.41,1.6
四風原典(4重),ファントム4,HP%+水バフ+会心ダメージ,シトラリ(灰燼4)+鍾離+万葉(翠緑4),39783,39783,1.00:2.29,,0.41:0.79,1.6
古祠の瓏(完凸),ファントム4,HP%+水バフ+会心率,シロネン(灰燼以外、2色以上)+フリーナ(フル)+万葉(翠緑以外),39781,39781,1.00:2.33,,0.08:1.45,1.6
古祠の瓏(完凸),ファントム4,HP%+水バフ+会心ダメージ,シロネン(灰燼以外、2色以上)+フリーナ(フル)+万葉(翠緑以外),39781,39781,1.00:2.33,,0.39:0.83,1.6
四風原典(4重),ファントム4,HP%+HP%+元素熟知,シトラリ(灰燼4)+フリーナ(フル)+万葉(翠緑4),39781,39781,0.99:1.98,,0.25:1.10,1.6
古祠の瓏(完凸),ファントム4,HP%+元素熟知+元素熟知,シトラリ(灰燼4)+シロネン(灰燼4、2色以上)+フリーナ(フル),39709,39709,1.00:2.02,,0.23:1.14,1.6
波乗りの旋回(完凸、フル),ファントム4,HP%+HP%+HP%,シロネン(灰燼4、2色以上)+フリーナ(フル)+万葉(翠緑以外),39680,39680,0.83:1.65,,0.42:0.77,1.6
古祠の瓏(完凸),ファントム4,HP%+水バフ+HP%,シトラリ(灰燼4)+ベネット(西風、旧貴族)+鍾離,39642,39642,1.00:2.02,,0.23:1.14,1.6
古祠の瓏(完凸),ファントム4,HP%+水バフ+HP%,シトラリ(灰燼4)+鍾離+白朮(深林4),39642,39642,1.00:2.02,,0.23:1.14,1.6
古祠の瓏(完凸),ファントム4,HP%+水バフ+HP%,シトラリ(灰燼4)+鍾離+白朮(深林以外),39642,39642,1.00:2.02,,0.23:1.14,1.6
四風原典(4重),ファントム4,HP%+HP%+HP%,シトラリ(灰燼4)+フリーナ(フル)+万葉(翠緑以外),39627,39627,0.99:1.98,,0.25:1.10,1.6
波乗りの旋回(完凸、フル),ファントム4,HP%+水バフ+会心率,シトラリ(灰燼4)+シロネン(灰燼4、2色以上)+鍾離,39604,39604,0.98:1.96,,0.26:1.08,1.6
波乗りの旋回(完凸、フル),ファントム4,HP%+水バフ+会心ダメージ,シトラリ(灰燼4)+シロネン(灰燼4、2色以上)+鍾離,39604,39604,0.98:1.96,,0.57:0.46,1.6
古祠の瓏(完凸),ファントム4,HP%+HP%+HP%,シトラリ(灰燼4)+フリーナ(フル)+ベネット(西風、旧貴族),39590,39590,1.00:2.02,,0.23:1.14,1.6
古祠の瓏(完凸),ファントム4,HP%+HP%+HP%,シトラリ(灰燼4)+フリーナ(フル)+白朮(深林4),39590,39590,1.00:2.02,,0.23:1.14,1.6
古祠の瓏(完凸),ファントム4,HP%+HP%+HP%,シトラリ(灰燼4)+フリーナ(フル)+白朮(深林以外),39590,39590,1.00:2.02,,0.23:1.14,1.6
流浪完凸(期待値),ファントム4,HP%+水バフ+HP%,シロネン(灰燼以外、2色以上)+フリーナ(フル)+万葉(翠緑4),39588,39588,0.96:1.93,,0.55:0.49,1.6
古祠の瓏(完凸),ファントム4,HP%+水バフ+元素熟知,シトラリ(灰燼以外)+シロネン(灰燼以外、2色以上)+万葉(翠緑4),39580,39580,1.00:2.02,,0.23:1.14,1.6
波乗りの旋回(完凸、フル),ファントム4,HP%+HP%+元素熟知,シトラリ(灰燼4)+シロネン(灰燼4、2色以上)+万葉(翠緑以外),39579,39579,0.83:1.65,,0.42:0.77,1.6
金箔,ファントム4,HP%+HP%+HP%,シトラリ(灰燼4)+シロネン(灰燼4、2色以上)+万葉(翠緑以外),39567,39567,0.83:1.65,,0.42:0.77,1.6
古祠の瓏(完凸),ファントム4,HP%+水バフ+HP%,シロネン(灰燼4、2色以上)+鍾離+万葉(翠緑以外),39561,39561,1.00:2.02,,0.23:1.14,1.6
波乗りの旋回(完凸、フル),ファントム4,HP%+水バフ+会心率,シロネン(灰燼4、2色以上)+フリーナ(フル)+鍾離,39552,39552,0.98:1.96,,0.26:1.08,1.6
波乗りの旋回(完凸、フル),ファントム4,HP%+水バフ+会心ダメージ,シロネン(灰燼4、2色以上)+フリーナ(フル)+鍾離,39552,39552,0.98:1.96,,0.57:0.46,1.6
流浪完凸(期待値),ファントム4,HP%+水バフ+元素熟知,シトラリ(灰燼4)+シロネン(灰燼4、2色以上)+万葉(翠緑4),39547,39547,0.96:1.93,,0.55:0.49,1.6
古祠の瓏(完凸),ファントム4,HP%+HP%+元素熟知,シトラリ(灰燼以外)+フリーナ(フル)+万葉(翠緑4),39473,39473,1.00:2.02,,0.23:1.14,1.6
古祠の瓏(完凸),ファントム4,HP%+HP%+元素熟知,フリーナ(フル)+鍾離+万葉(翠緑4),39473,39473,1.00:2.02,,0.23:1.14,1.6
古祠の瓏(完凸),ファントム4,HP%+元素熟知+会心率,シロネン(灰燼以外、2色以上)+フリーナ(フル)+万葉(翠緑4),39466,39466,1.00:2.33,,0.08:1.45,1.6
古祠の瓏(完凸),ファントム4,HP%+元素熟知+会心ダメージ,シロネン(灰燼以外、2色以上)+フリーナ(フル)+万葉(翠緑4),39466,39466,1.00:2.33,,0.39:0.83,1.6
波乗りの旋回(完凸、フル),ファントム4,HP%+水バフ+HP%,シトラリ(灰燼以外)+フリーナ(フル)+万葉(翠緑4),39463,39463,0.83:1.65,,0.42:0.77,1.6
波乗りの旋回(完凸、フル),ファントム4,HP%+水バフ+HP%,フリーナ(フル)+鍾離+万葉(翠緑4),39463,39463,0.83:1.65,,0.42:0.77,1.6
四風原典(4重),ファントム4,HP%+水バフ+元素熟知,シロネン(灰燼4、2色以上)+フリーナ(フル)+万葉(翠緑4),39447,39447,0.99:1.98,,0.25:1.10,1.6
四風原典(4重),ファントム4,HP%+HP%+会心率,シトラリ(灰燼4)+シロネン(灰燼以外、2色以上)+フリーナ(フル),39421,39421,1.00:2.29,,0.10:1.41,1.6
四風原典(4重),ファントム4,HP%+HP%+会心ダメージ,シトラリ(灰燼4)+シロネン(灰燼以外、2色以上)+フリーナ(フル),39421,39421,1.00:2.29,,0.41:0.79,1.6
四風原典(4重),ファントム4,HP%+HP%+会心率,シトラリ(灰燼以外)+シロネン(灰燼4、2色以上)+フリーナ(フル),39421,39421,1.00:2.29,,0.10:1.41,1.6
四風原典(4重),ファントム4,HP%+HP%+会心ダメージ,シトラリ(灰燼以外)+シロネン(灰燼4、2色以上)+フリーナ(フル),39421,39421,1.00:2.29,,0.41:0.79,1.6
古祠の瓏(完凸),ファントム4,HP%+元素熟知+会心率,シロネン(灰燼4、2色以上)+ベネット(西風、旧貴族)+万葉(翠緑4),39393,39393,1.00:2.33,,0.08:1.45,1.6
古祠の瓏(完凸),ファントム4,HP%+元素熟知+会心ダメージ,シロネン(灰燼4、2色以上)+ベネット(西風、旧貴族)+万葉(翠緑4),39393,39393,1.00:2.33,,0.39:0.83,1.6
古祠の瓏(完凸),ファントム4,HP%+元素熟知+会心率,シロネン(灰燼4、2色以上)+白朮(深林4)+万葉(翠緑4),39393,39393,1.00:2.33,,0.08:1.45,1.6
古祠の瓏(完凸),ファントム4,HP%+元素熟知+会心ダメージ,シロネン(灰燼4、2色以上)+白朮(深林4)+万葉(翠緑4),39393,39393,1.00:2.33,,0.39:0.83,1.6
古祠の瓏(完凸),ファントム4,HP%+元素熟知+会心率,シロネン(灰燼4、2色以上)+白朮(深林以外)+万葉(翠緑4),39393,39393,1.00:2.33,,0.08:1.45,1.6
古祠の瓏(完凸),ファントム4,HP%+元素熟知+会心ダメージ,シロネン(灰燼4、2色以上)+白朮(深林以外)+万葉(翠緑4),39393,39393,1.00:2.33,,0.39:0.83,1.6
波乗りの旋回(完凸、フル),ファントム4,HP%+HP%+会心率,シトラリ(灰燼4)+フリーナ(フル)+鍾離,39392,39392,0.98:1.96,,0.26:1.08,1.6
波乗りの旋回(完凸、フル),ファントム4,HP%+HP%+会心ダメージ,シトラリ(灰燼4)+フリーナ(フル)+鍾離,39392,39392,0.98:1.96,,0.57:0.46,1.6
波乗りの旋回(完凸、フル),ファントム4,HP%+水バフ+会心率,シロネン(灰燼4、2色以上)+フリーナ(フル)+ベネット(西風、旧貴族),39365,39365,0.98:1.96,,0.26:1.08,1.6
波乗りの旋回(完凸、フル),ファントム4,HP%+水バフ+会心ダメージ,シロネン(灰燼4、2色以上)+フリーナ(フル)+ベネット(西風、旧貴族),39365,39365,0.98:1.96,,0.57:0.46,1.6
波乗りの旋回(完凸、フル),ファントム4,HP%+水バフ+会心率,シロネン(灰燼4、2色以上)+フリーナ(フル)+白朮(深林4),39365,39365,0.98:1.96,,0.26:1.08,1.6
波乗りの旋回(完凸、フル),ファントム4,HP%+水バフ+会心ダメージ,シロネン(灰燼4、2色以上)+フリーナ(フル)+白朮(深林4),39365,39365,0.98:1.96,,0.57:0.46,1.6
波乗りの旋回(完凸、フル),ファントム4,HP%+水バフ+会心率,シロネン(灰燼4、2色以上)+フリーナ(フル)+白朮(深林以外),39365,39365,0.98:1.96,,0.26:1.08,1.6
波乗りの旋回(完凸、フル),ファントム4,HP%+水バフ+会心ダメージ,シロネン(灰燼4、2色以上)+フリーナ(フル)+白朮(深林以外),39365,39365,0.98:1.96,,0.57:0.46,1.6
古祠の瓏(完凸),ファントム4,HP%+HP%+元素熟知,シトラリ(灰燼4)+シロネン(灰燼以外、2色以上)+万葉(翠緑以外),39361,39361,1.00:2.02,,0.23:1.14,1.6
古祠の瓏(完凸),ファントム4,HP%+HP%+元素熟知,シトラリ(灰燼以外)+シロネン(灰燼4、2色以上)+万葉(翠緑以外),39361,39361,1.00:2.02,,0.23:1.14,1.6
古祠の瓏(完凸),ファントム4,HP%+HP%+会心率,シロネン(灰燼以外、2色以上)+フリーナ(フル)+万葉(翠緑以外),39359,39359,1.00:2.33,,0.08:1.45,1.6
古祠の瓏(完凸),ファントム4,HP%+HP%+会心ダメージ,シロネン(灰燼以外、2色以上)+フリーナ(フル)+万葉(翠緑以外),39359,39359,1.00:2.33,,0.39:0.83,1.6
四風原典(4重),ファントム4,HP%+HP%+HP%,シトラリ(灰燼4)+フリーナ(フル)+鍾離,39357,39357,0.99:1.98,,0.25:1.10,1.6
古祠の瓏(完凸),ファントム4,HP%+水バフ+HP%,シロネン(灰燼以外、2色以上)+鍾離+万葉(翠緑4),39342,39342,1.00:2.02,,0.23:1.14,1.6
古祠の瓏(完凸),ファントム4,HP%+水バフ+HP%,シトラリ(灰燼以外)+フリーナ(フル)+万葉(翠緑以外),39338,39338,1.00:2.02,,0.23:1.14,1.6
古祠の瓏(完凸),ファントム4,HP%+水バフ+HP%,フリーナ(フル)+鍾離+万葉(翠緑以外),39338,39338,1.00:2.02,,0.23:1.14,1.6
古祠の瓏(完凸),ファントム4,元素熟知+水バフ+会心率,シトラリ(灰燼4)+鍾離+万葉(翠緑4),39327,39327,1.00:2.33,,0.08:1.45,1.6
古祠の瓏(完凸),ファントム4,元素熟知+水バフ+会心ダメージ,シトラリ(灰燼4)+鍾離+万葉(翠緑4),39327,39327,1.00:2.33,,0.39:0.83,1.6
古祠の瓏(完凸),ファントム4,HP%+HP%+HP%,シトラリ(灰燼4)+シロネン(灰燼以外、2色以上)+ベネット(西風、旧貴族),39316,39316,1.00:2.02,,0.23:1.14,1.6
古祠の瓏(完凸),ファントム4,HP%+HP%+HP%,シトラリ(灰燼4)+シロネン(灰燼以外、2色以上)+白朮(深林4),39316,39316,1.00:2.02,,0.23:1.14,1.6
古祠の瓏(完凸),ファントム4,HP%+HP%+HP%,シトラリ(灰燼4)+シロネン(灰燼以外、2色以上)+白朮(深林以外),39316,39316,1.00:2.02,,0.23:1.14,1.6
古祠の瓏(完凸),ファントム4,HP%+HP%+HP%,シトラリ(灰燼以外)+シロネン(灰燼4、2色以上)+ベネット(西風、旧貴族),39316,39316,1.00:2.02,,0.23:1.14,1.6
古祠の瓏(完凸),ファントム4,HP%+HP%+HP%,シトラリ(灰燼以外)+シロネン(灰燼4、2色以上)+白朮(深林4),39316,39316,1.00:2.02,,0.23:1.14,1.6
古祠の瓏(完凸),ファントム4,HP%+HP%+HP%,シトラリ(灰燼以外)+シロネン(灰燼4、2色以上)+白朮(深林以外),39316,39316,1.00:2.02,,0.23:1.14,1.6
波乗りの旋回(完凸、フル),ファントム4,HP%+水バフ+会心率,シロネン(灰燼4、2色以上)+ベネット(西風、旧貴族)+万葉(翠緑以外),39313,39313,0.98:1.96,,0.26:1.08,1.6
波乗りの旋回(完凸、フル),ファントム4,HP%+水バフ+会心ダメージ,シロネン(灰燼4、2色以上)+ベネット(西風、旧貴族)+万葉(翠緑以外),39313,39313,0.98:1.96,,0.57:0.46,1.6
波乗りの旋回(完凸、フル),ファントム4,HP%+水バフ+会心率,シロネン(灰燼4、2色以上)+白朮(深林4)+万葉(翠緑以外),39313,39313,0.98:1.96,,0.26:1.08,1.6
波乗りの旋回(完凸、フル),ファントム4,HP%+水バフ+会心ダメージ,シロネン(灰燼4、2色以上)+白朮(深林4)+万葉(翠緑以外),39313,39313,0.98:1.96,,0.57:0.46,1.6
波乗りの旋回(完凸、フル),ファントム4,HP%+水バフ+会心率,シロネン(灰燼4、2色以上)+白朮(深林以外)+万葉(翠緑以外),39313,39313,0.98:1.96,,0.26:1.08,1.6
波乗りの旋回(完凸、フル),ファントム4,HP%+水バフ+会心ダメージ,シロネン(灰燼4、2色以上)+白朮(深林以外)+万葉(翠緑以外),39313,39313,0.98:1.96,,0.57:0.46,1.6
波乗りの旋回(完凸、フル),ファントム4,HP%+HP%+元素熟知,シトラリ(灰燼4)+シロネン(灰燼4、2色以上)+フリーナ(フル),39277,39277,0.83:1.65,,0.42:0.77,1.6
四風原典(4重),ファントム4,HP%+水バフ+HP%,シロネン(灰燼4、2色以上)+鍾離+万葉(翠緑4),39267,39267,0.99:1.98,,0.25:1.10,1.6
金箔,ファントム4,HP%+HP%+HP%,シトラリ(灰燼4)+シロネン(灰燼4、2色以上)+フリーナ(フル),39265,39265,0.83:1.65,,0.42:0.77,1.6
古祠の瓏(完凸),ファントム4,HP%+水バフ+会心率,シトラリ(灰燼4)+シロネン(灰燼以外、2色以上)+ベネット(西風、旧貴族),39244,39244,1.00:2.33,,0.08:1.45,1.6
古祠の瓏(完凸),ファントム4,HP%+水バフ+会心ダメージ,シトラリ(灰燼4)+シロネン(灰燼以外、2色以上)+ベネット(西風、旧貴族),39244,39244,1.00:2.33,,0.39:0.83,1.6
古祠の瓏(完凸),ファントム4,HP%+水バフ+会心率,シトラリ(灰燼4)+シロネン(灰燼以外、2色以上)+白朮(深林4),39244,39244,1.00:2.33,,0.08:1.45,1.6
古祠の瓏(完凸),ファントム4,HP%+水バフ+会心ダメージ,シトラリ(灰燼4)+シロネン(灰燼以外、2色以上)+白朮(深林4),39244,39244,1.00:2.33,,0.39:0.83,1.6
古祠の瓏(完凸),ファントム4,HP%+水バフ+会心率,シトラリ(灰燼4)+シロネン(灰燼以外、2色以上)+白朮(深林以外),39244,39244,1.00:2.33,,0.08:1.45,1.6
古祠の瓏(完凸),ファントム4,HP%+水バフ+会心ダメージ,シトラリ(灰燼4)+シロネン(灰燼以外、2色以上)+白朮(深林以外),39244,39244,1.00:2.33,,0.39:0.83,1.6
古祠の瓏(完凸),ファントム4,HP%+水バフ+会心率,シトラリ(灰燼以外)+シロネン(灰燼4、2色以上)+ベネット(西風、旧貴族),39244,39244,1.00:2.33,,0.08:1.45,1.6
古祠の瓏(完凸),ファントム4,HP%+水バフ+会心ダメージ,シトラリ(灰燼以外)+シロネン(灰燼4、2色以上)+ベネット(西風、旧貴族),39244,39244,1.00:2.33,,0.39:0.83,1.6
古祠の瓏(完凸),ファントム4,HP%+水バフ+会心率,シトラリ(灰燼以外)+シロネン(灰燼4、2色以上)+白朮(深林4),39244,39244,1.00:2.33,,0.08:1.45,1.6
古祠の瓏(完凸),ファントム4,HP%+水バフ+会心ダメージ,シトラリ(灰燼以外)+シロネン(灰燼4、2色以上)+白朮(深林4),39244,39244,1.00:2.33,,0.39:0.83,1.6
古祠の瓏(完凸),ファントム4,HP%+水バフ+会心率,シトラリ(灰燼以外)+シロネン(灰燼4、2色以上)+白朮(深林以外),39244,39244,1.00:2.33,,0.08:1.45,1.6
古祠の瓏(完凸),ファントム4,HP%+水バフ+会心ダメージ,シトラリ(灰燼以外)+シロネン(灰燼4、2色以上)+白朮(深林以外),39244,39244,1.00:2.33,,0.39:0.83,1.6
古祠の瓏(完凸),ファントム4,HP%+HP%+HP%,シトラリ(灰燼以外)+シロネン(灰燼以外、2色以上)+フリーナ(フル),39242,39242,1.00:2.02,,0.23:1.14,1.6
流浪完凸(期待値),ファントム4,HP%+HP%+HP%,シトラリ(灰燼4)+シロネン(灰燼4、2色以上)+ベネット(西風、旧貴族),39241,39241,0.96:1.93,,0.55:0.49,1.6
流浪完凸(期待値),ファントム4,HP%+HP%+HP%,シトラリ(灰燼4)+シロネン(灰燼4、2色以上)+白朮(深林4),39241,39241,0.96:1.93,,0.55:0.49,1.6
流浪完凸(期待値),ファントム4,HP%+HP%+HP%,シトラリ(灰燼4)+シロネン(灰燼4、2色以上)+白朮(深林以外),39241,39241,0.96:1.93,,0.55:0.49,1.6
波乗りの旋回(完凸、フル),ファントム4,HP%+HP%+会心率,シロネン(灰燼4、2色以上)+フリーナ(フル)+鍾離,39216,39216,0.98:1.96,,0.26:1.08,1.6
波乗りの旋回(完凸、フル),ファントム4,HP%+HP%+会心ダメージ,シロネン(灰燼4、2色以上)+フリーナ(フル)+鍾離,39216,39216,0.98:1.96,,0.57:0.46,1.6
波乗りの旋回(完凸、フル),ファントム4,HP%+水バフ+会心率,シロネン(灰燼以外、2色以上)+ベネット(西風、旧貴族)+万葉(翠緑4),39196,39196,0.98:1.96,,0.26:1.08,1.6
波乗りの旋回(完凸、フル),ファントム4,HP%+水バフ+会心ダメージ,シロネン(灰燼以外、2色以上)+ベネット(西風、旧貴族)+万葉(翠緑4),39196,39196,0.98:1.96,,0.57:0.46,1.6
波乗りの旋回(完凸、フル),ファントム4,HP%+水バフ+会心率,シロネン(灰燼以外、2色以上)+白朮(深林4)+万葉(翠緑4),39196,39196,0.98:1.96,,0.26:1.08,1.6
波乗りの旋回(完凸、フル),ファントム4,HP%+水バフ+会心ダメージ,シロネン(灰燼以外、2色以上)+白朮(深林4)+万葉(翠緑4),39196,39196,0.98:1.96,,0.57:0.46,1.6
波乗りの旋回(完凸、フル),ファントム4,HP%+水バフ+会心率,シロネン(灰燼以外、2色以上)+白朮(深林以外)+万葉(翠緑4),39196,39196,0.98:1.96,,0.26:1.08,1.6
波乗りの旋回(完凸、フル),ファントム4,HP%+水バフ+会心ダメージ,シロネン(灰燼以外、2色以上)+白朮(深林以外)+万葉(翠緑4),39196,39196,0.98:1.96,,0.57:0.46,1.6
四風原典(4重),ファントム4,HP%+水バフ+会心率,シロネン(灰燼4、2色以上)+ベネット(西風、旧貴族)+万葉(翠緑4),39194,39194,1.00:2.29,,0.10:1.41,1.6
四風原典(4重),ファントム4,HP%+水バフ+会心ダメージ,シロネン(灰燼4、2色以上)+ベネット(西風、旧貴族)+万葉(翠緑4),39194,39194,1.00:2.29,,0.41:0.79,1.6
四風原典(4重),ファントム4,HP%+水バフ+会心率,シロネン(灰燼4、2色以上)+白朮(深林4)+万葉(翠緑4),39194,39194,1.00:2.29,,0.10:1.41,1.6
四風原典(4重),ファントム4,HP%+水バフ+会心ダメージ,シロネン(灰燼4、2色以上)+白朮(深林4)+万葉(翠緑4),39194,39194,1.00:2.29,,0.41:0.79,1.6
四風原典(4重),ファントム4,HP%+水バフ+会心率,シロネン(灰燼4、2色以上)+白朮(深林以外)+万葉(翠緑4),39194,39194,1.00:2.29,,0.10:1.41,1.6
四風原典(4重),ファントム4,HP%+水バフ+会心ダメージ,シロネン(灰燼4、2色以上)+白朮(深林以外)+万葉(翠緑4),39194,39194,1.00:2.29,,0.41:0.79,1.6
流浪完凸(期待値),ファントム4,HP%+水バフ+会心率,シトラリ(灰燼4)+シロネン(灰燼4、2色以上)+フリーナ(フル),39183,39183,1.00:2.24,,0.40:0.80,1.6
流浪完凸(期待値),ファントム4,HP%+水バフ+会心ダメージ,シトラリ(灰燼4)+シロネン(灰燼4、2色以上)+フリーナ(フル),39183,39183,1.00:2.24,,0.71:0.18,1.6
波乗りの旋回(完凸、フル),ファントム4,HP%+元素熟知+元素熟知,シトラリ(灰燼4)+シロネン(灰燼4、2色以上)+万葉(翠緑4),39180,39180,0.83:1.65,,0.42:0.77,1.6
古祠の瓏(完凸),ファントム4,HP%+元素熟知+元素熟知,シトラリ(灰燼4)+シロネン(灰燼4、2色以上)+万葉(翠緑以外),39175,39175,1.00:2.02,,0.23:1.14,1.6
流浪完凸(期待値),ファントム4,HP%+水バフ+会心率,シトラリ(灰燼4)+シロネン(灰燼以外、2色以上)+万葉(翠緑4),39173,39173,1.00:2.24,,0.40:0.80,1.6
流浪完凸(期待値),ファントム4,HP%+水バフ+会心ダメージ,シトラリ(灰燼4)+シロネン(灰燼以外、2色以上)+万葉(翠緑4),39173,39173,1.00:2.24,,0.71:0.18,1.6
流浪完凸(期待値),ファントム4,HP%+水バフ+会心率,シトラリ(灰燼以外)+シロネン(灰燼4、2色以上)+万葉(翠緑4),39173,39173,1.00:2.24,,0.40:0.80,1.6
流浪完凸(期待値),ファントム4,HP%+水バフ+会心ダメージ,シトラリ(灰燼以外)+シロネン(灰燼4、2色以上)+万葉(翠緑4),39173,39173,1.00:2.24,,0.71:0.18,1.6
金箔,ファントム4,HP%+HP%+元素熟知,シトラリ(灰燼4)+シロネン(灰燼4、2色以上)+万葉(翠緑4),39166,39166,0.83:1.65,,0.42:0.77,1.6
波乗りの旋回(完凸、フル),ファントム4,HP%+水バフ+元素熟知,シトラリ(灰燼4)+シロネン(灰燼4、2色以上)+フリーナ(フル),39135,39135,0.83:1.65,,0.42:0.77,1.6
金箔,ファントム4,HP%+水バフ+HP%,シトラリ(灰燼4)+シロネン(灰燼4、2色以上)+フリーナ(フル),39122,39122,0.83:1.65,,0.42:0.77,1.6
波乗りの旋回(完凸、フル),ファントム4,HP%+HP%+会心率,シトラリ(灰燼以外)+シロネン(灰燼以外、2色以上)+万葉(翠緑4),39086,39086,0.98:1.96,,0.26:1.08,1.6
波乗りの旋回(完凸、フル),ファントム4,HP%+HP%+会心ダメージ,シトラリ(灰燼以外)+シロネン(灰燼以外、2色以上)+万葉(翠緑4),39086,39086,0.98:1.96,,0.57:0.46,1.6
四風原典(4重),ファントム4,HP%+水バフ+会心率,シロネン(灰燼以外、2色以上)+フリーナ(フル)+万葉(翠緑4),39053,39053,1.00:2.29,,0.10:1.41,1.6
四風原典(4重),ファントム4,HP%+水バフ+会心ダメージ,シロネン(灰燼以外、2色以上)+フリーナ(フル)+万葉(翠緑4),39053,39053,1.00:2.29,,0.41:0.79,1.6
四風原典(4重),ファントム4,HP%+HP%+会心率,シトラリ(灰燼4)+ベネット(西風、旧貴族)+万葉(翠緑4),39052,39052,1.00:2.29,,0.10:1.41,1.6
四風原典(4重),ファントム4,HP%+HP%+会心ダメージ,シトラリ(灰燼4)+ベネット(西風、旧貴族)+万葉(翠緑4),39052,39052,1.00:2.29,,0.41:0.79,1.6
四風原典(4重),ファントム4,HP%+HP%+会心率,シトラリ(灰燼4)+白朮(深林4)+万葉(翠緑4),39052,39052,1.00:2.29,,0.10:1.41,1.6
四風原典(4重),ファントム4,HP%+HP%+会心ダメージ,シトラリ(灰燼4)+白朮(深林4)+万葉(翠緑4),39052,39052,1.00:2.29,,0.41:0.79,1.6
四風原典(4重),ファントム4,HP%+HP%+会心率,シトラリ(灰燼4)+白朮(深林以外)+万葉(翠緑4),39052,39052,1.00:2.29,,0.10:1.41,1.6
四風原典(4重),ファントム4,HP%+HP%+会心ダメージ,シトラリ(灰燼4)+白朮(深林以外)+万葉(翠緑4),39052,39052,1.00:2.29,,0.41:0.79,1.6
流浪完凸(期待値),ファントム4,HP%+HP%+HP%,シロネン(灰燼4、2色以上)+フリーナ(フル)+万葉(翠緑以外),39044,39044,0.96:1.93,,0.55:0.49,1.6
四風原典(4重),ファントム4,HP%+HP%+HP%,シトラリ(灰燼4)+鍾離+万葉(翠緑以外),39030,39030,0.99:1.98,,0.25:1.10,1.6
古祠の瓏(完凸),ファントム4,HP%+元素熟知+元素熟知,シトラリ(灰燼4)+フリーナ(フル)+万葉(翠緑4),39009,39009,1.00:2.02,,0.23:1.14,1.6
古祠の瓏(完凸),ファントム4,HP%+HP%+HP%,シトラリ(灰燼4)+ベネット(西風、旧貴族)+万葉(翠緑以外),39005,39005,1.00:2.02,,0.23:1.14,1.6
古祠の瓏(完凸),ファントム4,HP%+HP%+HP%,シトラリ(灰燼4)+白朮(深林4)+万葉(翠緑以外),39005,39005,1.00:2.02,,0.23:1.14,1.6
古祠の瓏(完凸),ファントム4,HP%+HP%+HP%,シトラリ(灰燼4)+白朮(深林以外)+万葉(翠緑以外),39005,39005,1.00:2.02,,0.23:1.14,1.6
波乗りの旋回(完凸、フル),ファントム4,HP%+水バフ+HP%,シロネン(灰燼4、2色以上)+鍾離+万葉(翠緑4),38994,38994,0.83:1.65,,0.42:0.77,1.6
四風原典(4重),ファントム4,HP%+水バフ+HP%,シトラリ(灰燼以外)+鍾離+万葉(翠緑4),38993,38993,0.99:1.98,,0.25:1.10,1.6
古祠の瓏(完凸),ファントム4,HP%+水バフ+HP%,シロネン(灰燼4、2色以上)+ベネット(西風、旧貴族)+白朮(深林4),38953,38953,1.00:2.02,,0.23:1.14,1.6
古祠の瓏(完凸),ファントム4,HP%+水バフ+HP%,シロネン(灰燼4、2色以上)+ベネット(西風、旧貴族)+白朮(深林以外),38953,38953,1.00:2.02,,0.23:1.14,1.6
波乗りの旋回(完凸、フル),ファントム4,HP%+HP%+HP%,シトラリ(灰燼4)+ベネット(西風、旧貴族)+万葉(翠緑4),38951,38951,0.83:1.65,,0.42:0.77,1.6
波乗りの旋回(完凸、フル),ファントム4,HP%+HP%+HP%,シトラリ(灰燼4)+白朮(深林4)+万葉(翠緑4),38951,38951,0.83:1.65,,0.42:0.77,1.6
波乗りの旋回(完凸、フル),ファントム4,HP%+HP%+HP%,シトラリ(灰燼4)+白朮(深林以外)+万葉(翠緑4),38951,38951,0.83:1.65,,0.42:0.77,1.6
波乗りの旋回(完凸、フル),ファントム4,HP%+HP%+会心率,シトラリ(灰燼4)+シロネン(灰燼4、2色以上)+鍾離,38950,38950,0.98:1.96,,0.26:1.08,1.6
波乗りの旋回(完凸、フル),ファントム4,HP%+HP%+会心ダメージ,シトラリ(灰燼4)+シロネン(灰燼4、2色以上)+鍾離,38950,38950,0.98:1.96,,0.57:0.46,1.6
四風原典(4重),ファントム4,HP%+HP%+HP%,シロネン(灰燼4、2色以上)+フリーナ(フル)+鍾離,38946,38946,0.99:1.98,,0.25:1.10,1.6
古祠の瓏(完凸),ファントム4,HP%+水バフ+会心率,シトラリ(灰燼以外)+シロネン(灰燼以外、2色以上)+フリーナ(フル),38922,38922,1.00:2.33,,0.08:1.45,1.6
古祠の瓏(完凸),ファントム4,HP%+水バフ+会心ダメージ,シトラリ(灰燼以外)+シロネン(灰燼以外、2色以上)+フリーナ(フル),38922,38922,1.00:2.33,,0.39:0.83,1.6
古祠の瓏(完凸),ファントム4,HP%+元素熟知+会心率,シロネン(灰燼4、2色以上)+フリーナ(フル)+万葉(翠緑以外),38896,38896,1.00:2.33,,0.08:1.45,1.6
古祠の瓏(完凸),ファントム4,HP%+元素熟知+会心ダメージ,シロネン(灰燼4、2色以上)+フリーナ(フル)+万葉(翠緑以外),38896,38896,1.00:2.33,,0.39:0.83,1.6
古祠の瓏(完凸),ファントム4,HP%+水バフ+HP%,シトラリ(灰燼4)+シロネン(灰燼4、2色以上),38846,38846,1.00:2.02,,0.23:1.14,1.6
四風原典(4重),ファントム4,HP%+HP%+HP%,シトラリ(灰燼4)+シロネン(灰燼4、2色以上)+鍾離,38835,38835,0.99:1.98,,0.25:1.10,1.6
流浪完凸(期待値),ファントム4,HP%+水バフ+HP%,シトラリ(灰燼4)+シロネン(灰燼4、2色以上)+ベネット(西風、旧貴族),38816,38816,0.96:1.93,,0.55:0.49,1.6
流浪完凸(期待値),ファントム4,HP%+水バフ+HP%,シトラリ(灰燼4)+シロネン(灰燼4、2色以上)+白朮(深林4),38816,38816,0.96:1.93,,0.55:0.49,1.6
流浪完凸(期待値),ファントム4,HP%+水バフ+HP%,シトラリ(灰燼4)+シロネン(灰燼4、2色以上)+白朮(深林以外),38816,38816,0.96:1.93,,0.55:0.49,1.6
波乗りの旋回(完凸、フル),ファントム4,HP%+HP%+元素熟知,シトラリ(灰燼4)+シロネン(灰燼以外、2色以上)+万葉(翠緑4),38797,38797,0.83:1.65,,0.42:0.77,1.6
波乗りの旋回(完凸、フル),ファントム4,HP%+HP%+元素熟知,シトラリ(灰燼以外)+シロネン(灰燼4、2色以上)+万葉(翠緑4),38797,38797,0.83:1.65,,0.42:0.77,1.6
金箔,ファントム4,HP%+HP%+HP%,シトラリ(灰燼4)+シロネン(灰燼以外、2色以上)+万葉(翠緑4),38785,38785,0.83:1.65,,0.42:0.77,1.6
金箔,ファントム4,HP%+HP%+HP%,シトラリ(灰燼以外)+シロネン(灰燼4、2色以上)+万葉(翠緑4),38785,38785,0.83:1.65,,0.42:0.77,1.6
古祠の瓏(完凸),ファントム4,HP%+HP%+会心率,シトラリ(灰燼以外)+鍾離+万葉(翠緑4),38785,38785,1.00:2.33,,0.08:1.45,1.6
古祠の瓏(完凸),ファントム4,HP%+HP%+会心ダメージ,シトラリ(灰燼以外)+鍾離+万葉(翠緑4),38785,38785,1.00:2.33,,0.39:0.83,1.6
流浪完凸(期待値),ファントム4,HP%+HP%+会心率,シトラリ(灰燼4)+鍾離+万葉(翠緑4),38779,38779,1.00:2.24,,0.40:0.80,1.6
流浪完凸(期待値),ファントム4,HP%+HP%+会心ダメージ,シトラリ(灰燼4)+鍾離+万葉(翠緑4),38779,38779,1.00:2.24,,0.71:0.18,1.6
波乗りの旋回(完凸、フル),ファントム4,元素熟知+水バフ+会心率,シトラリ(灰燼4)+鍾離+万葉(翠緑4),38773,38773,0.98:1.96,,0.26:1.08,1.6
波乗りの旋回(完凸、フル),ファントム4,元素熟知+水バフ+会心ダメージ,シトラリ(灰燼4)+鍾離+万葉(翠緑4),38773,38773,0.98:1.96,,0.57:0.46,1.6
金箔,ファントム4,HP%+水バフ+会心率,シトラリ(灰燼4)+鍾離+万葉(翠緑4),38756,38756,0.98:1.96,,0.26:1.08,1.6
金箔,ファントム4,HP%+水バフ+会心ダメージ,シトラリ(灰燼4)+鍾離+万葉(翠緑4),38756,38756,0.98:1.96,,0.57:0.46,1.6
波乗りの旋回(完凸、フル),ファントム4,HP%+水バフ+会心率,フリーナ(フル)+ベネット(西風、旧貴族)+万葉(翠緑4),38755,38755,0.98:1.96,,0.26:1.08,1.6
波乗りの旋回(完凸、フル),ファントム4,HP%+水バフ+会心ダメージ,フリーナ(フル)+ベネット(西風、旧貴族)+万葉(翠緑4),38755,38755,0.98:1.96,,0.57:0.46,1.6
波乗りの旋回(完凸、フル),ファントム4,HP%+水バフ+会心率,フリーナ(フル)+白朮(深林4)+万葉(翠緑4),38755,38755,0.98:1.96,,0.26:1.08,1.6
波乗りの旋回(完凸、フル),ファントム4,HP%+水バフ+会心ダメージ,フリーナ(フル)+白朮(深林4)+万葉(翠緑4),38755,38755,0.98:1.96,,0.57:0.46,1.6
波乗りの旋回(完凸、フル),ファントム4,HP%+水バフ+会心率,フリーナ(フル)+白朮(深林以外)+万葉(翠緑4),38755,38755,0.98:1.96,,0.26:1.08,1.6
波乗りの旋回(完凸、フル),ファントム4,HP%+水バフ+会心ダメージ,フリーナ(フル)+白朮(深林以外)+万葉(翠緑4),38755,38755,0.98:1.96,,0.57:0.46,1.6
流浪完凸(期待値),ファントム4,HP%+HP%+元素熟知,シロネン(灰燼4、2色以上)+フリーナ(フル)+万葉(翠緑4),38752,38752,0.96:1.93,,0.55:0.49,1.6
古祠の瓏(完凸),ファントム4,元素熟知+水バフ+会心率,シロネン(灰燼4、2色以上)+ベネット(西風、旧貴族)+万葉(翠緑4),38745,38745,1.00:2.33,,0.08:1.45,1.6
古祠の瓏(完凸),ファントム4,元素熟知+水バフ+会心ダメージ,シロネン(灰燼4、2色以上)+ベネット(西風、旧貴族)+万葉(翠緑4),38745,38745,1.00:2.33,,0.39:0.83,1.6
古祠の瓏(完凸),ファントム4,元素熟知+水バフ+会心率,シロネン(灰燼4、2色以上)+白朮(深林4)+万葉(翠緑4),38745,38745,1.00:2.33,,0.08:1.45,1.6
古祠の瓏(完凸),ファントム4,元素熟知+水バフ+会心ダメージ,シロネン(灰燼4、2色以上)+白朮(深林4)+万葉(翠緑4),38745,38745,1.00:2.33,,0.39:0.83,1.6
古祠の瓏(完凸),ファントム4,元素熟知+水バフ+会心率,シロネン(灰燼4、2色以上)+白朮(深林以外)+万葉(翠緑4),38745,38745,1.00:2.33,,0.08:1.45,1.6
古祠の瓏(完凸),ファントム4,元素熟知+水バフ+会心ダメージ,シロネン(灰燼4、2色以上)+白朮(深林以外)+万葉(翠緑4),38745,38745,1.00:2.33,,0.39:0.83,1.6
古祠の瓏(完凸),ファントム4,HP%+水バフ+HP%,シトラリ(灰燼以外)+フリーナ(フル)+鍾離,38727,38727,1.00:2.02,,0.23:1.14,1.6
波乗りの旋回(完凸、フル),ファントム4,HP%+HP%+HP%,シトラリ(灰燼4)+シロネン(灰燼以外、2色以上)+フリーナ(フル),38723,38723,0.83:1.65,,0.42:0.77,1.6
波乗りの旋回(完凸、フル),ファントム4,HP%+HP%+HP%,シトラリ(灰燼以外)+シロネン(灰燼4、2色以上)+フリーナ(フル),38723,38723,0.83:1.65,,0.42:0.77,1.6
流浪完凸(期待値),ファントム4,HP%+水バフ+会心率,シトラリ(灰燼4)+フリーナ(フル)+万葉(翠緑4),38721,38721,1.00:2.24,,0.40:0.80,1.6
流浪完凸(期待値),ファントム4,HP%+水バフ+会心ダメージ,シトラリ(灰燼4)+フリーナ(フル)+万葉(翠緑4),38721,38721,1.00:2.24,,0.71:0.18,1.6
波乗りの旋回(完凸、フル),ファントム4,HP%+HP%+会心率,シロネン(灰燼4、2色以上)+フリーナ(フル)+ベネット(西風、旧貴族),38707,38707,0.98:1.96,,0.26:1.08,1.6
波乗りの旋回(完凸、フル),ファントム4,HP%+HP%+会心ダメージ,シロネン(灰燼4、2色以上)+フリーナ(フル)+ベネット(西風、旧貴族),38707,38707,0.98:1.96,,0.57:0.46,1.6
波乗りの旋回(完凸、フル),ファントム4,HP%+HP%+会心率,シロネン(灰燼4、2色以上)+フリーナ(フル)+白朮(深林4),38707,38707,0.98:1.96,,0.26:1.08,1.6
波乗りの旋回(完凸、フル),ファントム4,HP%+HP%+会心ダメージ,シロネン(灰燼4、2色以上)+フリーナ(フル)+白朮(深林4),38707,38707,0.98:1.96,,0.57:0.46,1.6
波乗りの旋回(完凸、フル),ファントム4,HP%+HP%+会心率,シロネン(灰燼4、2色以上)+フリーナ(フル)+白朮(深林以外),38707,38707,0.98:1.96,,0.26:1.08,1.6
波乗りの旋回(完凸、フル),ファントム4,HP%+HP%+会心ダメージ,シロネン(灰燼4、2色以上)+フリーナ(フル)+白朮(深林以外),38707,38707,0.98:1.96,,0.57:0.46,1.6
四風原典(4重),ファントム4,HP%+HP%+会心率,シトラリ(灰燼以外)+フリーナ(フル)+万葉(翠緑4),38690,38690,1.00:2.29,,0.10:1.41,1.6
四風原典(4重),ファントム4,HP%+HP%+会心ダメージ,シトラリ(灰燼以外)+フリーナ(フル)+万葉(翠緑4),38690,38690,1.00:2.29,,0.41:0.79,1.6
四風原典(4重),ファントム4,HP%+HP%+会心率,フリーナ(フル)+鍾離+万葉(翠緑4),38690,38690,1.00:2.29,,0.10:1.41,1.6
四風原典(4重),ファントム4,HP%+HP%+会心ダメージ,フリーナ(フル)+鍾離+万葉(翠緑4),38690,38690,1.00:2.29,,0.41:0.79,1.6
古祠の瓏(完凸),ファントム4,元素熟知+水バフ+会心率,シロネン(灰燼以外、2色以上)+フリーナ(フル)+万葉(翠緑4),38685,38685,1.00:2.33,,0.08:1.45,1.6
古祠の瓏(完凸),ファントム4,元素熟知+水バフ+会心ダメージ,シロネン(灰燼以外、2色以上)+フリーナ(フル)+万葉(翠緑4),38685,38685,1.00:2.33,,0.39:0.83,1.6
四風原典(4重),ファントム4,HP%+HP%+HP%,シロネン(灰燼4、2色以上)+フリーナ(フル)+ベネット(西風、旧貴族),38672,38672,0.99:1.98,,0.25:1.10,1.6
四風原典(4重),ファントム4,HP%+HP%+HP%,シロネン(灰燼4、2色以上)+フリーナ(フル)+白朮(深林4),38672,38672,0.99:1.98,,0.25:1.10,1.6
四風原典(4重),ファントム4,HP%+HP%+HP%,シロネン(灰燼4、2色以上)+フリーナ(フル)+白朮(深林以外),38672,38672,0.99:1.98,,0.25:1.10,1.6
波乗りの旋回(完凸、フル),ファントム4,HP%+水バフ+元素熟知,シトラリ(灰燼4)+フリーナ(フル)+万葉(翠緑4),38624,38624,0.83:1.65,,0.42:0.77,1.6
波乗りの旋回(完凸、フル),ファントム4,HP%+HP%+会心率,シトラリ(灰燼4)+鍾離+万葉(翠緑以外),38618,38618,0.98:1.96,,0.26:1.08,1.6
波乗りの旋回(完凸、フル),ファントム4,HP%+HP%+会心ダメージ,シトラリ(灰燼4)+鍾離+万葉(翠緑以外),38618,38618,0.98:1.96,,0.57:0.46,1.6
金箔,ファントム4,HP%+水バフ+HP%,シトラリ(灰燼4)+フリーナ(フル)+万葉(翠緑4),38611,38611,0.83:1.65,,0.42:0.77,1.6
波乗りの旋回(完凸、フル),ファントム4,HP%+元素熟知+会心率,シトラリ(灰燼4)+鍾離+万葉(翠緑4),38600,38600,0.98:1.96,,0.26:1.08,1.6
波乗りの旋回(完凸、フル),ファントム4,HP%+元素熟知+会心ダメージ,シトラリ(灰燼4)+鍾離+万葉(翠緑4),38600,38600,0.98:1.96,,0.57:0.46,1.6
古祠の瓏(完凸),ファントム4,HP%+HP%+HP%,シロネン(灰燼4、2色以上)+万葉(翠緑4),38599,38599,1.00:2.02,,0.23:1.14,1.6
古祠の瓏(完凸),ファントム4,HP%+水バフ+元素熟知,シロネン(灰燼4、2色以上)+鍾離+万葉(翠緑4),38596,38596,1.00:2.02,,0.23:1.14,1.6
金箔,ファントム4,HP%+HP%+会心率,シトラリ(灰燼4)+鍾離+万葉(翠緑4),38586,38586,0.98:1.96,,0.26:1.08,1.6
金箔,ファントム4,HP%+HP%+会心ダメージ,シトラリ(灰燼4)+鍾離+万葉(翠緑4),38586,38586,0.98:1.96,,0.57:0.46,1.6
波乗りの旋回(完凸、フル),ファントム4,HP%+HP%+元素熟知,シトラリ(灰燼4)+フリーナ(フル)+万葉(翠緑4),38585,38585,0.83:1.65,,0.42:0.77,1.6
金箔,ファントム4,HP%+HP%+HP%,シトラリ(灰燼4)+フリーナ(フル)+万葉(翠緑4),38574,38574,0.83:1.65,,0.42:0.77,1.6
流浪完凸(期待値),ファントム4,HP%+水バフ+会心率,シトラリ(灰燼4)+シロネン(灰燼4、2色以上)+万葉(翠緑以外),38549,38549,1.00:2.24,,0.40:0.80,1.6
流浪完凸(期待値),ファントム4,HP%+水バフ+会心ダメージ,シトラリ(灰燼4)+シロネン(灰燼4、2色以上)+万葉(翠緑以外),38549,38549,1.00:2.24,,0.71:0.18,1.6
古祠の瓏(完凸),ファントム4,HP%+水バフ+HP%,シロネン(灰燼4、2色以上)+フリーナ(フル),38511,38511,1.00:2.02,,0.23:1.14,1.6
古祠の瓏(完凸),ファントム4,HP%+水バフ+HP%,シロネン(灰燼以外、2色以上)+フリーナ(フル)+鍾離,38501,38501,1.00:2.02,,0.23:1.14,1.6
四風原典(4重),ファントム4,HP%+水バフ+HP%,シトラリ(灰燼4)+フリーナ(フル)+鍾離,38485,38485,0.99:1.98,,0.25:1.10,1.6
古祠の瓏(完凸),ファントム4,HP%+HP%+元素熟知,シトラリ(灰燼4)+フリーナ(フル)+万葉(翠緑以外),38463,38463,1.00:2.02,,0.23:1.14,1.6
四風原典(4重),ファントム4,HP%+水バフ+HP%,シトラリ(灰燼4)+鍾離+万葉(翠緑以外),38455,38455,0.99:1.98,,0.25:1.10,1.6
四風原典(4重),ファントム4,HP%+HP%+会心率,シトラリ(灰燼4)+シロネン(灰燼以外、2色以上)+万葉(翠緑以外),38427,38427,1.00:2.29,,0.10:1.41,1.6
四風原典(4重),ファントム4,HP%+HP%+会心ダメージ,シトラリ(灰燼4)+シロネン(灰燼以外、2色以上)+万葉(翠緑以外),38427,38427,1.00:2.29,,0.41:0.79,1.6
四風原典(4重),ファントム4,HP%+HP%+会心率,シトラリ(灰燼以外)+シロネン(灰燼4、2色以上)+万葉(翠緑以外),38427,38427,1.00:2.29,,0.10:1.41,1.6
四風原典(4重),ファントム4,HP%+HP%+会心ダメージ,シトラリ(灰燼以外)+シロネン(灰燼4、2色以上)+万葉(翠緑以外),38427,38427,1.00:2.29,,0.41:0.79,1.6
四風原典(4重),ファントム4,HP%+水バフ+HP%,シロネン(灰燼以外、2色以上)+ベネット(西風、旧貴族)+万葉(翠緑4),38415,38415,0.99:1.98,,0.25:1.10,1.6
四風原典(4重),ファントム4,HP%+水バフ+HP%,シロネン(灰燼以外、2色以上)+白朮(深林4)+万葉(翠緑4),38415,38415,0.99:1.98,,0.25:1.10,1.6
四風原典(4重),ファントム4,HP%+水バフ+HP%,シロネン(灰燼以外、2色以上)+白朮(深林以外)+万葉(翠緑4),38415,38415,0.99:1.98,,0.25:1.10,1.6
古祠の瓏(完凸),ファントム4,HP%+元素熟知+元素熟知,シトラリ(灰燼4)+シロネン(灰燼以外、2色以上)+万葉(翠緑4),38401,38401,1.00:2.02,,0.23:1.14,1.6
古祠の瓏(完凸),ファントム4,HP%+元素熟知+元素熟知,シトラリ(灰燼以外)+シロネン(灰燼4、2色以上)+万葉(翠緑4),38401,38401,1.00:2.02,,0.23:1.14,1.6
四風原典(4重),ファントム4,HP%+HP%+HP%,シトラリ(灰燼以外)+鍾離+万葉(翠緑4),38398,38398,0.99:1.98,,0.25:1.10,1.6
四風原典(4重),ファントム4,HP%+HP%+HP%,シロネン(灰燼4、2色以上)+ベネット(西風、旧貴族)+万葉(翠緑以外),38352,38352,0.99:1.98,,0.25:1.10,1.6
四風原典(4重),ファントム4,HP%+HP%+HP%,シロネン(灰燼4、2色以上)+白朮(深林4)+万葉(翠緑以外),38352,38352,0.99:1.98,,0.25:1.10,1.6
四風原典(4重),ファントム4,HP%+HP%+HP%,シロネン(灰燼4、2色以上)+白朮(深林以外)+万葉(翠緑以外),38352,38352,0.99:1.98,,0.25:1.10,1.6
流浪完凸(期待値),ファントム4,HP%+HP%+HP%,シトラリ(灰燼4)+シロネン(灰燼以外、2色以上)+フリーナ(フル),38333,38333,0.96:1.93,,0.55:0.49,1.6
流浪完凸(期待値),ファントム4,HP%+HP%+HP%,シトラリ(灰燼以外)+シロネン(灰燼4、2色以上)+フリーナ(フル),38333,38333,0.96:1.93,,0.55:0.49,1.6
波乗りの旋回(完凸、フル),ファントム4,HP%+HP%+HP%,シトラリ(灰燼4)+シロネン(灰燼以外、2色以上)+万葉(翠緑以外),38328,38328,0.83:1.65,,0.42:0.77,1.6
波乗りの旋回(完凸、フル),ファントム4,HP%+HP%+HP%,シトラリ(灰燼以外)+シロネン(灰燼4、2色以上)+万葉(翠緑以外),38328,38328,0.83:1.65,,0.42:0.77,1.6
四風原典(4重),ファントム4,HP%+元素熟知+会心率,シロネン(灰燼4、2色以上)+フリーナ(フル)+万葉(翠緑4),38269,38269,1.00:2.29,,0.10:1.41,1.6
四風原典(4重),ファントム4,HP%+元素熟知+会心ダメージ,シロネン(灰燼4、2色以上)+フリーナ(フル)+万葉(翠緑4),38269,38269,1.00:2.29,,0.41:0.79,1.6
波乗りの旋回(完凸、フル),ファントム4,元素熟知+水バフ+元素熟知,シトラリ(灰燼4)+シロネン(灰燼4、2色以上)+万葉(翠緑4),38256,38256,0.83:1.65,,0.42:0.77,1.6
四風原典(4重),ファントム4,HP%+水バフ+HP%,シトラリ(灰燼4)+フリーナ(フル)+万葉(翠緑以外),38252,38252,0.99:1.98,,0.25:1.10,1.6
古祠の瓏(完凸),ファントム4,HP%+HP%+元素熟知,シロネン(灰燼4、2色以上)+鍾離+万葉(翠緑4),38245,38245,1.00:2.02,,0.23:1.14,1.6
流浪完凸(期待値),ファントム4,HP%+元素熟知+会心率,シトラリ(灰燼4)+シロネン(灰燼4、2色以上)+万葉(翠緑4),38242,38242,1.00:2.24,,0.40:0.80,1.6
流浪完凸(期待値),ファントム4,HP%+元素熟知+会心ダメージ,シトラリ(灰燼4)+シロネン(灰燼4、2色以上)+万葉(翠緑4),38242,38242,1.00:2.24,,0.71:0.18,1.6
金箔,ファントム4,HP%+水バフ+元素熟知,シトラリ(灰燼4)+シロネン(灰燼4、2色以上)+万葉(翠緑4),38239,38239,0.83:1.65,,0.42:0.77,1.6
流浪完凸(期待値),ファントム4,HP%+HP%+HP%,シトラリ(灰燼4)+ベネット(西風、旧貴族)+万葉(翠緑4),38225,38225,0.96:1.93,,0.55:0.49,1.6
流浪完凸(期待値),ファントム4,HP%+HP%+HP%,シトラリ(灰燼4)+白朮(深林4)+万葉(翠緑4),38225,38225,0.96:1.93,,0.55:0.49,1.6
流浪完凸(期待値),ファントム4,HP%+HP%+HP%,シトラリ(灰燼4)+白朮(深林以外)+万葉(翠緑4),38225,38225,0.96:1.93,,0.55:0.49,1.6
古祠の瓏(完凸),ファントム4,HP%+水バフ+会心率,シトラリ(灰燼4)+フリーナ(フル)+ベネット(西風、旧貴族),38211,38211,1.00:2.33,,0.08:1.45,1.6
古祠の瓏(完凸),ファントム4,HP%+水バフ+会心ダメージ,シトラリ(灰燼4)+フリーナ(フル)+ベネット(西風、旧貴族),38211,38211,1.00:2.33,,0.39:0.83,1.6
古祠の瓏(完凸),ファントム4,HP%+水バフ+会心率,シトラリ(灰燼4)+フリーナ(フル)+白朮(深林4),38211,38211,1.00:2.33,,0.08:1.45,1.6
古祠の瓏(完凸),ファントム4,HP%+水バフ+会心ダメージ,シトラリ(灰燼4)+フリーナ(フル)+白朮(深林4),38211,38211,1.00:2.33,,0.39:0.83,1.6
古祠の瓏(完凸),ファントム4,HP%+水バフ+会心率,シトラリ(灰燼4)+フリーナ(フル)+白朮(深林以外),38211,38211,1.00:2.33,,0.08:1.45,1.6
古祠の瓏(完凸),ファントム4,HP%+水バフ+会心ダメージ,シトラリ(灰燼4)+フリーナ(フル)+白朮(深林以外),38211,38211,1.00:2.33,,0.39:0.83,1.6
古祠の瓏(完凸),ファントム4,HP%+HP%+会心率,シロネン(灰燼以外、2色以上)+ベネット(西風、旧貴族)+万葉(翠緑4),38210,38210,1.00:2.33,,0.08:1.45,1.6
古祠の瓏(完凸),ファントム4,HP%+HP%+会心ダメージ,シロネン(灰燼以外、2色以上)+ベネット(西風、旧貴族)+万葉(翠緑4),38210,38210,1.00:2.33,,0.39:0.83,1.6
古祠の瓏(完凸),ファントム4,HP%+HP%+会心率,シロネン(灰燼以外、2色以上)+白朮(深林4)+万葉(翠緑4),38210,38210,1.00:2.33,,0.08:1.45,1.6
古祠の瓏(完凸),ファントム4,HP%+HP%+会心ダメージ,シロネン(灰燼以外、2色以上)+白朮(深林4)+万葉(翠緑4),38210,38210,1.00:2.33,,0.39:0.83,1.6
古祠の瓏(完凸),ファントム4,HP%+HP%+会心率,シロネン(灰燼以外、2色以上)+白朮(深林以外)+万葉(翠緑4),38210,38210,1.00:2.33,,0.08:1.45,1.6
古祠の瓏(完凸),ファントム4,HP%+HP%+会心ダメージ,シロネン(灰燼以外、2色以上)+白朮(深林以外)+万葉(翠緑4),38210,38210,1.00:2.33,,0.39:0.83,1.6
