武器,聖遺物セット,聖遺物メイン,バフキャラ,合計期待値,攻撃力,HP,バフ,熟知,率ダメ
葦海の標,ファントム4,元素熟知+元素バフ+会心率,フリーナ(フル)+ベネット(西風、旧貴族)+閑雲,144918.5,3239.9,19853.08,1.216,187,1.00:2.40
葦海の標,ファントム4,元素熟知+元素バフ+会心ダメージ,フリーナ(フル)+ベネット(西風、旧貴族)+閑雲,144918.5,3239.9,19853.08,1.216,187,1.00:2.40
葦海の標,ファントム4,元素熟知+元素バフ+元素熟知,フリーナ(フル)+ベネット(西風、旧貴族)+閑雲,141789.3,3239.9,19853.08,1.216,374,0.95:1.89
葦海の標,金メッキ4(同元素0),元素熟知+元素バフ+会心率,フリーナ(フル)+ベネット(西風、旧貴族)+閑雲,141624.8,3239.9,19853.08,1.216,417,0.92:1.84
葦海の標,金メッキ4(同元素0),元素熟知+元素バフ+会心ダメージ,フリーナ(フル)+ベネット(西風、旧貴族)+閑雲,141624.8,3239.9,19853.08,1.216,417,0.92:1.84
雨裁,ファントム4,元素熟知+元素バフ+会心率,フリーナ(フル)+ベネット(西風、旧貴族)+閑雲,140685,2690.68,16199,1.576,352,0.94:1.87
雨裁,ファントム4,元素熟知+元素バフ+会心ダメージ,フリーナ(フル)+ベネット(西風、旧貴族)+閑雲,140685,2690.68,16199,1.576,352,0.94:1.87
葦海の標,金メッキ4(同元素1),元素熟知+元素バフ+会心率,フリーナ(フル)+ベネット(西風、旧貴族)+閑雲,139841.1,3367.3,19853.08,1.216,367,0.92:1.84
葦海の標,金メッキ4(同元素1),元素熟知+元素バフ+会心ダメージ,フリーナ(フル)+ベネット(西風、旧貴族)+閑雲,139841.1,3367.3,19853.08,1.216,367,0.92:1.84
葦海の標,ファントム4,元素熟知+元素熟知+会心ダメージ,フリーナ(フル)+ベネット(西風、旧貴族)+閑雲,139729.3,3239.9,19853.08,0.75,374,1.00:2.40
葦海の標,ファントム4,元素熟知+元素熟知+会心率,フリーナ(フル)+ベネット(西風、旧貴族)+閑雲,139729.2,3239.9,19853.08,0.75,374,1.00:2.40
葦海の標,火魔女4(1),元素熟知+元素バフ+会心率,フリーナ(フル)+ベネット(西風、旧貴族)+閑雲,139669.8,3239.9,19853.08,1.441,187,0.92:1.84
葦海の標,火魔女4(1),元素熟知+元素バフ+会心ダメージ,フリーナ(フル)+ベネット(西風、旧貴族)+閑雲,139669.8,3239.9,19853.08,1.441,187,0.92:1.84
赤角石塵滅砕,ファントム4,元素熟知+元素バフ+会心率,フリーナ(フル)+ベネット(西風、旧貴族)+閑雲,139294,2751.16,16199,1.216,187,1.00:2.62
赤角石塵滅砕,ファントム4,元素熟知+元素バフ+会心ダメージ,フリーナ(フル)+ベネット(西風、旧貴族)+閑雲,139294,2751.16,16199,1.216,187,1.00:2.62
赤角石塵滅砕,ファントム4,元素熟知+元素バフ+元素熟知,フリーナ(フル)+ベネット(西風、旧貴族)+閑雲,137841.8,2751.16,16199,1.216,374,1.00:2.00
赤角石塵滅砕,金メッキ4(同元素0),元素熟知+元素バフ+会心率,フリーナ(フル)+ベネット(西風、旧貴族)+閑雲,137759.2,2751.16,16199,1.216,417,0.98:1.95
赤角石塵滅砕,金メッキ4(同元素0),元素熟知+元素バフ+会心ダメージ,フリーナ(フル)+ベネット(西風、旧貴族)+閑雲,137759.2,2751.16,16199,1.216,417,0.98:1.95
葦海の標,金メッキ4(同元素2),元素熟知+元素バフ+会心率,フリーナ(フル)+ベネット(西風、旧貴族)+閑雲,137471.6,3494.7,19853.08,1.216,317,0.92:1.84
葦海の標,金メッキ4(同元素2),元素熟知+元素バフ+会心ダメージ,フリーナ(フル)+ベネット(西風、旧貴族)+閑雲,137471.6,3494.7,19853.08,1.216,317,0.92:1.84
赤角石塵滅砕,金メッキ4(同元素1),元素熟知+元素バフ+会心率,フリーナ(フル)+ベネット(西風、旧貴族)+閑雲,136115.9,2869.32,16199,1.216,367,0.98:1.95
赤角石塵滅砕,金メッキ4(同元素1),元素熟知+元素バフ+会心ダメージ,フリーナ(フル)+ベネット(西風、旧貴族)+閑雲,136115.9,2869.32,16199,1.216,367,0.98:1.95
赤角石塵滅砕,火魔女4(1),元素熟知+元素バフ+会心率,フリーナ(フル)+ベネット(西風、旧貴族)+閑雲,135857.5,2751.16,16199,1.441,187,0.98:1.95
赤角石塵滅砕,火魔女4(1),元素熟知+元素バフ+会心ダメージ,フリーナ(フル)+ベネット(西風、旧貴族)+閑雲,135857.5,2751.16,16199,1.441,187,0.98:1.95
葦海の標,火魔女4(1),元素熟知+元素熟知+会心率,フリーナ(フル)+ベネット(西風、旧貴族)+閑雲,135137.4,3239.9,19853.08,0.975,374,0.92:1.84
葦海の標,火魔女4(1),元素熟知+元素熟知+会心ダメージ,フリーナ(フル)+ベネット(西風、旧貴族)+閑雲,135137.4,3239.9,19853.08,0.975,374,0.92:1.84
葦海の標,金メッキ4(同元素3),元素熟知+元素バフ+会心率,フリーナ(フル)+ベネット(西風、旧貴族)+閑雲,134463.5,3622.1,19853.08,1.216,267,0.92:1.84
葦海の標,金メッキ4(同元素3),元素熟知+元素バフ+会心ダメージ,フリーナ(フル)+ベネット(西風、旧貴族)+閑雲,134463.5,3622.1,19853.08,1.216,267,0.92:1.84
裁断,ファントム4,元素熟知+元素バフ+会心率,フリーナ(フル)+ベネット(西風、旧貴族)+閑雲,134365.1,3195.84,16199,1.216,187,1.00:2.18
裁断,ファントム4,元素熟知+元素バフ+会心ダメージ,フリーナ(フル)+ベネット(西風、旧貴族)+閑雲,134365.1,3195.84,16199,1.216,187,1.00:2.18
赤角石塵滅砕,ファントム4,元素熟知+元素熟知+会心率,フリーナ(フル)+ベネット(西風、旧貴族)+閑雲,134306.2,2751.16,16199,0.75,374,1.00:2.62
赤角石塵滅砕,ファントム4,元素熟知+元素熟知+会心ダメージ,フリーナ(フル)+ベネット(西風、旧貴族)+閑雲,134306.2,2751.16,16199,0.75,374,1.00:2.62
葦海の標,楽団+金メッキ,元素熟知+元素バフ+会心率,フリーナ(フル)+ベネット(西風、旧貴族)+閑雲,134207.7,3239.9,19853.08,1.216,347,0.92:1.84
葦海の標,楽団+金メッキ,元素熟知+元素バフ+会心ダメージ,フリーナ(フル)+ベネット(西風、旧貴族)+閑雲,134207.7,3239.9,19853.08,1.216,347,0.92:1.84
葦海の標,楽園+楽団,元素熟知+元素バフ+会心率,フリーナ(フル)+ベネット(西風、旧貴族)+閑雲,134207.7,3239.9,19853.08,1.216,347,0.92:1.84
葦海の標,楽園+楽団,元素熟知+元素バフ+会心ダメージ,フリーナ(フル)+ベネット(西風、旧貴族)+閑雲,134207.7,3239.9,19853.08,1.216,347,0.92:1.84
葦海の標,楽園+金メッキ,元素熟知+元素バフ+会心率,フリーナ(フル)+ベネット(西風、旧貴族)+閑雲,134207.7,3239.9,19853.08,1.216,347,0.92:1.84
葦海の標,楽園+金メッキ,元素熟知+元素バフ+会心ダメージ,フリーナ(フル)+ベネット(西風、旧貴族)+閑雲,134207.7,3239.9,19853.08,1.216,347,0.92:1.84
赤角石塵滅砕,金メッキ4(同元素2),元素熟知+元素バフ+会心率,フリーナ(フル)+ベネット(西風、旧貴族)+閑雲,133895.3,2987.48,16199,1.216,317,0.98:1.95
赤角石塵滅砕,金メッキ4(同元素2),元素熟知+元素バフ+会心ダメージ,フリーナ(フル)+ベネット(西風、旧貴族)+閑雲,133895.3,2987.48,16199,1.216,317,0.98:1.95
雨裁,ファントム4,元素熟知+元素熟知+会心率,フリーナ(フル)+ベネット(西風、旧貴族)+閑雲,133152.9,2690.68,16199,1.11,539,0.94:1.87
雨裁,ファントム4,元素熟知+元素熟知+会心ダメージ,フリーナ(フル)+ベネット(西風、旧貴族)+閑雲,133152.9,2690.68,16199,1.11,539,0.94:1.87
黒岩完凸(平均),ファントム4,元素熟知+元素バフ+会心率,フリーナ(フル)+ベネット(西風、旧貴族)+閑雲,133033,2983,16199,1.216,187,1.00:2.29
黒岩完凸(平均),ファントム4,元素熟知+元素バフ+会心ダメージ,フリーナ(フル)+ベネット(西風、旧貴族)+閑雲,133033,2983,16199,1.216,187,1.00:2.29
葦海の標,火魔女+楽団,元素熟知+元素バフ+会心率,フリーナ(フル)+ベネット(西風、旧貴族)+閑雲,132727,3239.9,19853.08,1.366,267,0.92:1.84
葦海の標,火魔女+楽団,元素熟知+元素バフ+会心ダメージ,フリーナ(フル)+ベネット(西風、旧貴族)+閑雲,132727,3239.9,19853.08,1.366,267,0.92:1.84
葦海の標,火魔女+金メッキ,元素熟知+元素バフ+会心率,フリーナ(フル)+ベネット(西風、旧貴族)+閑雲,132727,3239.9,19853.08,1.366,267,0.92:1.84
葦海の標,火魔女+金メッキ,元素熟知+元素バフ+会心ダメージ,フリーナ(フル)+ベネット(西風、旧貴族)+閑雲,132727,3239.9,19853.08,1.366,267,0.92:1.84
葦海の標,火魔女+楽園,元素熟知+元素バフ+会心率,フリーナ(フル)+ベネット(西風、旧貴族)+閑雲,132727,3239.9,19853.08,1.366,267,0.92:1.84
葦海の標,火魔女+楽園,元素熟知+元素バフ+会心ダメージ,フリーナ(フル)+ベネット(西風、旧貴族)+閑雲,132727,3239.9,19853.08,1.366,267,0.92:1.84
葦海の標,火魔女4(1),元素熟知+元素バフ+元素熟知,フリーナ(フル)+ベネット(西風、旧貴族)+閑雲,132173.1,3239.9,19853.08,1.441,374,0.77:1.53
赤角石塵滅砕,火魔女4(1),元素熟知+元素熟知+会心率,フリーナ(フル)+ベネット(西風、旧貴族)+閑雲,131448.9,2751.16,16199,0.975,374,0.98:1.95
赤角石塵滅砕,火魔女4(1),元素熟知+元素熟知+会心ダメージ,フリーナ(フル)+ベネット(西風、旧貴族)+閑雲,131448.9,2751.16,16199,0.975,374,0.98:1.95
赤角石塵滅砕,金メッキ4(同元素3),元素熟知+元素バフ+会心率,フリーナ(フル)+ベネット(西風、旧貴族)+閑雲,131045.4,3105.64,16199,1.216,267,0.98:1.95
赤角石塵滅砕,金メッキ4(同元素3),元素熟知+元素バフ+会心ダメージ,フリーナ(フル)+ベネット(西風、旧貴族)+閑雲,131045.4,3105.64,16199,1.216,267,0.98:1.95
赤角石塵滅砕,楽団+金メッキ,元素熟知+元素バフ+会心率,フリーナ(フル)+ベネット(西風、旧貴族)+閑雲,130544.6,2751.16,16199,1.216,347,0.98:1.95
赤角石塵滅砕,楽団+金メッキ,元素熟知+元素バフ+会心ダメージ,フリーナ(フル)+ベネット(西風、旧貴族)+閑雲,130544.6,2751.16,16199,1.216,347,0.98:1.95
赤角石塵滅砕,楽園+楽団,元素熟知+元素バフ+会心率,フリーナ(フル)+ベネット(西風、旧貴族)+閑雲,130544.6,2751.16,16199,1.216,347,0.98:1.95
赤角石塵滅砕,楽園+楽団,元素熟知+元素バフ+会心ダメージ,フリーナ(フル)+ベネット(西風、旧貴族)+閑雲,130544.6,2751.16,16199,1.216,347,0.98:1.95
赤角石塵滅砕,楽園+金メッキ,元素熟知+元素バフ+会心率,フリーナ(フル)+ベネット(西風、旧貴族)+閑雲,130544.6,2751.16,16199,1.216,347,0.98:1.95
赤角石塵滅砕,楽園+金メッキ,元素熟知+元素バフ+会心ダメージ,フリーナ(フル)+ベネット(西風、旧貴族)+閑雲,130544.6,2751.16,16199,1.216,347,0.98:1.95
葦海の標,金メッキ4(同元素0),攻撃%+元素バフ+会心率,フリーナ(フル)+ベネット(西風、旧貴族)+閑雲,130537.4,3663.96,19853.08,1.216,230,0.92:1.84
葦海の標,金メッキ4(同元素0),攻撃%+元素バフ+会心ダメージ,フリーナ(フル)+ベネット(西風、旧貴族)+閑雲,130537.4,3663.96,19853.08,1.216,230,0.92:1.84
裁断,ファントム4,元素熟知+元素バフ+元素熟知,フリーナ(フル)+ベネット(西風、旧貴族)+閑雲,130366,3195.84,16199,1.216,374,0.89:1.78
裁断,金メッキ4(同元素0),元素熟知+元素バフ+会心率,フリーナ(フル)+ベネット(西風、旧貴族)+閑雲,130150.5,3195.84,16199,1.216,417,0.87:1.73
裁断,金メッキ4(同元素0),元素熟知+元素バフ+会心ダメージ,フリーナ(フル)+ベネット(西風、旧貴族)+閑雲,130150.5,3195.84,16199,1.216,417,0.87:1.73
雨裁,火魔女4(1),元素熟知+元素バフ+会心率,フリーナ(フル)+ベネット(西風、旧貴族)+閑雲,129825.3,2690.68,16199,1.801,352,0.76:1.51
雨裁,火魔女4(1),元素熟知+元素バフ+会心ダメージ,フリーナ(フル)+ベネット(西風、旧貴族)+閑雲,129825.3,2690.68,16199,1.801,352,0.76:1.51
黒岩完凸(平均),ファントム4,元素熟知+元素バフ+元素熟知,フリーナ(フル)+ベネット(西風、旧貴族)+閑雲,129557.3,2983,16199,1.216,374,0.92:1.84
裁断,ファントム4,元素熟知+元素熟知+会心率,フリーナ(フル)+ベネット(西風、旧貴族)+閑雲,129553.8,3195.84,16199,0.75,374,1.00:2.18
裁断,ファントム4,元素熟知+元素熟知+会心ダメージ,フリーナ(フル)+ベネット(西風、旧貴族)+閑雲,129553.8,3195.84,16199,0.75,374,1.00:2.18
葦海の標,ファントム4,元素熟知+元素熟知+元素熟知,フリーナ(フル)+ベネット(西風、旧貴族)+閑雲,129528.4,3239.9,19853.08,0.75,561,0.95:1.89
黒岩完凸(平均),金メッキ4(同元素0),元素熟知+元素バフ+会心率,フリーナ(フル)+ベネット(西風、旧貴族)+閑雲,129373.4,2983,16199,1.216,417,0.89:1.79
黒岩完凸(平均),金メッキ4(同元素0),元素熟知+元素バフ+会心ダメージ,フリーナ(フル)+ベネット(西風、旧貴族)+閑雲,129373.4,2983,16199,1.216,417,0.89:1.79
赤角石塵滅砕,火魔女+楽団,元素熟知+元素バフ+会心率,フリーナ(フル)+ベネット(西風、旧貴族)+閑雲,129104.3,2751.16,16199,1.366,267,0.98:1.95
赤角石塵滅砕,火魔女+楽団,元素熟知+元素バフ+会心ダメージ,フリーナ(フル)+ベネット(西風、旧貴族)+閑雲,129104.3,2751.16,16199,1.366,267,0.98:1.95
赤角石塵滅砕,火魔女+金メッキ,元素熟知+元素バフ+会心率,フリーナ(フル)+ベネット(西風、旧貴族)+閑雲,129104.3,2751.16,16199,1.366,267,0.98:1.95
赤角石塵滅砕,火魔女+金メッキ,元素熟知+元素バフ+会心ダメージ,フリーナ(フル)+ベネット(西風、旧貴族)+閑雲,129104.3,2751.16,16199,1.366,267,0.98:1.95
赤角石塵滅砕,火魔女+楽園,元素熟知+元素バフ+会心率,フリーナ(フル)+ベネット(西風、旧貴族)+閑雲,129104.3,2751.16,16199,1.366,267,0.98:1.95
赤角石塵滅砕,火魔女+楽園,元素熟知+元素バフ+会心ダメージ,フリーナ(フル)+ベネット(西風、旧貴族)+閑雲,129104.3,2751.16,16199,1.366,267,0.98:1.95
葦海の標,しめ縄+楽団,元素熟知+元素バフ+会心率,フリーナ(フル)+ベネット(西風、旧貴族)+閑雲,129037.6,3403.7,19853.08,1.216,267,0.92:1.84
葦海の標,しめ縄+楽団,元素熟知+元素バフ+会心ダメージ,フリーナ(フル)+ベネット(西風、旧貴族)+閑雲,129037.6,3403.7,19853.08,1.216,267,0.92:1.84
葦海の標,しめ縄+金メッキ,元素熟知+元素バフ+会心率,フリーナ(フル)+ベネット(西風、旧貴族)+閑雲,129037.6,3403.7,19853.08,1.216,267,0.92:1.84
葦海の標,しめ縄+金メッキ,元素熟知+元素バフ+会心ダメージ,フリーナ(フル)+ベネット(西風、旧貴族)+閑雲,129037.6,3403.7,19853.08,1.216,267,0.92:1.84
葦海の標,しめ縄+楽園,元素熟知+元素バフ+会心率,フリーナ(フル)+ベネット(西風、旧貴族)+閑雲,129037.6,3403.7,19853.08,1.216,267,0.92:1.84
葦海の標,しめ縄+楽園,元素熟知+元素バフ+会心ダメージ,フリーナ(フル)+ベネット(西風、旧貴族)+閑雲,129037.6,3403.7,19853.08,1.216,267,0.92:1.84
葦海の標,楽団+剣闘士,元素熟知+元素バフ+会心率,フリーナ(フル)+ベネット(西風、旧貴族)+閑雲,129037.6,3403.7,19853.08,1.216,267,0.92:1.84
葦海の標,楽団+剣闘士,元素熟知+元素バフ+会心ダメージ,フリーナ(フル)+ベネット(西風、旧貴族)+閑雲,129037.6,3403.7,19853.08,1.216,267,0.92:1.84
葦海の標,楽団+残響,元素熟知+元素バフ+会心率,フリーナ(フル)+ベネット(西風、旧貴族)+閑雲,129037.6,3403.7,19853.08,1.216,267,0.92:1.84
葦海の標,楽団+残響,元素熟知+元素バフ+会心ダメージ,フリーナ(フル)+ベネット(西風、旧貴族)+閑雲,129037.6,3403.7,19853.08,1.216,267,0.92:1.84
葦海の標,楽団+辰砂,元素熟知+元素バフ+会心率,フリーナ(フル)+ベネット(西風、旧貴族)+閑雲,129037.6,3403.7,19853.08,1.216,267,0.92:1.84
葦海の標,楽団+辰砂,元素熟知+元素バフ+会心ダメージ,フリーナ(フル)+ベネット(西風、旧貴族)+閑雲,129037.6,3403.7,19853.08,1.216,267,0.92:1.84
葦海の標,金メッキ+剣闘士,元素熟知+元素バフ+会心率,フリーナ(フル)+ベネット(西風、旧貴族)+閑雲,129037.6,3403.7,19853.08,1.216,267,0.92:1.84
葦海の標,金メッキ+剣闘士,元素熟知+元素バフ+会心ダメージ,フリーナ(フル)+ベネット(西風、旧貴族)+閑雲,129037.6,3403.7,19853.08,1.216,267,0.92:1.84
葦海の標,金メッキ+残響,元素熟知+元素バフ+会心率,フリーナ(フル)+ベネット(西風、旧貴族)+閑雲,129037.6,3403.7,19853.08,1.216,267,0.92:1.84
葦海の標,金メッキ+残響,元素熟知+元素バフ+会心ダメージ,フリーナ(フル)+ベネット(西風、旧貴族)+閑雲,129037.6,3403.7,19853.08,1.216,267,0.92:1.84
葦海の標,金メッキ+辰砂,元素熟知+元素バフ+会心率,フリーナ(フル)+ベネット(西風、旧貴族)+閑雲,129037.6,3403.7,19853.08,1.216,267,0.92:1.84
葦海の標,金メッキ+辰砂,元素熟知+元素バフ+会心ダメージ,フリーナ(フル)+ベネット(西風、旧貴族)+閑雲,129037.6,3403.7,19853.08,1.216,267,0.92:1.84
葦海の標,楽園+剣闘士,元素熟知+元素バフ+会心率,フリーナ(フル)+ベネット(西風、旧貴族)+閑雲,129037.6,3403.7,19853.08,1.216,267,0.92:1.84
葦海の標,楽園+剣闘士,元素熟知+元素バフ+会心ダメージ,フリーナ(フル)+ベネット(西風、旧貴族)+閑雲,129037.6,3403.7,19853.08,1.216,267,0.92:1.84
葦海の標,楽園+残響,元素熟知+元素バフ+会心率,フリーナ(フル)+ベネット(西風、旧貴族)+閑雲,129037.6,3403.7,19853.08,1.216,267,0.92:1.84
葦海の標,楽園+残響,元素熟知+元素バフ+会心ダメージ,フリーナ(フル)+ベネット(西風、旧貴族)+閑雲,129037.6,3403.7,19853.08,1.216,267,0.92:1.84
葦海の標,楽園+辰砂,元素熟知+元素バフ+会心率,フリーナ(フル)+ベネット(西風、旧貴族)+閑雲,129037.6,3403.7,19853.08,1.216,267,0.92:1.84
葦海の標,楽園+辰砂,元素熟知+元素バフ+会心ダメージ,フリーナ(フル)+ベネット(西風、旧貴族)+閑雲,129037.6,3403.7,19853.08,1.216,267,0.92:1.84
雨裁,ファントム4,元素熟知+元素バフ+元素熟知,フリーナ(フル)+ベネット(西風、旧貴族)+閑雲,128973.7,2690.68,16199,1.576,539,0.78:1.56
赤角石塵滅砕,火魔女4(1),元素熟知+元素バフ+元素熟知,フリーナ(フル)+ベネット(西風、旧貴族)+閑雲,128916,2751.16,16199,1.441,374,0.82:1.64
裁断,金メッキ4(同元素1),元素熟知+元素バフ+会心率,フリーナ(フル)+ベネット(西風、旧貴族)+閑雲,128771.6,3332.48,16199,1.216,367,0.87:1.73
裁断,金メッキ4(同元素1),元素熟知+元素バフ+会心ダメージ,フリーナ(フル)+ベネット(西風、旧貴族)+閑雲,128771.6,3332.48,16199,1.216,367,0.87:1.73
葦海の標,ファントム4,攻撃%+元素バフ+元素熟知,フリーナ(フル)+ベネット(西風、旧貴族)+閑雲,128697,3663.96,19853.08,1.216,187,0.95:1.89
葦海の標,辰砂4,元素熟知+元素バフ+会心率,フリーナ(フル)+ベネット(西風、旧貴族)+閑雲,128504,3840.5,19853.08,1.216,187,0.92:1.84
葦海の標,辰砂4,元素熟知+元素バフ+会心ダメージ,フリーナ(フル)+ベネット(西風、旧貴族)+閑雲,128504,3840.5,19853.08,1.216,187,0.92:1.84
裁断,火魔女4(1),元素熟知+元素バフ+会心率,フリーナ(フル)+ベネット(西風、旧貴族)+閑雲,128353.8,3195.84,16199,1.441,187,0.87:1.73
裁断,火魔女4(1),元素熟知+元素バフ+会心ダメージ,フリーナ(フル)+ベネット(西風、旧貴族)+閑雲,128353.8,3195.84,16199,1.441,187,0.87:1.73
黒岩完凸(平均),ファントム4,元素熟知+元素熟知+会心率,フリーナ(フル)+ベネット(西風、旧貴族)+閑雲,128269.4,2983,16199,0.75,374,1.00:2.29
黒岩完凸(平均),ファントム4,元素熟知+元素熟知+会心ダメージ,フリーナ(フル)+ベネット(西風、旧貴族)+閑雲,128269.3,2983,16199,0.75,374,1.00:2.29
葦海の標,金メッキ4(同元素0),元素熟知+元素熟知+会心率,フリーナ(フル)+ベネット(西風、旧貴族)+閑雲,128249.6,3239.9,19853.08,0.75,604,0.92:1.84
葦海の標,金メッキ4(同元素0),元素熟知+元素熟知+会心ダメージ,フリーナ(フル)+ベネット(西風、旧貴族)+閑雲,128249.6,3239.9,19853.08,0.75,604,0.92:1.84
葦海の標,金メッキ4(同元素0),元素熟知+元素バフ+元素熟知,フリーナ(フル)+ベネット(西風、旧貴族)+閑雲,127990.3,3239.9,19853.08,1.216,604,0.77:1.53
葦海の標,ファントム4,元素熟知+元素バフ+会心率,ベネット(西風、旧貴族)+閑雲+夜蘭(終焉、9秒平均),127980.2,3421.9,19853.08,0.656,287,1.00:2.40
葦海の標,ファントム4,元素熟知+元素バフ+会心ダメージ,ベネット(西風、旧貴族)+閑雲+夜蘭(終焉、9秒平均),127980.2,3421.9,19853.08,0.656,287,1.00:2.40
葦海の標,金メッキ4(同元素1),元素熟知+元素熟知+会心率,フリーナ(フル)+ベネット(西風、旧貴族)+閑雲,127943.7,3367.3,19853.08,0.75,554,0.92:1.84
葦海の標,金メッキ4(同元素1),元素熟知+元素熟知+会心ダメージ,フリーナ(フル)+ベネット(西風、旧貴族)+閑雲,127943.7,3367.3,19853.08,0.75,554,0.92:1.84
葦海の標,金メッキ4(同元素1),元素熟知+元素バフ+元素熟知,フリーナ(フル)+ベネット(西風、旧貴族)+閑雲,127684.9,3367.3,19853.08,1.216,554,0.77:1.53
雨裁,金メッキ4(同元素0),元素熟知+元素バフ+会心率,フリーナ(フル)+ベネット(西風、旧貴族)+閑雲,127655.5,2690.68,16199,1.576,582,0.76:1.51
雨裁,金メッキ4(同元素0),元素熟知+元素バフ+会心ダメージ,フリーナ(フル)+ベネット(西風、旧貴族)+閑雲,127655.5,2690.68,16199,1.576,582,0.76:1.51
黒岩完凸(平均),火魔女4(1),元素熟知+元素バフ+会心率,フリーナ(フル)+ベネット(西風、旧貴族)+閑雲,127587.5,2983,16199,1.441,187,0.89:1.79
黒岩完凸(平均),火魔女4(1),元素熟知+元素バフ+会心ダメージ,フリーナ(フル)+ベネット(西風、旧貴族)+閑雲,127587.5,2983,16199,1.441,187,0.89:1.79
黒岩完凸(平均),金メッキ4(同元素1),元素熟知+元素バフ+会心率,フリーナ(フル)+ベネット(西風、旧貴族)+閑雲,127555.7,3096.68,16199,1.216,367,0.89:1.79
黒岩完凸(平均),金メッキ4(同元素1),元素熟知+元素バフ+会心ダメージ,フリーナ(フル)+ベネット(西風、旧貴族)+閑雲,127555.7,3096.68,16199,1.216,367,0.89:1.79
葦海の標,金メッキ4(同元素2),元素熟知+元素熟知+会心率,フリーナ(フル)+ベネット(西風、旧貴族)+閑雲,127270.9,3494.7,19853.08,0.75,504,0.92:1.84
葦海の標,金メッキ4(同元素2),元素熟知+元素熟知+会心ダメージ,フリーナ(フル)+ベネット(西風、旧貴族)+閑雲,127270.9,3494.7,19853.08,0.75,504,0.92:1.84
赤角石塵滅砕,金メッキ4(同元素0),攻撃%+元素バフ+会心率,フリーナ(フル)+ベネット(西風、旧貴族)+閑雲,127243.8,3144.464,16199,1.216,230,0.98:1.95
赤角石塵滅砕,金メッキ4(同元素0),攻撃%+元素バフ+会心ダメージ,フリーナ(フル)+ベネット(西風、旧貴族)+閑雲,127243.8,3144.464,16199,1.216,230,0.98:1.95
雨裁,金メッキ4(同元素1),元素熟知+元素バフ+会心率,フリーナ(フル)+ベネット(西風、旧貴族)+閑雲,127233.3,2804.36,16199,1.576,532,0.76:1.51
雨裁,金メッキ4(同元素1),元素熟知+元素バフ+会心ダメージ,フリーナ(フル)+ベネット(西風、旧貴族)+閑雲,127233.3,2804.36,16199,1.576,532,0.76:1.51
葦海の標,金メッキ4(同元素2),元素熟知+元素バフ+元素熟知,フリーナ(フル)+ベネット(西風、旧貴族)+閑雲,127013.5,3494.7,19853.08,1.216,504,0.77:1.53
雨裁,ファントム4,攻撃%+元素熟知+会心率,フリーナ(フル)+ベネット(西風、旧貴族)+閑雲,126954.3,3069.072,16199,1.11,352,0.94:1.87
雨裁,ファントム4,攻撃%+元素熟知+会心ダメージ,フリーナ(フル)+ベネット(西風、旧貴族)+閑雲,126954.3,3069.072,16199,1.11,352,0.94:1.87
裁断,金メッキ4(同元素2),元素熟知+元素バフ+会心率,フリーナ(フル)+ベネット(西風、旧貴族)+閑雲,126833.2,3469.12,16199,1.216,317,0.87:1.73
裁断,金メッキ4(同元素2),元素熟知+元素バフ+会心ダメージ,フリーナ(フル)+ベネット(西風、旧貴族)+閑雲,126833.2,3469.12,16199,1.216,317,0.87:1.73
葦海の標,ファントム4,攻撃%+元素熟知+会心率,フリーナ(フル)+ベネット(西風、旧貴族)+閑雲,126827.1,3663.96,19853.08,0.75,187,1.00:2.40
葦海の標,ファントム4,攻撃%+元素熟知+会心ダメージ,フリーナ(フル)+ベネット(西風、旧貴族)+閑雲,126827.1,3663.96,19853.08,0.75,187,1.00:2.40
雨裁,ファントム4,攻撃%+元素バフ+会心率,フリーナ(フル)+ベネット(西風、旧貴族)+閑雲,126594.5,3069.072,16199,1.576,165,0.94:1.87
雨裁,ファントム4,攻撃%+元素バフ+会心ダメージ,フリーナ(フル)+ベネット(西風、旧貴族)+閑雲,126594.5,3069.072,16199,1.576,165,0.94:1.87
雨裁,金メッキ4(同元素2),元素熟知+元素バフ+会心率,フリーナ(フル)+ベネット(西風、旧貴族)+閑雲,126430.7,2918.04,16199,1.576,482,0.76:1.51
雨裁,金メッキ4(同元素2),元素熟知+元素バフ+会心ダメージ,フリーナ(フル)+ベネット(西風、旧貴族)+閑雲,126430.7,2918.04,16199,1.576,482,0.76:1.51
葦海の標,金メッキ4(同元素1),攻撃%+元素バフ+会心率,フリーナ(フル)+ベネット(西風、旧貴族)+閑雲,126340.7,3791.36,19853.08,1.216,180,0.92:1.84
葦海の標,金メッキ4(同元素1),攻撃%+元素バフ+会心ダメージ,フリーナ(フル)+ベネット(西風、旧貴族)+閑雲,126340.7,3791.36,19853.08,1.216,180,0.92:1.84
葦海の標,火魔女+楽団,元素熟知+元素熟知+会心率,フリーナ(フル)+ベネット(西風、旧貴族)+閑雲,126312.1,3239.9,19853.08,0.9,454,0.92:1.84
葦海の標,火魔女+楽団,元素熟知+元素熟知+会心ダメージ,フリーナ(フル)+ベネット(西風、旧貴族)+閑雲,126312.1,3239.9,19853.08,0.9,454,0.92:1.84
葦海の標,火魔女+金メッキ,元素熟知+元素熟知+会心率,フリーナ(フル)+ベネット(西風、旧貴族)+閑雲,126312.1,3239.9,19853.08,0.9,454,0.92:1.84
葦海の標,火魔女+金メッキ,元素熟知+元素熟知+会心ダメージ,フリーナ(フル)+ベネット(西風、旧貴族)+閑雲,126312.1,3239.9,19853.08,0.9,454,0.92:1.84
葦海の標,火魔女+楽園,元素熟知+元素熟知+会心率,フリーナ(フル)+ベネット(西風、旧貴族)+閑雲,126312.1,3239.9,19853.08,0.9,454,0.92:1.84
葦海の標,火魔女+楽園,元素熟知+元素熟知+会心ダメージ,フリーナ(フル)+ベネット(西風、旧貴族)+閑雲,126312.1,3239.9,19853.08,0.9,454,0.92:1.84
葦海の標,金メッキ4(同元素3),元素熟知+元素熟知+会心率,フリーナ(フル)+ベネット(西風、旧貴族)+閑雲,126201.6,3622.1,19853.08,0.75,454,0.92:1.84
葦海の標,金メッキ4(同元素3),元素熟知+元素熟知+会心ダメージ,フリーナ(フル)+ベネット(西風、旧貴族)+閑雲,126201.6,3622.1,19853.08,0.75,454,0.92:1.84
葦海の標,金メッキ4(同元素3),元素熟知+元素バフ+元素熟知,フリーナ(フル)+ベネット(西風、旧貴族)+閑雲,125946.4,3622.1,19853.08,1.216,454,0.77:1.53
赤角石塵滅砕,ファントム4,元素熟知+元素熟知+元素熟知,フリーナ(フル)+ベネット(西風、旧貴族)+閑雲,125922.2,2751.16,16199,0.75,561,1.00:2.00
葦海の標,しめ縄+火魔女,元素熟知+元素バフ+会心率,フリーナ(フル)+ベネット(西風、旧貴族)+閑雲,125894.9,3403.7,19853.08,1.366,187,0.92:1.84
葦海の標,しめ縄+火魔女,元素熟知+元素バフ+会心ダメージ,フリーナ(フル)+ベネット(西風、旧貴族)+閑雲,125894.9,3403.7,19853.08,1.366,187,0.92:1.84
葦海の標,火魔女+剣闘士,元素熟知+元素バフ+会心率,フリーナ(フル)+ベネット(西風、旧貴族)+閑雲,125894.9,3403.7,19853.08,1.366,187,0.92:1.84
葦海の標,火魔女+剣闘士,元素熟知+元素バフ+会心ダメージ,フリーナ(フル)+ベネット(西風、旧貴族)+閑雲,125894.9,3403.7,19853.08,1.366,187,0.92:1.84
葦海の標,火魔女+残響,元素熟知+元素バフ+会心率,フリーナ(フル)+ベネット(西風、旧貴族)+閑雲,125894.9,3403.7,19853.08,1.366,187,0.92:1.84
葦海の標,火魔女+残響,元素熟知+元素バフ+会心ダメージ,フリーナ(フル)+ベネット(西風、旧貴族)+閑雲,125894.9,3403.7,19853.08,1.366,187,0.92:1.84
葦海の標,火魔女+辰砂,元素熟知+元素バフ+会心率,フリーナ(フル)+ベネット(西風、旧貴族)+閑雲,125894.9,3403.7,19853.08,1.366,187,0.92:1.84
葦海の標,火魔女+辰砂,元素熟知+元素バフ+会心ダメージ,フリーナ(フル)+ベネット(西風、旧貴族)+閑雲,125894.9,3403.7,19853.08,1.366,187,0.92:1.84
赤角石塵滅砕,しめ縄+楽団,元素熟知+元素バフ+会心率,フリーナ(フル)+ベネット(西風、旧貴族)+閑雲,125623.6,2903.08,16199,1.216,267,0.98:1.95
赤角石塵滅砕,しめ縄+楽団,元素熟知+元素バフ+会心ダメージ,フリーナ(フル)+ベネット(西風、旧貴族)+閑雲,125623.6,2903.08,16199,1.216,267,0.98:1.95
赤角石塵滅砕,しめ縄+金メッキ,元素熟知+元素バフ+会心率,フリーナ(フル)+ベネット(西風、旧貴族)+閑雲,125623.6,2903.08,16199,1.216,267,0.98:1.95
赤角石塵滅砕,しめ縄+金メッキ,元素熟知+元素バフ+会心ダメージ,フリーナ(フル)+ベネット(西風、旧貴族)+閑雲,125623.6,2903.08,16199,1.216,267,0.98:1.95
赤角石塵滅砕,しめ縄+楽園,元素熟知+元素バフ+会心率,フリーナ(フル)+ベネット(西風、旧貴族)+閑雲,125623.6,2903.08,16199,1.216,267,0.98:1.95
赤角石塵滅砕,しめ縄+楽園,元素熟知+元素バフ+会心ダメージ,フリーナ(フル)+ベネット(西風、旧貴族)+閑雲,125623.6,2903.08,16199,1.216,267,0.98:1.95
赤角石塵滅砕,楽団+剣闘士,元素熟知+元素バフ+会心率,フリーナ(フル)+ベネット(西風、旧貴族)+閑雲,125623.6,2903.08,16199,1.216,267,0.98:1.95
赤角石塵滅砕,楽団+剣闘士,元素熟知+元素バフ+会心ダメージ,フリーナ(フル)+ベネット(西風、旧貴族)+閑雲,125623.6,2903.08,16199,1.216,267,0.98:1.95
赤角石塵滅砕,楽団+残響,元素熟知+元素バフ+会心率,フリーナ(フル)+ベネット(西風、旧貴族)+閑雲,125623.6,2903.08,16199,1.216,267,0.98:1.95
赤角石塵滅砕,楽団+残響,元素熟知+元素バフ+会心ダメージ,フリーナ(フル)+ベネット(西風、旧貴族)+閑雲,125623.6,2903.08,16199,1.216,267,0.98:1.95
赤角石塵滅砕,楽団+辰砂,元素熟知+元素バフ+会心率,フリーナ(フル)+ベネット(西風、旧貴族)+閑雲,125623.6,2903.08,16199,1.216,267,0.98:1.95
赤角石塵滅砕,楽団+辰砂,元素熟知+元素バフ+会心ダメージ,フリーナ(フル)+ベネット(西風、旧貴族)+閑雲,125623.6,2903.08,16199,1.216,267,0.98:1.95
赤角石塵滅砕,金メッキ+剣闘士,元素熟知+元素バフ+会心率,フリーナ(フル)+ベネット(西風、旧貴族)+閑雲,125623.6,2903.08,16199,1.216,267,0.98:1.95
赤角石塵滅砕,金メッキ+剣闘士,元素熟知+元素バフ+会心ダメージ,フリーナ(フル)+ベネット(西風、旧貴族)+閑雲,125623.6,2903.08,16199,1.216,267,0.98:1.95
赤角石塵滅砕,金メッキ+残響,元素熟知+元素バフ+会心率,フリーナ(フル)+ベネット(西風、旧貴族)+閑雲,125623.6,2903.08,16199,1.216,267,0.98:1.95
赤角石塵滅砕,金メッキ+残響,元素熟知+元素バフ+会心ダメージ,フリーナ(フル)+ベネット(西風、旧貴族)+閑雲,125623.6,2903.08,16199,1.216,267,0.98:1.95
赤角石塵滅砕,金メッキ+辰砂,元素熟知+元素バフ+会心率,フリーナ(フル)+ベネット(西風、旧貴族)+閑雲,125623.6,2903.08,16199,1.216,267,0.98:1.95
赤角石塵滅砕,金メッキ+辰砂,元素熟知+元素バフ+会心ダメージ,フリーナ(フル)+ベネット(西風、旧貴族)+閑雲,125623.6,2903.08,16199,1.216,267,0.98:1.95
赤角石塵滅砕,楽園+剣闘士,元素熟知+元素バフ+会心率,フリーナ(フル)+ベネット(西風、旧貴族)+閑雲,125623.6,2903.08,16199,1.216,267,0.98:1.95
赤角石塵滅砕,楽園+剣闘士,元素熟知+元素バフ+会心ダメージ,フリーナ(フル)+ベネット(西風、旧貴族)+閑雲,125623.6,2903.08,16199,1.216,267,0.98:1.95
赤角石塵滅砕,楽園+残響,元素熟知+元素バフ+会心率,フリーナ(フル)+ベネット(西風、旧貴族)+閑雲,125623.6,2903.08,16199,1.216,267,0.98:1.95
赤角石塵滅砕,楽園+残響,元素熟知+元素バフ+会心ダメージ,フリーナ(フル)+ベネット(西風、旧貴族)+閑雲,125623.6,2903.08,16199,1.216,267,0.98:1.95
赤角石塵滅砕,楽園+辰砂,元素熟知+元素バフ+会心率,フリーナ(フル)+ベネット(西風、旧貴族)+閑雲,125623.6,2903.08,16199,1.216,267,0.98:1.95
赤角石塵滅砕,楽園+辰砂,元素熟知+元素バフ+会心ダメージ,フリーナ(フル)+ベネット(西風、旧貴族)+閑雲,125623.6,2903.08,16199,1.216,267,0.98:1.95
赤角石塵滅砕,ファントム4,攻撃%+元素バフ+元素熟知,フリーナ(フル)+ベネット(西風、旧貴族)+閑雲,125379.3,3144.464,16199,1.216,187,1.00:2.00
赤角石塵滅砕,辰砂4,元素熟知+元素バフ+会心率,フリーナ(フル)+ベネット(西風、旧貴族)+閑雲,125360.4,3308.2,16199,1.216,187,0.98:1.95
赤角石塵滅砕,辰砂4,元素熟知+元素バフ+会心ダメージ,フリーナ(フル)+ベネット(西風、旧貴族)+閑雲,125360.4,3308.2,16199,1.216,187,0.98:1.95
雨裁,ファントム4,元素熟知+元素バフ+会心率,ベネット(西風、旧貴族)+閑雲+夜蘭(終焉、9秒平均),125326.8,2853.08,16199,1.016,452,0.94:1.87
雨裁,ファントム4,元素熟知+元素バフ+会心ダメージ,ベネット(西風、旧貴族)+閑雲+夜蘭(終焉、9秒平均),125326.8,2853.08,16199,1.016,452,0.94:1.87
葦海の標,火魔女4(1),元素熟知+元素バフ+会心率,ベネット(西風、旧貴族)+閑雲+夜蘭(終焉、9秒平均),125248.5,3421.9,19853.08,0.881,287,0.92:1.84
葦海の標,火魔女4(1),元素熟知+元素バフ+会心ダメージ,ベネット(西風、旧貴族)+閑雲+夜蘭(終焉、9秒平均),125248.5,3421.9,19853.08,0.881,287,0.92:1.84
黒岩完凸(平均),金メッキ4(同元素2),元素熟知+元素バフ+会心率,フリーナ(フル)+ベネット(西風、旧貴族)+閑雲,125218.2,3210.36,16199,1.216,317,0.89:1.79
黒岩完凸(平均),金メッキ4(同元素2),元素熟知+元素バフ+会心ダメージ,フリーナ(フル)+ベネット(西風、旧貴族)+閑雲,125218.2,3210.36,16199,1.216,317,0.89:1.79
雨裁,金メッキ4(同元素3),元素熟知+元素バフ+会心率,フリーナ(フル)+ベネット(西風、旧貴族)+閑雲,125216.5,3031.72,16199,1.576,432,0.76:1.51
雨裁,金メッキ4(同元素3),元素熟知+元素バフ+会心ダメージ,フリーナ(フル)+ベネット(西風、旧貴族)+閑雲,125216.5,3031.72,16199,1.576,432,0.76:1.51
葦海の標,ファントム+楽団,元素熟知+元素バフ+会心率,フリーナ(フル)+ベネット(西風、旧貴族)+閑雲,124968.3,3239.9,19853.08,1.216,267,0.92:1.84
葦海の標,ファントム+楽団,元素熟知+元素バフ+会心ダメージ,フリーナ(フル)+ベネット(西風、旧貴族)+閑雲,124968.3,3239.9,19853.08,1.216,267,0.92:1.84
葦海の標,ファントム+金メッキ,元素熟知+元素バフ+会心率,フリーナ(フル)+ベネット(西風、旧貴族)+閑雲,124968.3,3239.9,19853.08,1.216,267,0.92:1.84
葦海の標,ファントム+金メッキ,元素熟知+元素バフ+会心ダメージ,フリーナ(フル)+ベネット(西風、旧貴族)+閑雲,124968.3,3239.9,19853.08,1.216,267,0.92:1.84
葦海の標,ファントム+楽園,元素熟知+元素バフ+会心率,フリーナ(フル)+ベネット(西風、旧貴族)+閑雲,124968.3,3239.9,19853.08,1.216,267,0.92:1.84
葦海の標,ファントム+楽園,元素熟知+元素バフ+会心ダメージ,フリーナ(フル)+ベネット(西風、旧貴族)+閑雲,124968.3,3239.9,19853.08,1.216,267,0.92:1.84
葦海の標,花海+楽団,元素熟知+元素バフ+会心率,フリーナ(フル)+ベネット(西風、旧貴族)+閑雲,124968.3,3239.9,22136.88,1.216,267,0.92:1.84
葦海の標,花海+楽団,元素熟知+元素バフ+会心ダメージ,フリーナ(フル)+ベネット(西風、旧貴族)+閑雲,124968.3,3239.9,22136.88,1.216,267,0.92:1.84
葦海の標,花海+金メッキ,元素熟知+元素バフ+会心率,フリーナ(フル)+ベネット(西風、旧貴族)+閑雲,124968.3,3239.9,22136.88,1.216,267,0.92:1.84
葦海の標,花海+金メッキ,元素熟知+元素バフ+会心ダメージ,フリーナ(フル)+ベネット(西風、旧貴族)+閑雲,124968.3,3239.9,22136.88,1.216,267,0.92:1.84
葦海の標,花海+楽園,元素熟知+元素バフ+会心率,フリーナ(フル)+ベネット(西風、旧貴族)+閑雲,124968.3,3239.9,22136.88,1.216,267,0.92:1.84
葦海の標,花海+楽園,元素熟知+元素バフ+会心ダメージ,フリーナ(フル)+ベネット(西風、旧貴族)+閑雲,124968.3,3239.9,22136.88,1.216,267,0.92:1.84
葦海の標,華館+楽団,元素熟知+元素バフ+会心率,フリーナ(フル)+ベネット(西風、旧貴族)+閑雲,124968.3,3239.9,19853.08,1.216,267,0.92:1.84
葦海の標,華館+楽団,元素熟知+元素バフ+会心ダメージ,フリーナ(フル)+ベネット(西風、旧貴族)+閑雲,124968.3,3239.9,19853.08,1.216,267,0.92:1.84
葦海の標,華館+金メッキ,元素熟知+元素バフ+会心率,フリーナ(フル)+ベネット(西風、旧貴族)+閑雲,124968.3,3239.9,19853.08,1.216,267,0.92:1.84
葦海の標,華館+金メッキ,元素熟知+元素バフ+会心ダメージ,フリーナ(フル)+ベネット(西風、旧貴族)+閑雲,124968.3,3239.9,19853.08,1.216,267,0.92:1.84
葦海の標,華館+楽園,元素熟知+元素バフ+会心率,フリーナ(フル)+ベネット(西風、旧貴族)+閑雲,124968.3,3239.9,19853.08,1.216,267,0.92:1.84
葦海の標,華館+楽園,元素熟知+元素バフ+会心ダメージ,フリーナ(フル)+ベネット(西風、旧貴族)+閑雲,124968.3,3239.9,19853.08,1.216,267,0.92:1.84
葦海の標,楽団+劇団,元素熟知+元素バフ+会心率,フリーナ(フル)+ベネット(西風、旧貴族)+閑雲,124968.3,3239.9,19853.08,1.216,267,0.92:1.84
葦海の標,楽団+劇団,元素熟知+元素バフ+会心ダメージ,フリーナ(フル)+ベネット(西風、旧貴族)+閑雲,124968.3,3239.9,19853.08,1.216,267,0.92:1.84
葦海の標,楽団+砂上,元素熟知+元素バフ+会心率,フリーナ(フル)+ベネット(西風、旧貴族)+閑雲,124968.3,3239.9,19853.08,1.216,267,0.92:1.84
葦海の標,楽団+砂上,元素熟知+元素バフ+会心ダメージ,フリーナ(フル)+ベネット(西風、旧貴族)+閑雲,124968.3,3239.9,19853.08,1.216,267,0.92:1.84
葦海の標,楽団+深林,元素熟知+元素バフ+会心率,フリーナ(フル)+ベネット(西風、旧貴族)+閑雲,124968.3,3239.9,19853.08,1.216,267,0.92:1.84
葦海の標,楽団+深林,元素熟知+元素バフ+会心ダメージ,フリーナ(フル)+ベネット(西風、旧貴族)+閑雲,124968.3,3239.9,19853.08,1.216,267,0.92:1.84
葦海の標,楽団+千岩,元素熟知+元素バフ+会心率,フリーナ(フル)+ベネット(西風、旧貴族)+閑雲,124968.3,3239.9,22136.88,1.216,267,0.92:1.84
葦海の標,楽団+千岩,元素熟知+元素バフ+会心ダメージ,フリーナ(フル)+ベネット(西風、旧貴族)+閑雲,124968.3,3239.9,22136.88,1.216,267,0.92:1.84
葦海の標,楽団+沈淪,元素熟知+元素バフ+会心率,フリーナ(フル)+ベネット(西風、旧貴族)+閑雲,124968.3,3239.9,19853.08,1.216,267,0.92:1.84
葦海の標,楽団+沈淪,元素熟知+元素バフ+会心ダメージ,フリーナ(フル)+ベネット(西風、旧貴族)+閑雲,124968.3,3239.9,19853.08,1.216,267,0.92:1.84
葦海の標,楽団+氷風,元素熟知+元素バフ+会心率,フリーナ(フル)+ベネット(西風、旧貴族)+閑雲,124968.3,3239.9,19853.08,1.216,267,0.92:1.84
葦海の標,楽団+氷風,元素熟知+元素バフ+会心ダメージ,フリーナ(フル)+ベネット(西風、旧貴族)+閑雲,124968.3,3239.9,19853.08,1.216,267,0.92:1.84
葦海の標,楽団+悠久,元素熟知+元素バフ+会心率,フリーナ(フル)+ベネット(西風、旧貴族)+閑雲,124968.3,3239.9,19853.08,1.216,267,0.92:1.84
葦海の標,楽団+悠久,元素熟知+元素バフ+会心ダメージ,フリーナ(フル)+ベネット(西風、旧貴族)+閑雲,124968.3,3239.9,19853.08,1.216,267,0.92:1.84
葦海の標,楽団+雷,元素熟知+元素バフ+会心率,フリーナ(フル)+ベネット(西風、旧貴族)+閑雲,124968.3,3239.9,19853.08,1.216,267,0.92:1.84
葦海の標,楽団+雷,元素熟知+元素バフ+会心ダメージ,フリーナ(フル)+ベネット(西風、旧貴族)+閑雲,124968.3,3239.9,19853.08,1.216,267,0.92:1.84
葦海の標,金メッキ+劇団,元素熟知+元素バフ+会心率,フリーナ(フル)+ベネット(西風、旧貴族)+閑雲,124968.3,3239.9,19853.08,1.216,267,0.92:1.84
葦海の標,金メッキ+劇団,元素熟知+元素バフ+会心ダメージ,フリーナ(フル)+ベネット(西風、旧貴族)+閑雲,124968.3,3239.9,19853.08,1.216,267,0.92:1.84
葦海の標,金メッキ+砂上,元素熟知+元素バフ+会心率,フリーナ(フル)+ベネット(西風、旧貴族)+閑雲,124968.3,3239.9,19853.08,1.216,267,0.92:1.84
葦海の標,金メッキ+砂上,元素熟知+元素バフ+会心ダメージ,フリーナ(フル)+ベネット(西風、旧貴族)+閑雲,124968.3,3239.9,19853.08,1.216,267,0.92:1.84
葦海の標,金メッキ+深林,元素熟知+元素バフ+会心率,フリーナ(フル)+ベネット(西風、旧貴族)+閑雲,124968.3,3239.9,19853.08,1.216,267,0.92:1.84
葦海の標,金メッキ+深林,元素熟知+元素バフ+会心ダメージ,フリーナ(フル)+ベネット(西風、旧貴族)+閑雲,124968.3,3239.9,19853.08,1.216,267,0.92:1.84
葦海の標,金メッキ+千岩,元素熟知+元素バフ+会心率,フリーナ(フル)+ベネット(西風、旧貴族)+閑雲,124968.3,3239.9,22136.88,1.216,267,0.92:1.84
葦海の標,金メッキ+千岩,元素熟知+元素バフ+会心ダメージ,フリーナ(フル)+ベネット(西風、旧貴族)+閑雲,124968.3,3239.9,22136.88,1.216,267,0.92:1.84
葦海の標,金メッキ+沈淪,元素熟知+元素バフ+会心率,フリーナ(フル)+ベネット(西風、旧貴族)+閑雲,124968.3,3239.9,19853.08,1.216,267,0.92:1.84
葦海の標,金メッキ+沈淪,元素熟知+元素バフ+会心ダメージ,フリーナ(フル)+ベネット(西風、旧貴族)+閑雲,124968.3,3239.9,19853.08,1.216,267,0.92:1.84
葦海の標,金メッキ+氷風,元素熟知+元素バフ+会心率,フリーナ(フル)+ベネット(西風、旧貴族)+閑雲,124968.3,3239.9,19853.08,1.216,267,0.92:1.84
葦海の標,金メッキ+氷風,元素熟知+元素バフ+会心ダメージ,フリーナ(フル)+ベネット(西風、旧貴族)+閑雲,124968.3,3239.9,19853.08,1.216,267,0.92:1.84
葦海の標,金メッキ+悠久,元素熟知+元素バフ+会心率,フリーナ(フル)+ベネット(西風、旧貴族)+閑雲,124968.3,3239.9,19853.08,1.216,267,0.92:1.84
葦海の標,金メッキ+悠久,元素熟知+元素バフ+会心ダメージ,フリーナ(フル)+ベネット(西風、旧貴族)+閑雲,124968.3,3239.9,19853.08,1.216,267,0.92:1.84
葦海の標,金メッキ+雷,元素熟知+元素バフ+会心率,フリーナ(フル)+ベネット(西風、旧貴族)+閑雲,124968.3,3239.9,19853.08,1.216,267,0.92:1.84
葦海の標,金メッキ+雷,元素熟知+元素バフ+会心ダメージ,フリーナ(フル)+ベネット(西風、旧貴族)+閑雲,124968.3,3239.9,19853.08,1.216,267,0.92:1.84
葦海の標,楽園+劇団,元素熟知+元素バフ+会心率,フリーナ(フル)+ベネット(西風、旧貴族)+閑雲,124968.3,3239.9,19853.08,1.216,267,0.92:1.84
葦海の標,楽園+劇団,元素熟知+元素バフ+会心ダメージ,フリーナ(フル)+ベネット(西風、旧貴族)+閑雲,124968.3,3239.9,19853.08,1.216,267,0.92:1.84
葦海の標,楽園+砂上,元素熟知+元素バフ+会心率,フリーナ(フル)+ベネット(西風、旧貴族)+閑雲,124968.3,3239.9,19853.08,1.216,267,0.92:1.84
葦海の標,楽園+砂上,元素熟知+元素バフ+会心ダメージ,フリーナ(フル)+ベネット(西風、旧貴族)+閑雲,124968.3,3239.9,19853.08,1.216,267,0.92:1.84
葦海の標,楽園+深林,元素熟知+元素バフ+会心率,フリーナ(フル)+ベネット(西風、旧貴族)+閑雲,124968.3,3239.9,19853.08,1.216,267,0.92:1.84
葦海の標,楽園+深林,元素熟知+元素バフ+会心ダメージ,フリーナ(フル)+ベネット(西風、旧貴族)+閑雲,124968.3,3239.9,19853.08,1.216,267,0.92:1.84
葦海の標,楽園+千岩,元素熟知+元素バフ+会心率,フリーナ(フル)+ベネット(西風、旧貴族)+閑雲,124968.3,3239.9,22136.88,1.216,267,0.92:1.84
葦海の標,楽園+千岩,元素熟知+元素バフ+会心ダメージ,フリーナ(フル)+ベネット(西風、旧貴族)+閑雲,124968.3,3239.9,22136.88,1.216,267,0.92:1.84
葦海の標,楽園+沈淪,元素熟知+元素バフ+会心率,フリーナ(フル)+ベネット(西風、旧貴族)+閑雲,124968.3,3239.9,19853.08,1.216,267,0.92:1.84
葦海の標,楽園+沈淪,元素熟知+元素バフ+会心ダメージ,フリーナ(フル)+ベネット(西風、旧貴族)+閑雲,124968.3,3239.9,19853.08,1.216,267,0.92:1.84
葦海の標,楽園+氷風,元素熟知+元素バフ+会心率,フリーナ(フル)+ベネット(西風、旧貴族)+閑雲,124968.3,3239.9,19853.08,1.216,267,0.92:1.84
葦海の標,楽園+氷風,元素熟知+元素バフ+会心ダメージ,フリーナ(フル)+ベネット(西風、旧貴族)+閑雲,124968.3,3239.9,19853.08,1.216,267,0.92:1.84
葦海の標,楽園+悠久,元素熟知+元素バフ+会心率,フリーナ(フル)+ベネット(西風、旧貴族)+閑雲,124968.3,3239.9,19853.08,1.216,267,0.92:1.84
葦海の標,楽園+悠久,元素熟知+元素バフ+会心ダメージ,フリーナ(フル)+ベネット(西風、旧貴族)+閑雲,124968.3,3239.9,19853.08,1.216,267,0.92:1.84
葦海の標,楽園+雷,元素熟知+元素バフ+会心率,フリーナ(フル)+ベネット(西風、旧貴族)+閑雲,124968.3,3239.9,19853.08,1.216,267,0.92:1.84
葦海の標,楽園+雷,元素熟知+元素バフ+会心ダメージ,フリーナ(フル)+ベネット(西風、旧貴族)+閑雲,124968.3,3239.9,19853.08,1.216,267,0.92:1.84
黒岩完凸(効果無し),ファントム4,元素熟知+元素バフ+会心率,フリーナ(フル)+ベネット(西風、旧貴族)+閑雲,124885.9,2690.68,16199,1.216,187,1.00:2.29
黒岩完凸(効果無し),ファントム4,元素熟知+元素バフ+会心ダメージ,フリーナ(フル)+ベネット(西風、旧貴族)+閑雲,124885.9,2690.68,16199,1.216,187,1.00:2.29
赤角石塵滅砕,金メッキ4(同元素0),元素熟知+元素バフ+元素熟知,フリーナ(フル)+ベネット(西風、旧貴族)+閑雲,124836.2,2751.16,16199,1.216,604,0.82:1.64
赤角石塵滅砕,金メッキ4(同元素0),元素熟知+元素熟知+会心率,フリーナ(フル)+ベネット(西風、旧貴族)+閑雲,124749.1,2751.16,16199,0.75,604,0.98:1.95
赤角石塵滅砕,金メッキ4(同元素0),元素熟知+元素熟知+会心ダメージ,フリーナ(フル)+ベネット(西風、旧貴族)+閑雲,124749.1,2751.16,16199,0.75,604,0.98:1.95
葦海の標,火魔女4(1),攻撃%+元素熟知+会心率,フリーナ(フル)+ベネット(西風、旧貴族)+閑雲,124722.3,3663.96,19853.08,0.975,187,0.92:1.84
葦海の標,火魔女4(1),攻撃%+元素熟知+会心ダメージ,フリーナ(フル)+ベネット(西風、旧貴族)+閑雲,124722.3,3663.96,19853.08,0.975,187,0.92:1.84
赤角石塵滅砕,金メッキ4(同元素1),元素熟知+元素バフ+元素熟知,フリーナ(フル)+ベネット(西風、旧貴族)+閑雲,124622.4,2869.32,16199,1.216,554,0.82:1.64
赤角石塵滅砕,金メッキ4(同元素1),元素熟知+元素熟知+会心率,フリーナ(フル)+ベネット(西風、旧貴族)+閑雲,124535.4,2869.32,16199,0.75,554,0.98:1.95
赤角石塵滅砕,金メッキ4(同元素1),元素熟知+元素熟知+会心ダメージ,フリーナ(フル)+ベネット(西風、旧貴族)+閑雲,124535.4,2869.32,16199,0.75,554,0.98:1.95
末路(R2、30%以下),ファントム4,元素熟知+元素バフ+会心率,フリーナ(フル)+ベネット(西風、旧貴族)+閑雲,124418.5,3554.76,16199,1.216,187,0.94:1.87
末路(R2、30%以下),ファントム4,元素熟知+元素バフ+会心ダメージ,フリーナ(フル)+ベネット(西風、旧貴族)+閑雲,124418.5,3554.76,16199,1.216,187,0.94:1.87
葦海の標,火魔女+楽団,元素熟知+元素バフ+元素熟知,フリーナ(フル)+ベネット(西風、旧貴族)+閑雲,124319.9,3239.9,19853.08,1.366,454,0.77:1.53
葦海の標,火魔女+金メッキ,元素熟知+元素バフ+元素熟知,フリーナ(フル)+ベネット(西風、旧貴族)+閑雲,124319.9,3239.9,19853.08,1.366,454,0.77:1.53
葦海の標,火魔女+楽園,元素熟知+元素バフ+元素熟知,フリーナ(フル)+ベネット(西風、旧貴族)+閑雲,124319.9,3239.9,19853.08,1.366,454,0.77:1.53
裁断,金メッキ4(同元素3),元素熟知+元素バフ+会心率,フリーナ(フル)+ベネット(西風、旧貴族)+閑雲,124285,3605.76,16199,1.216,267,0.87:1.73
裁断,金メッキ4(同元素3),元素熟知+元素バフ+会心ダメージ,フリーナ(フル)+ベネット(西風、旧貴族)+閑雲,124285,3605.76,16199,1.216,267,0.87:1.73
裁断,火魔女4(1),元素熟知+元素熟知+会心率,フリーナ(フル)+ベネット(西風、旧貴族)+閑雲,124188.6,3195.84,16199,0.975,374,0.87:1.73
裁断,火魔女4(1),元素熟知+元素熟知+会心ダメージ,フリーナ(フル)+ベネット(西風、旧貴族)+閑雲,124188.6,3195.84,16199,0.975,374,0.87:1.73
葦海の標,ファントム4,攻撃%+元素熟知+元素熟知,フリーナ(フル)+ベネット(西風、旧貴族)+閑雲,124088.6,3663.96,19853.08,0.75,374,0.95:1.89
赤角石塵滅砕,金メッキ4(同元素2),元素熟知+元素バフ+元素熟知,フリーナ(フル)+ベネット(西風、旧貴族)+閑雲,124046.5,2987.48,16199,1.216,504,0.82:1.64
赤角石塵滅砕,金メッキ4(同元素2),元素熟知+元素熟知+会心率,フリーナ(フル)+ベネット(西風、旧貴族)+閑雲,123960,2987.48,16199,0.75,504,0.98:1.95
赤角石塵滅砕,金メッキ4(同元素2),元素熟知+元素熟知+会心ダメージ,フリーナ(フル)+ベネット(西風、旧貴族)+閑雲,123960,2987.48,16199,0.75,504,0.98:1.95
葦海の標,金メッキ4(同元素0),攻撃%+元素熟知+会心率,フリーナ(フル)+ベネット(西風、旧貴族)+閑雲,123944.6,3663.96,19853.08,0.75,417,0.92:1.84
葦海の標,金メッキ4(同元素0),攻撃%+元素熟知+会心ダメージ,フリーナ(フル)+ベネット(西風、旧貴族)+閑雲,123944.6,3663.96,19853.08,0.75,417,0.92:1.84
葦海の標,辰砂4,元素熟知+元素熟知+会心率,フリーナ(フル)+ベネット(西風、旧貴族)+閑雲,123902.6,3840.5,19853.08,0.75,374,0.92:1.84
葦海の標,辰砂4,元素熟知+元素熟知+会心ダメージ,フリーナ(フル)+ベネット(西風、旧貴族)+閑雲,123902.6,3840.5,19853.08,0.75,374,0.92:1.84
葦海の標,金メッキ4(同元素0),攻撃%+元素バフ+元素熟知,フリーナ(フル)+ベネット(西風、旧貴族)+閑雲,123694,3663.96,19853.08,1.216,417,0.77:1.53
葦海の標,辰砂4,元素熟知+元素バフ+元素熟知,フリーナ(フル)+ベネット(西風、旧貴族)+閑雲,123652,3840.5,19853.08,1.216,374,0.77:1.53
黒岩完凸(平均),火魔女4(1),元素熟知+元素熟知+会心率,フリーナ(フル)+ベネット(西風、旧貴族)+閑雲,123447.1,2983,16199,0.975,374,0.89:1.79
黒岩完凸(平均),火魔女4(1),元素熟知+元素熟知+会心ダメージ,フリーナ(フル)+ベネット(西風、旧貴族)+閑雲,123447.1,2983,16199,0.975,374,0.89:1.79
雨裁,火魔女4(1),元素熟知+元素熟知+会心率,フリーナ(フル)+ベネット(西風、旧貴族)+閑雲,123409.9,2690.68,16199,1.335,539,0.76:1.51
雨裁,火魔女4(1),元素熟知+元素熟知+会心ダメージ,フリーナ(フル)+ベネット(西風、旧貴族)+閑雲,123409.9,2690.68,16199,1.335,539,0.76:1.51
末路,ファントム4,元素熟知+元素バフ+会心率,フリーナ(フル)+ベネット(西風、旧貴族)+閑雲,123359.4,3509.26,16199,1.216,187,0.94:1.87
末路,ファントム4,元素熟知+元素バフ+会心ダメージ,フリーナ(フル)+ベネット(西風、旧貴族)+閑雲,123359.4,3509.26,16199,1.216,187,0.94:1.87
葦海の標,楽団+金メッキ,元素熟知+元素熟知+会心率,フリーナ(フル)+ベネット(西風、旧貴族)+閑雲,123346.6,3239.9,19853.08,0.75,534,0.92:1.84
葦海の標,楽団+金メッキ,元素熟知+元素熟知+会心ダメージ,フリーナ(フル)+ベネット(西風、旧貴族)+閑雲,123346.6,3239.9,19853.08,0.75,534,0.92:1.84
葦海の標,楽園+楽団,元素熟知+元素熟知+会心率,フリーナ(フル)+ベネット(西風、旧貴族)+閑雲,123346.6,3239.9,19853.08,0.75,534,0.92:1.84
葦海の標,楽園+楽団,元素熟知+元素熟知+会心ダメージ,フリーナ(フル)+ベネット(西風、旧貴族)+閑雲,123346.6,3239.9,19853.08,0.75,534,0.92:1.84
葦海の標,楽園+金メッキ,元素熟知+元素熟知+会心率,フリーナ(フル)+ベネット(西風、旧貴族)+閑雲,123346.6,3239.9,19853.08,0.75,534,0.92:1.84
葦海の標,楽園+金メッキ,元素熟知+元素熟知+会心ダメージ,フリーナ(フル)+ベネット(西風、旧貴族)+閑雲,123346.6,3239.9,19853.08,0.75,534,0.92:1.84
裁断,楽団+金メッキ,元素熟知+元素バフ+会心率,フリーナ(フル)+ベネット(西風、旧貴族)+閑雲,123334.3,3195.84,16199,1.216,347,0.87:1.73
裁断,楽団+金メッキ,元素熟知+元素バフ+会心ダメージ,フリーナ(フル)+ベネット(西風、旧貴族)+閑雲,123334.3,3195.84,16199,1.216,347,0.87:1.73
裁断,楽園+楽団,元素熟知+元素バフ+会心率,フリーナ(フル)+ベネット(西風、旧貴族)+閑雲,123334.3,3195.84,16199,1.216,347,0.87:1.73
裁断,楽園+楽団,元素熟知+元素バフ+会心ダメージ,フリーナ(フル)+ベネット(西風、旧貴族)+閑雲,123334.3,3195.84,16199,1.216,347,0.87:1.73
裁断,楽園+金メッキ,元素熟知+元素バフ+会心率,フリーナ(フル)+ベネット(西風、旧貴族)+閑雲,123334.3,3195.84,16199,1.216,347,0.87:1.73
裁断,楽園+金メッキ,元素熟知+元素バフ+会心ダメージ,フリーナ(フル)+ベネット(西風、旧貴族)+閑雲,123334.3,3195.84,16199,1.216,347,0.87:1.73
赤角石塵滅砕,金メッキ4(同元素1),攻撃%+元素バフ+会心率,フリーナ(フル)+ベネット(西風、旧貴族)+閑雲,123223.5,3262.624,16199,1.216,180,0.98:1.95
赤角石塵滅砕,金メッキ4(同元素1),攻撃%+元素バフ+会心ダメージ,フリーナ(フル)+ベネット(西風、旧貴族)+閑雲,123223.5,3262.624,16199,1.216,180,0.98:1.95
赤角石塵滅砕,ファントム4,元素熟知+元素バフ+会心率,ベネット(西風、旧貴族)+閑雲+夜蘭(終焉、9秒平均),123130.4,2919.96,16199,0.656,287,1.00:2.62
赤角石塵滅砕,ファントム4,元素熟知+元素バフ+会心ダメージ,ベネット(西風、旧貴族)+閑雲+夜蘭(終焉、9秒平均),123130.4,2919.96,16199,0.656,287,1.00:2.62
葦海の標,楽団+金メッキ,元素熟知+元素バフ+元素熟知,フリーナ(フル)+ベネット(西風、旧貴族)+閑雲,123097.1,3239.9,19853.08,1.216,534,0.77:1.53
葦海の標,楽園+楽団,元素熟知+元素バフ+元素熟知,フリーナ(フル)+ベネット(西風、旧貴族)+閑雲,123097.1,3239.9,19853.08,1.216,534,0.77:1.53
葦海の標,楽園+金メッキ,元素熟知+元素バフ+元素熟知,フリーナ(フル)+ベネット(西風、旧貴族)+閑雲,123097.1,3239.9,19853.08,1.216,534,0.77:1.53
葦海の標,しめ縄+火魔女,元素熟知+元素熟知+会心率,フリーナ(フル)+ベネット(西風、旧貴族)+閑雲,123082.6,3403.7,19853.08,0.9,374,0.92:1.84
葦海の標,しめ縄+火魔女,元素熟知+元素熟知+会心ダメージ,フリーナ(フル)+ベネット(西風、旧貴族)+閑雲,123082.6,3403.7,19853.08,0.9,374,0.92:1.84
葦海の標,火魔女+剣闘士,元素熟知+元素熟知+会心率,フリーナ(フル)+ベネット(西風、旧貴族)+閑雲,123082.6,3403.7,19853.08,0.9,374,0.92:1.84
葦海の標,火魔女+剣闘士,元素熟知+元素熟知+会心ダメージ,フリーナ(フル)+ベネット(西風、旧貴族)+閑雲,123082.6,3403.7,19853.08,0.9,374,0.92:1.84
葦海の標,火魔女+残響,元素熟知+元素熟知+会心率,フリーナ(フル)+ベネット(西風、旧貴族)+閑雲,123082.6,3403.7,19853.08,0.9,374,0.92:1.84
葦海の標,火魔女+残響,元素熟知+元素熟知+会心ダメージ,フリーナ(フル)+ベネット(西風、旧貴族)+閑雲,123082.6,3403.7,19853.08,0.9,374,0.92:1.84
葦海の標,火魔女+辰砂,元素熟知+元素熟知+会心率,フリーナ(フル)+ベネット(西風、旧貴族)+閑雲,123082.6,3403.7,19853.08,0.9,374,0.92:1.84
葦海の標,火魔女+辰砂,元素熟知+元素熟知+会心ダメージ,フリーナ(フル)+ベネット(西風、旧貴族)+閑雲,123082.6,3403.7,19853.08,0.9,374,0.92:1.84
赤角石塵滅砕,金メッキ4(同元素3),元素熟知+元素バフ+元素熟知,フリーナ(フル)+ベネット(西風、旧貴族)+閑雲,123079.4,3105.64,16199,1.216,454,0.82:1.64
赤角石塵滅砕,金メッキ4(同元素3),元素熟知+元素熟知+会心率,フリーナ(フル)+ベネット(西風、旧貴族)+閑雲,122993.5,3105.64,16199,0.75,454,0.98:1.95
赤角石塵滅砕,金メッキ4(同元素3),元素熟知+元素熟知+会心ダメージ,フリーナ(フル)+ベネット(西風、旧貴族)+閑雲,122993.5,3105.64,16199,0.75,454,0.98:1.95
雨裁,ファントム4,攻撃%+元素バフ+元素熟知,フリーナ(フル)+ベネット(西風、旧貴族)+閑雲,122969.7,3069.072,16199,1.576,352,0.78:1.56
赤角石塵滅砕,火魔女+楽団,元素熟知+元素熟知+会心率,フリーナ(フル)+ベネット(西風、旧貴族)+閑雲,122864.4,2751.16,16199,0.9,454,0.98:1.95
赤角石塵滅砕,火魔女+楽団,元素熟知+元素熟知+会心ダメージ,フリーナ(フル)+ベネット(西風、旧貴族)+閑雲,122864.4,2751.16,16199,0.9,454,0.98:1.95
赤角石塵滅砕,火魔女+金メッキ,元素熟知+元素熟知+会心率,フリーナ(フル)+ベネット(西風、旧貴族)+閑雲,122864.4,2751.16,16199,0.9,454,0.98:1.95
赤角石塵滅砕,火魔女+金メッキ,元素熟知+元素熟知+会心ダメージ,フリーナ(フル)+ベネット(西風、旧貴族)+閑雲,122864.4,2751.16,16199,0.9,454,0.98:1.95
赤角石塵滅砕,火魔女+楽園,元素熟知+元素熟知+会心率,フリーナ(フル)+ベネット(西風、旧貴族)+閑雲,122864.4,2751.16,16199,0.9,454,0.98:1.95
赤角石塵滅砕,火魔女+楽園,元素熟知+元素熟知+会心ダメージ,フリーナ(フル)+ベネット(西風、旧貴族)+閑雲,122864.4,2751.16,16199,0.9,454,0.98:1.95
雨裁,金メッキ4(同元素0),攻撃%+元素バフ+会心率,フリーナ(フル)+ベネット(西風、旧貴族)+閑雲,122850.2,3069.072,16199,1.576,395,0.76:1.51
雨裁,金メッキ4(同元素0),攻撃%+元素バフ+会心ダメージ,フリーナ(フル)+ベネット(西風、旧貴族)+閑雲,122850.2,3069.072,16199,1.576,395,0.76:1.51
雨裁,火魔女+楽団,元素熟知+元素バフ+会心率,フリーナ(フル)+ベネット(西風、旧貴族)+閑雲,122647.9,2690.68,16199,1.726,432,0.76:1.51
雨裁,火魔女+楽団,元素熟知+元素バフ+会心ダメージ,フリーナ(フル)+ベネット(西風、旧貴族)+閑雲,122647.9,2690.68,16199,1.726,432,0.76:1.51
雨裁,火魔女+金メッキ,元素熟知+元素バフ+会心率,フリーナ(フル)+ベネット(西風、旧貴族)+閑雲,122647.9,2690.68,16199,1.726,432,0.76:1.51
雨裁,火魔女+金メッキ,元素熟知+元素バフ+会心ダメージ,フリーナ(フル)+ベネット(西風、旧貴族)+閑雲,122647.9,2690.68,16199,1.726,432,0.76:1.51
雨裁,火魔女+楽園,元素熟知+元素バフ+会心率,フリーナ(フル)+ベネット(西風、旧貴族)+閑雲,122647.9,2690.68,16199,1.726,432,0.76:1.51
雨裁,火魔女+楽園,元素熟知+元素バフ+会心ダメージ,フリーナ(フル)+ベネット(西風、旧貴族)+閑雲,122647.9,2690.68,16199,1.726,432,0.76:1.51
雨裁,辰砂4,元素熟知+元素バフ+会心率,フリーナ(フル)+ベネット(西風、旧貴族)+閑雲,122647.1,3226.6,16199,1.576,352,0.76:1.51
雨裁,辰砂4,元素熟知+元素バフ+会心ダメージ,フリーナ(フル)+ベネット(西風、旧貴族)+閑雲,122647.1,3226.6,16199,1.576,352,0.76:1.51
雨裁,楽団+金メッキ,元素熟知+元素バフ+会心率,フリーナ(フル)+ベネット(西風、旧貴族)+閑雲,122605,2690.68,16199,1.576,512,0.76:1.51
雨裁,楽団+金メッキ,元素熟知+元素バフ+会心ダメージ,フリーナ(フル)+ベネット(西風、旧貴族)+閑雲,122605,2690.68,16199,1.576,512,0.76:1.51
雨裁,楽園+楽団,元素熟知+元素バフ+会心率,フリーナ(フル)+ベネット(西風、旧貴族)+閑雲,122605,2690.68,16199,1.576,512,0.76:1.51
雨裁,楽園+楽団,元素熟知+元素バフ+会心ダメージ,フリーナ(フル)+ベネット(西風、旧貴族)+閑雲,122605,2690.68,16199,1.576,512,0.76:1.51
雨裁,楽園+金メッキ,元素熟知+元素バフ+会心率,フリーナ(フル)+ベネット(西風、旧貴族)+閑雲,122605,2690.68,16199,1.576,512,0.76:1.51
雨裁,楽園+金メッキ,元素熟知+元素バフ+会心ダメージ,フリーナ(フル)+ベネット(西風、旧貴族)+閑雲,122605,2690.68,16199,1.576,512,0.76:1.51
黒岩完凸(平均),楽団+金メッキ,元素熟知+元素バフ+会心率,フリーナ(フル)+ベネット(西風、旧貴族)+閑雲,122597.9,2983,16199,1.216,347,0.89:1.79
黒岩完凸(平均),楽団+金メッキ,元素熟知+元素バフ+会心ダメージ,フリーナ(フル)+ベネット(西風、旧貴族)+閑雲,122597.9,2983,16199,1.216,347,0.89:1.79
黒岩完凸(平均),楽園+楽団,元素熟知+元素バフ+会心率,フリーナ(フル)+ベネット(西風、旧貴族)+閑雲,122597.9,2983,16199,1.216,347,0.89:1.79
黒岩完凸(平均),楽園+楽団,元素熟知+元素バフ+会心ダメージ,フリーナ(フル)+ベネット(西風、旧貴族)+閑雲,122597.9,2983,16199,1.216,347,0.89:1.79
黒岩完凸(平均),楽園+金メッキ,元素熟知+元素バフ+会心率,フリーナ(フル)+ベネット(西風、旧貴族)+閑雲,122597.9,2983,16199,1.216,347,0.89:1.79
黒岩完凸(平均),楽園+金メッキ,元素熟知+元素バフ+会心ダメージ,フリーナ(フル)+ベネット(西風、旧貴族)+閑雲,122597.9,2983,16199,1.216,347,0.89:1.79
赤角石塵滅砕,しめ縄+火魔女,元素熟知+元素バフ+会心率,フリーナ(フル)+ベネット(西風、旧貴族)+閑雲,122564,2903.08,16199,1.366,187,0.98:1.95
赤角石塵滅砕,しめ縄+火魔女,元素熟知+元素バフ+会心ダメージ,フリーナ(フル)+ベネット(西風、旧貴族)+閑雲,122564,2903.08,16199,1.366,187,0.98:1.95
赤角石塵滅砕,火魔女+剣闘士,元素熟知+元素バフ+会心率,フリーナ(フル)+ベネット(西風、旧貴族)+閑雲,122564,2903.08,16199,1.366,187,0.98:1.95
赤角石塵滅砕,火魔女+剣闘士,元素熟知+元素バフ+会心ダメージ,フリーナ(フル)+ベネット(西風、旧貴族)+閑雲,122564,2903.08,16199,1.366,187,0.98:1.95
赤角石塵滅砕,火魔女+残響,元素熟知+元素バフ+会心率,フリーナ(フル)+ベネット(西風、旧貴族)+閑雲,122564,2903.08,16199,1.366,187,0.98:1.95
赤角石塵滅砕,火魔女+残響,元素熟知+元素バフ+会心ダメージ,フリーナ(フル)+ベネット(西風、旧貴族)+閑雲,122564,2903.08,16199,1.366,187,0.98:1.95
赤角石塵滅砕,火魔女+辰砂,元素熟知+元素バフ+会心率,フリーナ(フル)+ベネット(西風、旧貴族)+閑雲,122564,2903.08,16199,1.366,187,0.98:1.95
赤角石塵滅砕,火魔女+辰砂,元素熟知+元素バフ+会心ダメージ,フリーナ(フル)+ベネット(西風、旧貴族)+閑雲,122564,2903.08,16199,1.366,187,0.98:1.95
黒岩完凸(平均),金メッキ4(同元素3),元素熟知+元素バフ+会心率,フリーナ(フル)+ベネット(西風、旧貴族)+閑雲,122314,3324.04,16199,1.216,267,0.89:1.79
黒岩完凸(平均),金メッキ4(同元素3),元素熟知+元素バフ+会心ダメージ,フリーナ(フル)+ベネット(西風、旧貴族)+閑雲,122314,3324.04,16199,1.216,267,0.89:1.79
葦海の標,しめ縄+剣闘士,元素熟知+元素バフ+会心率,フリーナ(フル)+ベネット(西風、旧貴族)+閑雲,122273.7,3567.5,19853.08,1.216,187,0.92:1.84
葦海の標,しめ縄+剣闘士,元素熟知+元素バフ+会心ダメージ,フリーナ(フル)+ベネット(西風、旧貴族)+閑雲,122273.7,3567.5,19853.08,1.216,187,0.92:1.84
葦海の標,しめ縄+残響,元素熟知+元素バフ+会心率,フリーナ(フル)+ベネット(西風、旧貴族)+閑雲,122273.7,3567.5,19853.08,1.216,187,0.92:1.84
葦海の標,しめ縄+残響,元素熟知+元素バフ+会心ダメージ,フリーナ(フル)+ベネット(西風、旧貴族)+閑雲,122273.7,3567.5,19853.08,1.216,187,0.92:1.84
葦海の標,しめ縄+辰砂,元素熟知+元素バフ+会心率,フリーナ(フル)+ベネット(西風、旧貴族)+閑雲,122273.7,3567.5,19853.08,1.216,187,0.92:1.84
葦海の標,しめ縄+辰砂,元素熟知+元素バフ+会心ダメージ,フリーナ(フル)+ベネット(西風、旧貴族)+閑雲,122273.7,3567.5,19853.08,1.216,187,0.92:1.84
葦海の標,剣闘士+残響,元素熟知+元素バフ+会心率,フリーナ(フル)+ベネット(西風、旧貴族)+閑雲,122273.7,3567.5,19853.08,1.216,187,0.92:1.84
葦海の標,剣闘士+残響,元素熟知+元素バフ+会心ダメージ,フリーナ(フル)+ベネット(西風、旧貴族)+閑雲,122273.7,3567.5,19853.08,1.216,187,0.92:1.84
葦海の標,剣闘士+辰砂,元素熟知+元素バフ+会心率,フリーナ(フル)+ベネット(西風、旧貴族)+閑雲,122273.7,3567.5,19853.08,1.216,187,0.92:1.84
葦海の標,剣闘士+辰砂,元素熟知+元素バフ+会心ダメージ,フリーナ(フル)+ベネット(西風、旧貴族)+閑雲,122273.7,3567.5,19853.08,1.216,187,0.92:1.84
葦海の標,残響+辰砂,元素熟知+元素バフ+会心率,フリーナ(フル)+ベネット(西風、旧貴族)+閑雲,122273.7,3567.5,19853.08,1.216,187,0.92:1.84
葦海の標,残響+辰砂,元素熟知+元素バフ+会心ダメージ,フリーナ(フル)+ベネット(西風、旧貴族)+閑雲,122273.7,3567.5,19853.08,1.216,187,0.92:1.84
赤角石塵滅砕,ファントム4,攻撃%+元素熟知+会心率,フリーナ(フル)+ベネット(西風、旧貴族)+閑雲,122163.4,3144.464,16199,0.75,187,1.00:2.62
赤角石塵滅砕,ファントム4,攻撃%+元素熟知+会心ダメージ,フリーナ(フル)+ベネット(西風、旧貴族)+閑雲,122163.4,3144.464,16199,0.75,187,1.00:2.62
葦海の標,金メッキ4(同元素1),攻撃%+元素熟知+会心率,フリーナ(フル)+ベネット(西風、旧貴族)+閑雲,122148.6,3791.36,19853.08,0.75,367,0.92:1.84
葦海の標,金メッキ4(同元素1),攻撃%+元素熟知+会心ダメージ,フリーナ(フル)+ベネット(西風、旧貴族)+閑雲,122148.6,3791.36,19853.08,0.75,367,0.92:1.84
葦海の標,火魔女4(1),攻撃%+元素バフ+元素熟知,フリーナ(フル)+ベネット(西風、旧貴族)+閑雲,121986.4,3663.96,19853.08,1.441,187,0.77:1.53
裁断,火魔女+楽団,元素熟知+元素バフ+会心率,フリーナ(フル)+ベネット(西風、旧貴族)+閑雲,121973.6,3195.84,16199,1.366,267,0.87:1.73
裁断,火魔女+楽団,元素熟知+元素バフ+会心ダメージ,フリーナ(フル)+ベネット(西風、旧貴族)+閑雲,121973.6,3195.84,16199,1.366,267,0.87:1.73
裁断,火魔女+金メッキ,元素熟知+元素バフ+会心率,フリーナ(フル)+ベネット(西風、旧貴族)+閑雲,121973.6,3195.84,16199,1.366,267,0.87:1.73
裁断,火魔女+金メッキ,元素熟知+元素バフ+会心ダメージ,フリーナ(フル)+ベネット(西風、旧貴族)+閑雲,121973.6,3195.84,16199,1.366,267,0.87:1.73
裁断,火魔女+楽園,元素熟知+元素バフ+会心率,フリーナ(フル)+ベネット(西風、旧貴族)+閑雲,121973.6,3195.84,16199,1.366,267,0.87:1.73
裁断,火魔女+楽園,元素熟知+元素バフ+会心ダメージ,フリーナ(フル)+ベネット(西風、旧貴族)+閑雲,121973.6,3195.84,16199,1.366,267,0.87:1.73
葦海の標,火魔女4(1),元素熟知+元素熟知+元素熟知,フリーナ(フル)+ベネット(西風、旧貴族)+閑雲,121961.8,3239.9,19853.08,0.975,561,0.77:1.53
赤角石塵滅砕,火魔女4(1),元素熟知+元素バフ+会心率,ベネット(西風、旧貴族)+閑雲+夜蘭(終焉、9秒平均),121946,2919.96,16199,0.881,287,0.98:1.95
赤角石塵滅砕,火魔女4(1),元素熟知+元素バフ+会心ダメージ,ベネット(西風、旧貴族)+閑雲+夜蘭(終焉、9秒平均),121946,2919.96,16199,0.881,287,0.98:1.95
葦海の標,ファントム+火魔女,元素熟知+元素バフ+会心率,フリーナ(フル)+ベネット(西風、旧貴族)+閑雲,121924.6,3239.9,19853.08,1.366,187,0.92:1.84
葦海の標,ファントム+火魔女,元素熟知+元素バフ+会心ダメージ,フリーナ(フル)+ベネット(西風、旧貴族)+閑雲,121924.6,3239.9,19853.08,1.366,187,0.92:1.84
葦海の標,火魔女+花海,元素熟知+元素バフ+会心率,フリーナ(フル)+ベネット(西風、旧貴族)+閑雲,121924.6,3239.9,22136.88,1.366,187,0.92:1.84
葦海の標,火魔女+花海,元素熟知+元素バフ+会心ダメージ,フリーナ(フル)+ベネット(西風、旧貴族)+閑雲,121924.6,3239.9,22136.88,1.366,187,0.92:1.84
葦海の標,火魔女+華館,元素熟知+元素バフ+会心率,フリーナ(フル)+ベネット(西風、旧貴族)+閑雲,121924.6,3239.9,19853.08,1.366,187,0.92:1.84
葦海の標,火魔女+華館,元素熟知+元素バフ+会心ダメージ,フリーナ(フル)+ベネット(西風、旧貴族)+閑雲,121924.6,3239.9,19853.08,1.366,187,0.92:1.84
葦海の標,火魔女+劇団,元素熟知+元素バフ+会心率,フリーナ(フル)+ベネット(西風、旧貴族)+閑雲,121924.6,3239.9,19853.08,1.366,187,0.92:1.84
葦海の標,火魔女+劇団,元素熟知+元素バフ+会心ダメージ,フリーナ(フル)+ベネット(西風、旧貴族)+閑雲,121924.6,3239.9,19853.08,1.366,187,0.92:1.84
葦海の標,火魔女+砂上,元素熟知+元素バフ+会心率,フリーナ(フル)+ベネット(西風、旧貴族)+閑雲,121924.6,3239.9,19853.08,1.366,187,0.92:1.84
葦海の標,火魔女+砂上,元素熟知+元素バフ+会心ダメージ,フリーナ(フル)+ベネット(西風、旧貴族)+閑雲,121924.6,3239.9,19853.08,1.366,187,0.92:1.84
葦海の標,火魔女+深林,元素熟知+元素バフ+会心率,フリーナ(フル)+ベネット(西風、旧貴族)+閑雲,121924.6,3239.9,19853.08,1.366,187,0.92:1.84
葦海の標,火魔女+深林,元素熟知+元素バフ+会心ダメージ,フリーナ(フル)+ベネット(西風、旧貴族)+閑雲,121924.6,3239.9,19853.08,1.366,187,0.92:1.84
葦海の標,火魔女+千岩,元素熟知+元素バフ+会心率,フリーナ(フル)+ベネット(西風、旧貴族)+閑雲,121924.6,3239.9,22136.88,1.366,187,0.92:1.84
葦海の標,火魔女+千岩,元素熟知+元素バフ+会心ダメージ,フリーナ(フル)+ベネット(西風、旧貴族)+閑雲,121924.6,3239.9,22136.88,1.366,187,0.92:1.84
葦海の標,火魔女+沈淪,元素熟知+元素バフ+会心率,フリーナ(フル)+ベネット(西風、旧貴族)+閑雲,121924.6,3239.9,19853.08,1.366,187,0.92:1.84
葦海の標,火魔女+沈淪,元素熟知+元素バフ+会心ダメージ,フリーナ(フル)+ベネット(西風、旧貴族)+閑雲,121924.6,3239.9,19853.08,1.366,187,0.92:1.84
葦海の標,火魔女+氷風,元素熟知+元素バフ+会心率,フリーナ(フル)+ベネット(西風、旧貴族)+閑雲,121924.6,3239.9,19853.08,1.366,187,0.92:1.84
葦海の標,火魔女+氷風,元素熟知+元素バフ+会心ダメージ,フリーナ(フル)+ベネット(西風、旧貴族)+閑雲,121924.6,3239.9,19853.08,1.366,187,0.92:1.84
葦海の標,火魔女+悠久,元素熟知+元素バフ+会心率,フリーナ(フル)+ベネット(西風、旧貴族)+閑雲,121924.6,3239.9,19853.08,1.366,187,0.92:1.84
葦海の標,火魔女+悠久,元素熟知+元素バフ+会心ダメージ,フリーナ(フル)+ベネット(西風、旧貴族)+閑雲,121924.6,3239.9,19853.08,1.366,187,0.92:1.84
葦海の標,火魔女+雷,元素熟知+元素バフ+会心率,フリーナ(フル)+ベネット(西風、旧貴族)+閑雲,121924.6,3239.9,19853.08,1.366,187,0.92:1.84
葦海の標,火魔女+雷,元素熟知+元素バフ+会心ダメージ,フリーナ(フル)+ベネット(西風、旧貴族)+閑雲,121924.6,3239.9,19853.08,1.366,187,0.92:1.84
葦海の標,金メッキ4(同元素1),攻撃%+元素バフ+元素熟知,フリーナ(フル)+ベネット(西風、旧貴族)+閑雲,121901.5,3791.36,19853.08,1.216,367,0.77:1.53
黒岩完凸(効果無し),ファントム4,元素熟知+元素バフ+元素熟知,フリーナ(フル)+ベネット(西風、旧貴族)+閑雲,121623,2690.68,16199,1.216,374,0.92:1.84
赤角石塵滅砕,火魔女4(1),攻撃%+元素熟知+会心率,フリーナ(フル)+ベネット(西風、旧貴族)+閑雲,121575.4,3144.464,16199,0.975,187,0.98:1.95
赤角石塵滅砕,火魔女4(1),攻撃%+元素熟知+会心ダメージ,フリーナ(フル)+ベネット(西風、旧貴族)+閑雲,121575.4,3144.464,16199,0.975,187,0.98:1.95
赤角石塵滅砕,ファントム+楽団,元素熟知+元素バフ+会心率,フリーナ(フル)+ベネット(西風、旧貴族)+閑雲,121557.3,2751.16,16199,1.216,267,0.98:1.95
赤角石塵滅砕,ファントム+楽団,元素熟知+元素バフ+会心ダメージ,フリーナ(フル)+ベネット(西風、旧貴族)+閑雲,121557.3,2751.16,16199,1.216,267,0.98:1.95
赤角石塵滅砕,ファントム+金メッキ,元素熟知+元素バフ+会心率,フリーナ(フル)+ベネット(西風、旧貴族)+閑雲,121557.3,2751.16,16199,1.216,267,0.98:1.95
赤角石塵滅砕,ファントム+金メッキ,元素熟知+元素バフ+会心ダメージ,フリーナ(フル)+ベネット(西風、旧貴族)+閑雲,121557.3,2751.16,16199,1.216,267,0.98:1.95
赤角石塵滅砕,ファントム+楽園,元素熟知+元素バフ+会心率,フリーナ(フル)+ベネット(西風、旧貴族)+閑雲,121557.3,2751.16,16199,1.216,267,0.98:1.95
赤角石塵滅砕,ファントム+楽園,元素熟知+元素バフ+会心ダメージ,フリーナ(フル)+ベネット(西風、旧貴族)+閑雲,121557.3,2751.16,16199,1.216,267,0.98:1.95
赤角石塵滅砕,花海+楽団,元素熟知+元素バフ+会心率,フリーナ(フル)+ベネット(西風、旧貴族)+閑雲,121557.3,2751.16,18482.8,1.216,267,0.98:1.95
赤角石塵滅砕,花海+楽団,元素熟知+元素バフ+会心ダメージ,フリーナ(フル)+ベネット(西風、旧貴族)+閑雲,121557.3,2751.16,18482.8,1.216,267,0.98:1.95
赤角石塵滅砕,花海+金メッキ,元素熟知+元素バフ+会心率,フリーナ(フル)+ベネット(西風、旧貴族)+閑雲,121557.3,2751.16,18482.8,1.216,267,0.98:1.95
赤角石塵滅砕,花海+金メッキ,元素熟知+元素バフ+会心ダメージ,フリーナ(フル)+ベネット(西風、旧貴族)+閑雲,121557.3,2751.16,18482.8,1.216,267,0.98:1.95
赤角石塵滅砕,花海+楽園,元素熟知+元素バフ+会心率,フリーナ(フル)+ベネット(西風、旧貴族)+閑雲,121557.3,2751.16,18482.8,1.216,267,0.98:1.95
赤角石塵滅砕,花海+楽園,元素熟知+元素バフ+会心ダメージ,フリーナ(フル)+ベネット(西風、旧貴族)+閑雲,121557.3,2751.16,18482.8,1.216,267,0.98:1.95
赤角石塵滅砕,華館+楽団,元素熟知+元素バフ+会心率,フリーナ(フル)+ベネット(西風、旧貴族)+閑雲,121557.3,2751.16,16199,1.216,267,0.98:1.95
赤角石塵滅砕,華館+楽団,元素熟知+元素バフ+会心ダメージ,フリーナ(フル)+ベネット(西風、旧貴族)+閑雲,121557.3,2751.16,16199,1.216,267,0.98:1.95
赤角石塵滅砕,華館+金メッキ,元素熟知+元素バフ+会心率,フリーナ(フル)+ベネット(西風、旧貴族)+閑雲,121557.3,2751.16,16199,1.216,267,0.98:1.95
赤角石塵滅砕,華館+金メッキ,元素熟知+元素バフ+会心ダメージ,フリーナ(フル)+ベネット(西風、旧貴族)+閑雲,121557.3,2751.16,16199,1.216,267,0.98:1.95
赤角石塵滅砕,華館+楽園,元素熟知+元素バフ+会心率,フリーナ(フル)+ベネット(西風、旧貴族)+閑雲,121557.3,2751.16,16199,1.216,267,0.98:1.95
赤角石塵滅砕,華館+楽園,元素熟知+元素バフ+会心ダメージ,フリーナ(フル)+ベネット(西風、旧貴族)+閑雲,121557.3,2751.16,16199,1.216,267,0.98:1.95
赤角石塵滅砕,楽団+劇団,元素熟知+元素バフ+会心率,フリーナ(フル)+ベネット(西風、旧貴族)+閑雲,121557.3,2751.16,16199,1.216,267,0.98:1.95
赤角石塵滅砕,楽団+劇団,元素熟知+元素バフ+会心ダメージ,フリーナ(フル)+ベネット(西風、旧貴族)+閑雲,121557.3,2751.16,16199,1.216,267,0.98:1.95
赤角石塵滅砕,楽団+砂上,元素熟知+元素バフ+会心率,フリーナ(フル)+ベネット(西風、旧貴族)+閑雲,121557.3,2751.16,16199,1.216,267,0.98:1.95
赤角石塵滅砕,楽団+砂上,元素熟知+元素バフ+会心ダメージ,フリーナ(フル)+ベネット(西風、旧貴族)+閑雲,121557.3,2751.16,16199,1.216,267,0.98:1.95
赤角石塵滅砕,楽団+深林,元素熟知+元素バフ+会心率,フリーナ(フル)+ベネット(西風、旧貴族)+閑雲,121557.3,2751.16,16199,1.216,267,0.98:1.95
赤角石塵滅砕,楽団+深林,元素熟知+元素バフ+会心ダメージ,フリーナ(フル)+ベネット(西風、旧貴族)+閑雲,121557.3,2751.16,16199,1.216,267,0.98:1.95
赤角石塵滅砕,楽団+千岩,元素熟知+元素バフ+会心率,フリーナ(フル)+ベネット(西風、旧貴族)+閑雲,121557.3,2751.16,18482.8,1.216,267,0.98:1.95
赤角石塵滅砕,楽団+千岩,元素熟知+元素バフ+会心ダメージ,フリーナ(フル)+ベネット(西風、旧貴族)+閑雲,121557.3,2751.16,18482.8,1.216,267,0.98:1.95
赤角石塵滅砕,楽団+沈淪,元素熟知+元素バフ+会心率,フリーナ(フル)+ベネット(西風、旧貴族)+閑雲,121557.3,2751.16,16199,1.216,267,0.98:1.95
赤角石塵滅砕,楽団+沈淪,元素熟知+元素バフ+会心ダメージ,フリーナ(フル)+ベネット(西風、旧貴族)+閑雲,121557.3,2751.16,16199,1.216,267,0.98:1.95
赤角石塵滅砕,楽団+氷風,元素熟知+元素バフ+会心率,フリーナ(フル)+ベネット(西風、旧貴族)+閑雲,121557.3,2751.16,16199,1.216,267,0.98:1.95
赤角石塵滅砕,楽団+氷風,元素熟知+元素バフ+会心ダメージ,フリーナ(フル)+ベネット(西風、旧貴族)+閑雲,121557.3,2751.16,16199,1.216,267,0.98:1.95
赤角石塵滅砕,楽団+悠久,元素熟知+元素バフ+会心率,フリーナ(フル)+ベネット(西風、旧貴族)+閑雲,121557.3,2751.16,16199,1.216,267,0.98:1.95
赤角石塵滅砕,楽団+悠久,元素熟知+元素バフ+会心ダメージ,フリーナ(フル)+ベネット(西風、旧貴族)+閑雲,121557.3,2751.16,16199,1.216,267,0.98:1.95
赤角石塵滅砕,楽団+雷,元素熟知+元素バフ+会心率,フリーナ(フル)+ベネット(西風、旧貴族)+閑雲,121557.3,2751.16,16199,1.216,267,0.98:1.95
赤角石塵滅砕,楽団+雷,元素熟知+元素バフ+会心ダメージ,フリーナ(フル)+ベネット(西風、旧貴族)+閑雲,121557.3,2751.16,16199,1.216,267,0.98:1.95
赤角石塵滅砕,金メッキ+劇団,元素熟知+元素バフ+会心率,フリーナ(フル)+ベネット(西風、旧貴族)+閑雲,121557.3,2751.16,16199,1.216,267,0.98:1.95
赤角石塵滅砕,金メッキ+劇団,元素熟知+元素バフ+会心ダメージ,フリーナ(フル)+ベネット(西風、旧貴族)+閑雲,121557.3,2751.16,16199,1.216,267,0.98:1.95
赤角石塵滅砕,金メッキ+砂上,元素熟知+元素バフ+会心率,フリーナ(フル)+ベネット(西風、旧貴族)+閑雲,121557.3,2751.16,16199,1.216,267,0.98:1.95
赤角石塵滅砕,金メッキ+砂上,元素熟知+元素バフ+会心ダメージ,フリーナ(フル)+ベネット(西風、旧貴族)+閑雲,121557.3,2751.16,16199,1.216,267,0.98:1.95
赤角石塵滅砕,金メッキ+深林,元素熟知+元素バフ+会心率,フリーナ(フル)+ベネット(西風、旧貴族)+閑雲,121557.3,2751.16,16199,1.216,267,0.98:1.95
赤角石塵滅砕,金メッキ+深林,元素熟知+元素バフ+会心ダメージ,フリーナ(フル)+ベネット(西風、旧貴族)+閑雲,121557.3,2751.16,16199,1.216,267,0.98:1.95
赤角石塵滅砕,金メッキ+千岩,元素熟知+元素バフ+会心率,フリーナ(フル)+ベネット(西風、旧貴族)+閑雲,121557.3,2751.16,18482.8,1.216,267,0.98:1.95
赤角石塵滅砕,金メッキ+千岩,元素熟知+元素バフ+会心ダメージ,フリーナ(フル)+ベネット(西風、旧貴族)+閑雲,121557.3,2751.16,18482.8,1.216,267,0.98:1.95
赤角石塵滅砕,金メッキ+沈淪,元素熟知+元素バフ+会心率,フリーナ(フル)+ベネット(西風、旧貴族)+閑雲,121557.3,2751.16,16199,1.216,267,0.98:1.95
赤角石塵滅砕,金メッキ+沈淪,元素熟知+元素バフ+会心ダメージ,フリーナ(フル)+ベネット(西風、旧貴族)+閑雲,121557.3,2751.16,16199,1.216,267,0.98:1.95
赤角石塵滅砕,金メッキ+氷風,元素熟知+元素バフ+会心率,フリーナ(フル)+ベネット(西風、旧貴族)+閑雲,121557.3,2751.16,16199,1.216,267,0.98:1.95
赤角石塵滅砕,金メッキ+氷風,元素熟知+元素バフ+会心ダメージ,フリーナ(フル)+ベネット(西風、旧貴族)+閑雲,121557.3,2751.16,16199,1.216,267,0.98:1.95
赤角石塵滅砕,金メッキ+悠久,元素熟知+元素バフ+会心率,フリーナ(フル)+ベネット(西風、旧貴族)+閑雲,121557.3,2751.16,16199,1.216,267,0.98:1.95
赤角石塵滅砕,金メッキ+悠久,元素熟知+元素バフ+会心ダメージ,フリーナ(フル)+ベネット(西風、旧貴族)+閑雲,121557.3,2751.16,16199,1.216,267,0.98:1.95
赤角石塵滅砕,金メッキ+雷,元素熟知+元素バフ+会心率,フリーナ(フル)+ベネット(西風、旧貴族)+閑雲,121557.3,2751.16,16199,1.216,267,0.98:1.95
赤角石塵滅砕,金メッキ+雷,元素熟知+元素バフ+会心ダメージ,フリーナ(フル)+ベネット(西風、旧貴族)+閑雲,121557.3,2751.16,16199,1.216,267,0.98:1.95
赤角石塵滅砕,楽園+劇団,元素熟知+元素バフ+会心率,フリーナ(フル)+ベネット(西風、旧貴族)+閑雲,121557.3,2751.16,16199,1.216,267,0.98:1.95
赤角石塵滅砕,楽園+劇団,元素熟知+元素バフ+会心ダメージ,フリーナ(フル)+ベネット(西風、旧貴族)+閑雲,121557.3,2751.16,16199,1.216,267,0.98:1.95
赤角石塵滅砕,楽園+砂上,元素熟知+元素バフ+会心率,フリーナ(フル)+ベネット(西風、旧貴族)+閑雲,121557.3,2751.16,16199,1.216,267,0.98:1.95
赤角石塵滅砕,楽園+砂上,元素熟知+元素バフ+会心ダメージ,フリーナ(フル)+ベネット(西風、旧貴族)+閑雲,121557.3,2751.16,16199,1.216,267,0.98:1.95
赤角石塵滅砕,楽園+深林,元素熟知+元素バフ+会心率,フリーナ(フル)+ベネット(西風、旧貴族)+閑雲,121557.3,2751.16,16199,1.216,267,0.98:1.95
赤角石塵滅砕,楽園+深林,元素熟知+元素バフ+会心ダメージ,フリーナ(フル)+ベネット(西風、旧貴族)+閑雲,121557.3,2751.16,16199,1.216,267,0.98:1.95
赤角石塵滅砕,楽園+千岩,元素熟知+元素バフ+会心率,フリーナ(フル)+ベネット(西風、旧貴族)+閑雲,121557.3,2751.16,18482.8,1.216,267,0.98:1.95
赤角石塵滅砕,楽園+千岩,元素熟知+元素バフ+会心ダメージ,フリーナ(フル)+ベネット(西風、旧貴族)+閑雲,121557.3,2751.16,18482.8,1.216,267,0.98:1.95
赤角石塵滅砕,楽園+沈淪,元素熟知+元素バフ+会心率,フリーナ(フル)+ベネット(西風、旧貴族)+閑雲,121557.3,2751.16,16199,1.216,267,0.98:1.95
赤角石塵滅砕,楽園+沈淪,元素熟知+元素バフ+会心ダメージ,フリーナ(フル)+ベネット(西風、旧貴族)+閑雲,121557.3,2751.16,16199,1.216,267,0.98:1.95
赤角石塵滅砕,楽園+氷風,元素熟知+元素バフ+会心率,フリーナ(フル)+ベネット(西風、旧貴族)+閑雲,121557.3,2751.16,16199,1.216,267,0.98:1.95
赤角石塵滅砕,楽園+氷風,元素熟知+元素バフ+会心ダメージ,フリーナ(フル)+ベネット(西風、旧貴族)+閑雲,121557.3,2751.16,16199,1.216,267,0.98:1.95
赤角石塵滅砕,楽園+悠久,元素熟知+元素バフ+会心率,フリーナ(フル)+ベネット(西風、旧貴族)+閑雲,121557.3,2751.16,16199,1.216,267,0.98:1.95
赤角石塵滅砕,楽園+悠久,元素熟知+元素バフ+会心ダメージ,フリーナ(フル)+ベネット(西風、旧貴族)+閑雲,121557.3,2751.16,16199,1.216,267,0.98:1.95
赤角石塵滅砕,楽園+雷,元素熟知+元素バフ+会心率,フリーナ(フル)+ベネット(西風、旧貴族)+閑雲,121557.3,2751.16,16199,1.216,267,0.98:1.95
赤角石塵滅砕,楽園+雷,元素熟知+元素バフ+会心ダメージ,フリーナ(フル)+ベネット(西風、旧貴族)+閑雲,121557.3,2751.16,16199,1.216,267,0.98:1.95
黒岩完凸(効果無し),金メッキ4(同元素0),元素熟知+元素バフ+会心率,フリーナ(フル)+ベネット(西風、旧貴族)+閑雲,121450.4,2690.68,16199,1.216,417,0.89:1.79
黒岩完凸(効果無し),金メッキ4(同元素0),元素熟知+元素バフ+会心ダメージ,フリーナ(フル)+ベネット(西風、旧貴族)+閑雲,121450.4,2690.68,16199,1.216,417,0.89:1.79
葦海の標,金メッキ4(同元素2),攻撃%+元素バフ+会心率,フリーナ(フル)+ベネット(西風、旧貴族)+閑雲,121328.8,3918.76,19853.08,1.216,130,0.92:1.84
葦海の標,金メッキ4(同元素2),攻撃%+元素バフ+会心ダメージ,フリーナ(フル)+ベネット(西風、旧貴族)+閑雲,121328.8,3918.76,19853.08,1.216,130,0.92:1.84
赤角石塵滅砕,火魔女+楽団,元素熟知+元素バフ+元素熟知,フリーナ(フル)+ベネット(西風、旧貴族)+閑雲,121256.3,2751.16,16199,1.366,454,0.82:1.64
赤角石塵滅砕,火魔女+金メッキ,元素熟知+元素バフ+元素熟知,フリーナ(フル)+ベネット(西風、旧貴族)+閑雲,121256.3,2751.16,16199,1.366,454,0.82:1.64
赤角石塵滅砕,火魔女+楽園,元素熟知+元素バフ+元素熟知,フリーナ(フル)+ベネット(西風、旧貴族)+閑雲,121256.3,2751.16,16199,1.366,454,0.82:1.64
黒岩完凸(平均),火魔女+楽団,元素熟知+元素バフ+会心率,フリーナ(フル)+ベネット(西風、旧貴族)+閑雲,121245.3,2983,16199,1.366,267,0.89:1.79
黒岩完凸(平均),火魔女+楽団,元素熟知+元素バフ+会心ダメージ,フリーナ(フル)+ベネット(西風、旧貴族)+閑雲,121245.3,2983,16199,1.366,267,0.89:1.79
黒岩完凸(平均),火魔女+金メッキ,元素熟知+元素バフ+会心率,フリーナ(フル)+ベネット(西風、旧貴族)+閑雲,121245.3,2983,16199,1.366,267,0.89:1.79
黒岩完凸(平均),火魔女+金メッキ,元素熟知+元素バフ+会心ダメージ,フリーナ(フル)+ベネット(西風、旧貴族)+閑雲,121245.3,2983,16199,1.366,267,0.89:1.79
黒岩完凸(平均),火魔女+楽園,元素熟知+元素バフ+会心率,フリーナ(フル)+ベネット(西風、旧貴族)+閑雲,121245.3,2983,16199,1.366,267,0.89:1.79
黒岩完凸(平均),火魔女+楽園,元素熟知+元素バフ+会心ダメージ,フリーナ(フル)+ベネット(西風、旧貴族)+閑雲,121245.3,2983,16199,1.366,267,0.89:1.79
裁断,火魔女4(1),元素熟知+元素バフ+元素熟知,フリーナ(フル)+ベネット(西風、旧貴族)+閑雲,121221.7,3195.84,16199,1.441,374,0.71:1.42
葦海の標,ファントム4,元素熟知+元素バフ+元素熟知,ベネット(西風、旧貴族)+閑雲+夜蘭(終焉、9秒平均),121191.8,3421.9,19853.08,0.656,474,0.95:1.89
葦海の標,しめ縄+火魔女,元素熟知+元素バフ+元素熟知,フリーナ(フル)+ベネット(西風、旧貴族)+閑雲,121141.4,3403.7,19853.08,1.366,374,0.77:1.53
葦海の標,火魔女+剣闘士,元素熟知+元素バフ+元素熟知,フリーナ(フル)+ベネット(西風、旧貴族)+閑雲,121141.4,3403.7,19853.08,1.366,374,0.77:1.53
葦海の標,火魔女+残響,元素熟知+元素バフ+元素熟知,フリーナ(フル)+ベネット(西風、旧貴族)+閑雲,121141.4,3403.7,19853.08,1.366,374,0.77:1.53
葦海の標,火魔女+辰砂,元素熟知+元素バフ+元素熟知,フリーナ(フル)+ベネット(西風、旧貴族)+閑雲,121141.4,3403.7,19853.08,1.366,374,0.77:1.53
葦海の標,しめ縄+楽団,元素熟知+元素熟知+会心率,フリーナ(フル)+ベネット(西風、旧貴族)+閑雲,121109.1,3403.7,19853.08,0.75,454,0.92:1.84
葦海の標,しめ縄+楽団,元素熟知+元素熟知+会心ダメージ,フリーナ(フル)+ベネット(西風、旧貴族)+閑雲,121109.1,3403.7,19853.08,0.75,454,0.92:1.84
葦海の標,しめ縄+金メッキ,元素熟知+元素熟知+会心率,フリーナ(フル)+ベネット(西風、旧貴族)+閑雲,121109.1,3403.7,19853.08,0.75,454,0.92:1.84
葦海の標,しめ縄+金メッキ,元素熟知+元素熟知+会心ダメージ,フリーナ(フル)+ベネット(西風、旧貴族)+閑雲,121109.1,3403.7,19853.08,0.75,454,0.92:1.84
葦海の標,しめ縄+楽園,元素熟知+元素熟知+会心率,フリーナ(フル)+ベネット(西風、旧貴族)+閑雲,121109.1,3403.7,19853.08,0.75,454,0.92:1.84
葦海の標,しめ縄+楽園,元素熟知+元素熟知+会心ダメージ,フリーナ(フル)+ベネット(西風、旧貴族)+閑雲,121109.1,3403.7,19853.08,0.75,454,0.92:1.84
葦海の標,楽団+剣闘士,元素熟知+元素熟知+会心率,フリーナ(フル)+ベネット(西風、旧貴族)+閑雲,121109.1,3403.7,19853.08,0.75,454,0.92:1.84
葦海の標,楽団+剣闘士,元素熟知+元素熟知+会心ダメージ,フリーナ(フル)+ベネット(西風、旧貴族)+閑雲,121109.1,3403.7,19853.08,0.75,454,0.92:1.84
葦海の標,楽団+残響,元素熟知+元素熟知+会心率,フリーナ(フル)+ベネット(西風、旧貴族)+閑雲,121109.1,3403.7,19853.08,0.75,454,0.92:1.84
葦海の標,楽団+残響,元素熟知+元素熟知+会心ダメージ,フリーナ(フル)+ベネット(西風、旧貴族)+閑雲,121109.1,3403.7,19853.08,0.75,454,0.92:1.84
葦海の標,楽団+辰砂,元素熟知+元素熟知+会心率,フリーナ(フル)+ベネット(西風、旧貴族)+閑雲,121109.1,3403.7,19853.08,0.75,454,0.92:1.84
葦海の標,楽団+辰砂,元素熟知+元素熟知+会心ダメージ,フリーナ(フル)+ベネット(西風、旧貴族)+閑雲,121109.1,3403.7,19853.08,0.75,454,0.92:1.84
葦海の標,金メッキ+剣闘士,元素熟知+元素熟知+会心率,フリーナ(フル)+ベネット(西風、旧貴族)+閑雲,121109.1,3403.7,19853.08,0.75,454,0.92:1.84
葦海の標,金メッキ+剣闘士,元素熟知+元素熟知+会心ダメージ,フリーナ(フル)+ベネット(西風、旧貴族)+閑雲,121109.1,3403.7,19853.08,0.75,454,0.92:1.84
葦海の標,金メッキ+残響,元素熟知+元素熟知+会心率,フリーナ(フル)+ベネット(西風、旧貴族)+閑雲,121109.1,3403.7,19853.08,0.75,454,0.92:1.84
葦海の標,金メッキ+残響,元素熟知+元素熟知+会心ダメージ,フリーナ(フル)+ベネット(西風、旧貴族)+閑雲,121109.1,3403.7,19853.08,0.75,454,0.92:1.84
葦海の標,金メッキ+辰砂,元素熟知+元素熟知+会心率,フリーナ(フル)+ベネット(西風、旧貴族)+閑雲,121109.1,3403.7,19853.08,0.75,454,0.92:1.84
葦海の標,金メッキ+辰砂,元素熟知+元素熟知+会心ダメージ,フリーナ(フル)+ベネット(西風、旧貴族)+閑雲,121109.1,3403.7,19853.08,0.75,454,0.92:1.84
葦海の標,楽園+剣闘士,元素熟知+元素熟知+会心率,フリーナ(フル)+ベネット(西風、旧貴族)+閑雲,121109.1,3403.7,19853.08,0.75,454,0.92:1.84
葦海の標,楽園+剣闘士,元素熟知+元素熟知+会心ダメージ,フリーナ(フル)+ベネット(西風、旧貴族)+閑雲,121109.1,3403.7,19853.08,0.75,454,0.92:1.84
葦海の標,楽園+残響,元素熟知+元素熟知+会心率,フリーナ(フル)+ベネット(西風、旧貴族)+閑雲,121109.1,3403.7,19853.08,0.75,454,0.92:1.84
葦海の標,楽園+残響,元素熟知+元素熟知+会心ダメージ,フリーナ(フル)+ベネット(西風、旧貴族)+閑雲,121109.1,3403.7,19853.08,0.75,454,0.92:1.84
葦海の標,楽園+辰砂,元素熟知+元素熟知+会心率,フリーナ(フル)+ベネット(西風、旧貴族)+閑雲,121109.1,3403.7,19853.08,0.75,454,0.92:1.84
葦海の標,楽園+辰砂,元素熟知+元素熟知+会心ダメージ,フリーナ(フル)+ベネット(西風、旧貴族)+閑雲,121109.1,3403.7,19853.08,0.75,454,0.92:1.84
赤角石塵滅砕,辰砂4,元素熟知+元素バフ+元素熟知,フリーナ(フル)+ベネット(西風、旧貴族)+閑雲,120955.8,3308.2,16199,1.216,374,0.82:1.64
赤角石塵滅砕,金メッキ4(同元素0),攻撃%+元素バフ+元素熟知,フリーナ(フル)+ベネット(西風、旧貴族)+閑雲,120901.7,3144.464,16199,1.216,417,0.82:1.64
赤角石塵滅砕,ファントム4,攻撃%+元素熟知+元素熟知,フリーナ(フル)+ベネット(西風、旧貴族)+閑雲,120889.8,3144.464,16199,0.75,374,1.00:2.00
雨裁,金メッキ4(同元素1),攻撃%+元素バフ+会心率,フリーナ(フル)+ベネット(西風、旧貴族)+閑雲,120880.4,3182.752,16199,1.576,345,0.76:1.51
雨裁,金メッキ4(同元素1),攻撃%+元素バフ+会心ダメージ,フリーナ(フル)+ベネット(西風、旧貴族)+閑雲,120880.4,3182.752,16199,1.576,345,0.76:1.51
赤角石塵滅砕,辰砂4,元素熟知+元素熟知+会心率,フリーナ(フル)+ベネット(西風、旧貴族)+閑雲,120871.5,3308.2,16199,0.75,374,0.98:1.95
赤角石塵滅砕,辰砂4,元素熟知+元素熟知+会心ダメージ,フリーナ(フル)+ベネット(西風、旧貴族)+閑雲,120871.5,3308.2,16199,0.75,374,0.98:1.95
葦海の標,しめ縄+楽団,元素熟知+元素バフ+元素熟知,フリーナ(フル)+ベネット(西風、旧貴族)+閑雲,120864.2,3403.7,19853.08,1.216,454,0.77:1.53
葦海の標,しめ縄+金メッキ,元素熟知+元素バフ+元素熟知,フリーナ(フル)+ベネット(西風、旧貴族)+閑雲,120864.2,3403.7,19853.08,1.216,454,0.77:1.53
葦海の標,しめ縄+楽園,元素熟知+元素バフ+元素熟知,フリーナ(フル)+ベネット(西風、旧貴族)+閑雲,120864.2,3403.7,19853.08,1.216,454,0.77:1.53
葦海の標,楽団+剣闘士,元素熟知+元素バフ+元素熟知,フリーナ(フル)+ベネット(西風、旧貴族)+閑雲,120864.2,3403.7,19853.08,1.216,454,0.77:1.53
葦海の標,楽団+残響,元素熟知+元素バフ+元素熟知,フリーナ(フル)+ベネット(西風、旧貴族)+閑雲,120864.2,3403.7,19853.08,1.216,454,0.77:1.53
葦海の標,楽団+辰砂,元素熟知+元素バフ+元素熟知,フリーナ(フル)+ベネット(西風、旧貴族)+閑雲,120864.2,3403.7,19853.08,1.216,454,0.77:1.53
葦海の標,金メッキ+剣闘士,元素熟知+元素バフ+元素熟知,フリーナ(フル)+ベネット(西風、旧貴族)+閑雲,120864.2,3403.7,19853.08,1.216,454,0.77:1.53
葦海の標,金メッキ+残響,元素熟知+元素バフ+元素熟知,フリーナ(フル)+ベネット(西風、旧貴族)+閑雲,120864.2,3403.7,19853.08,1.216,454,0.77:1.53
葦海の標,金メッキ+辰砂,元素熟知+元素バフ+元素熟知,フリーナ(フル)+ベネット(西風、旧貴族)+閑雲,120864.2,3403.7,19853.08,1.216,454,0.77:1.53
葦海の標,楽園+剣闘士,元素熟知+元素バフ+元素熟知,フリーナ(フル)+ベネット(西風、旧貴族)+閑雲,120864.2,3403.7,19853.08,1.216,454,0.77:1.53
葦海の標,楽園+残響,元素熟知+元素バフ+元素熟知,フリーナ(フル)+ベネット(西風、旧貴族)+閑雲,120864.2,3403.7,19853.08,1.216,454,0.77:1.53
葦海の標,楽園+辰砂,元素熟知+元素バフ+元素熟知,フリーナ(フル)+ベネット(西風、旧貴族)+閑雲,120864.2,3403.7,19853.08,1.216,454,0.77:1.53
赤角石塵滅砕,金メッキ4(同元素0),攻撃%+元素熟知+会心率,フリーナ(フル)+ベネット(西風、旧貴族)+閑雲,120817.4,3144.464,16199,0.75,417,0.98:1.95
赤角石塵滅砕,金メッキ4(同元素0),攻撃%+元素熟知+会心ダメージ,フリーナ(フル)+ベネット(西風、旧貴族)+閑雲,120817.4,3144.464,16199,0.75,417,0.98:1.95
裁断,金メッキ4(同元素0),攻撃%+元素バフ+会心率,フリーナ(フル)+ベネット(西風、旧貴族)+閑雲,120726.2,3650.656,16199,1.216,230,0.87:1.73
裁断,金メッキ4(同元素0),攻撃%+元素バフ+会心ダメージ,フリーナ(フル)+ベネット(西風、旧貴族)+閑雲,120726.2,3650.656,16199,1.216,230,0.87:1.73
黒岩完凸(平均),火魔女4(1),元素熟知+元素バフ+元素熟知,フリーナ(フル)+ベネット(西風、旧貴族)+閑雲,120605,2983,16199,1.441,374,0.74:1.48
葦海の標,楽団+金メッキ,攻撃%+元素バフ+会心率,フリーナ(フル)+ベネット(西風、旧貴族)+閑雲,120497.7,3663.96,19853.08,1.216,160,0.92:1.84
葦海の標,楽団+金メッキ,攻撃%+元素バフ+会心ダメージ,フリーナ(フル)+ベネット(西風、旧貴族)+閑雲,120497.7,3663.96,19853.08,1.216,160,0.92:1.84
葦海の標,楽園+楽団,攻撃%+元素バフ+会心率,フリーナ(フル)+ベネット(西風、旧貴族)+閑雲,120497.7,3663.96,19853.08,1.216,160,0.92:1.84
葦海の標,楽園+楽団,攻撃%+元素バフ+会心ダメージ,フリーナ(フル)+ベネット(西風、旧貴族)+閑雲,120497.7,3663.96,19853.08,1.216,160,0.92:1.84
葦海の標,楽園+金メッキ,攻撃%+元素バフ+会心率,フリーナ(フル)+ベネット(西風、旧貴族)+閑雲,120497.7,3663.96,19853.08,1.216,160,0.92:1.84
葦海の標,楽園+金メッキ,攻撃%+元素バフ+会心ダメージ,フリーナ(フル)+ベネット(西風、旧貴族)+閑雲,120497.7,3663.96,19853.08,1.216,160,0.92:1.84
葦海の標,金メッキ4(同元素0),元素熟知+元素バフ+会心率,ベネット(西風、旧貴族)+閑雲+夜蘭(終焉、9秒平均),120420.8,3421.9,19853.08,0.656,517,0.92:1.84
葦海の標,金メッキ4(同元素0),元素熟知+元素バフ+会心ダメージ,ベネット(西風、旧貴族)+閑雲+夜蘭(終焉、9秒平均),120420.8,3421.9,19853.08,0.656,517,0.92:1.84
黒岩完凸(効果無し),ファントム4,元素熟知+元素熟知+会心率,フリーナ(フル)+ベネット(西風、旧貴族)+閑雲,120414,2690.68,16199,0.75,374,1.00:2.29
黒岩完凸(効果無し),ファントム4,元素熟知+元素熟知+会心ダメージ,フリーナ(フル)+ベネット(西風、旧貴族)+閑雲,120414,2690.68,16199,0.75,374,1.00:2.29
葦海の標,金メッキ4(同元素0),防御%+元素バフ+会心率,フリーナ(フル)+ベネット(西風、旧貴族)+閑雲,120388.3,3239.9,19853.08,1.216,230,0.92:1.84
葦海の標,金メッキ4(同元素0),防御%+元素バフ+会心ダメージ,フリーナ(フル)+ベネット(西風、旧貴族)+閑雲,120388.3,3239.9,19853.08,1.216,230,0.92:1.84
葦海の標,金メッキ4(同元素0),HP%+元素バフ+会心率,フリーナ(フル)+ベネット(西風、旧貴族)+閑雲,120388.3,3239.9,25174.33,1.216,230,0.92:1.84
葦海の標,金メッキ4(同元素0),HP%+元素バフ+会心ダメージ,フリーナ(フル)+ベネット(西風、旧貴族)+閑雲,120388.3,3239.9,25174.33,1.216,230,0.92:1.84
葦海の標,金メッキ4(同元素0),元チャ+元素バフ+会心率,フリーナ(フル)+ベネット(西風、旧貴族)+閑雲,120388.3,3239.9,19853.08,1.216,230,0.92:1.84
葦海の標,金メッキ4(同元素0),元チャ+元素バフ+会心ダメージ,フリーナ(フル)+ベネット(西風、旧貴族)+閑雲,120388.3,3239.9,19853.08,1.216,230,0.92:1.84
雨裁,しめ縄+楽団,元素熟知+元素バフ+会心率,フリーナ(フル)+ベネット(西風、旧貴族)+閑雲,120155.9,2836.84,16199,1.576,432,0.76:1.51
雨裁,しめ縄+楽団,元素熟知+元素バフ+会心ダメージ,フリーナ(フル)+ベネット(西風、旧貴族)+閑雲,120155.9,2836.84,16199,1.576,432,0.76:1.51
雨裁,しめ縄+金メッキ,元素熟知+元素バフ+会心率,フリーナ(フル)+ベネット(西風、旧貴族)+閑雲,120155.9,2836.84,16199,1.576,432,0.76:1.51
雨裁,しめ縄+金メッキ,元素熟知+元素バフ+会心ダメージ,フリーナ(フル)+ベネット(西風、旧貴族)+閑雲,120155.9,2836.84,16199,1.576,432,0.76:1.51
雨裁,しめ縄+楽園,元素熟知+元素バフ+会心率,フリーナ(フル)+ベネット(西風、旧貴族)+閑雲,120155.9,2836.84,16199,1.576,432,0.76:1.51
雨裁,しめ縄+楽園,元素熟知+元素バフ+会心ダメージ,フリーナ(フル)+ベネット(西風、旧貴族)+閑雲,120155.9,2836.84,16199,1.576,432,0.76:1.51
雨裁,楽団+剣闘士,元素熟知+元素バフ+会心率,フリーナ(フル)+ベネット(西風、旧貴族)+閑雲,120155.9,2836.84,16199,1.576,432,0.76:1.51
雨裁,楽団+剣闘士,元素熟知+元素バフ+会心ダメージ,フリーナ(フル)+ベネット(西風、旧貴族)+閑雲,120155.9,2836.84,16199,1.576,432,0.76:1.51
雨裁,楽団+残響,元素熟知+元素バフ+会心率,フリーナ(フル)+ベネット(西風、旧貴族)+閑雲,120155.9,2836.84,16199,1.576,432,0.76:1.51
雨裁,楽団+残響,元素熟知+元素バフ+会心ダメージ,フリーナ(フル)+ベネット(西風、旧貴族)+閑雲,120155.9,2836.84,16199,1.576,432,0.76:1.51
雨裁,楽団+辰砂,元素熟知+元素バフ+会心率,フリーナ(フル)+ベネット(西風、旧貴族)+閑雲,120155.9,2836.84,16199,1.576,432,0.76:1.51
雨裁,楽団+辰砂,元素熟知+元素バフ+会心ダメージ,フリーナ(フル)+ベネット(西風、旧貴族)+閑雲,120155.9,2836.84,16199,1.576,432,0.76:1.51
雨裁,金メッキ+剣闘士,元素熟知+元素バフ+会心率,フリーナ(フル)+ベネット(西風、旧貴族)+閑雲,120155.9,2836.84,16199,1.576,432,0.76:1.51
雨裁,金メッキ+剣闘士,元素熟知+元素バフ+会心ダメージ,フリーナ(フル)+ベネット(西風、旧貴族)+閑雲,120155.9,2836.84,16199,1.576,432,0.76:1.51
雨裁,金メッキ+残響,元素熟知+元素バフ+会心率,フリーナ(フル)+ベネット(西風、旧貴族)+閑雲,120155.9,2836.84,16199,1.576,432,0.76:1.51
雨裁,金メッキ+残響,元素熟知+元素バフ+会心ダメージ,フリーナ(フル)+ベネット(西風、旧貴族)+閑雲,120155.9,2836.84,16199,1.576,432,0.76:1.51
雨裁,金メッキ+辰砂,元素熟知+元素バフ+会心率,フリーナ(フル)+ベネット(西風、旧貴族)+閑雲,120155.9,2836.84,16199,1.576,432,0.76:1.51
雨裁,金メッキ+辰砂,元素熟知+元素バフ+会心ダメージ,フリーナ(フル)+ベネット(西風、旧貴族)+閑雲,120155.9,2836.84,16199,1.576,432,0.76:1.51
雨裁,楽園+剣闘士,元素熟知+元素バフ+会心率,フリーナ(フル)+ベネット(西風、旧貴族)+閑雲,120155.9,2836.84,16199,1.576,432,0.76:1.51
雨裁,楽園+剣闘士,元素熟知+元素バフ+会心ダメージ,フリーナ(フル)+ベネット(西風、旧貴族)+閑雲,120155.9,2836.84,16199,1.576,432,0.76:1.51
雨裁,楽園+残響,元素熟知+元素バフ+会心率,フリーナ(フル)+ベネット(西風、旧貴族)+閑雲,120155.9,2836.84,16199,1.576,432,0.76:1.51
雨裁,楽園+残響,元素熟知+元素バフ+会心ダメージ,フリーナ(フル)+ベネット(西風、旧貴族)+閑雲,120155.9,2836.84,16199,1.576,432,0.76:1.51
雨裁,楽園+辰砂,元素熟知+元素バフ+会心率,フリーナ(フル)+ベネット(西風、旧貴族)+閑雲,120155.9,2836.84,16199,1.576,432,0.76:1.51
雨裁,楽園+辰砂,元素熟知+元素バフ+会心ダメージ,フリーナ(フル)+ベネット(西風、旧貴族)+閑雲,120155.9,2836.84,16199,1.576,432,0.76:1.51
赤角石塵滅砕,楽団+金メッキ,元素熟知+元素バフ+元素熟知,フリーナ(フル)+ベネット(西風、旧貴族)+閑雲,120063.7,2751.16,16199,1.216,534,0.82:1.64
赤角石塵滅砕,楽園+楽団,元素熟知+元素バフ+元素熟知,フリーナ(フル)+ベネット(西風、旧貴族)+閑雲,120063.7,2751.16,16199,1.216,534,0.82:1.64
赤角石塵滅砕,楽園+金メッキ,元素熟知+元素バフ+元素熟知,フリーナ(フル)+ベネット(西風、旧貴族)+閑雲,120063.7,2751.16,16199,1.216,534,0.82:1.64
赤角石塵滅砕,楽団+金メッキ,元素熟知+元素熟知+会心率,フリーナ(フル)+ベネット(西風、旧貴族)+閑雲,119979.9,2751.16,16199,0.75,534,0.98:1.95
赤角石塵滅砕,楽団+金メッキ,元素熟知+元素熟知+会心ダメージ,フリーナ(フル)+ベネット(西風、旧貴族)+閑雲,119979.9,2751.16,16199,0.75,534,0.98:1.95
赤角石塵滅砕,楽園+楽団,元素熟知+元素熟知+会心率,フリーナ(フル)+ベネット(西風、旧貴族)+閑雲,119979.9,2751.16,16199,0.75,534,0.98:1.95
赤角石塵滅砕,楽園+楽団,元素熟知+元素熟知+会心ダメージ,フリーナ(フル)+ベネット(西風、旧貴族)+閑雲,119979.9,2751.16,16199,0.75,534,0.98:1.95
赤角石塵滅砕,楽園+金メッキ,元素熟知+元素熟知+会心率,フリーナ(フル)+ベネット(西風、旧貴族)+閑雲,119979.9,2751.16,16199,0.75,534,0.98:1.95
赤角石塵滅砕,楽園+金メッキ,元素熟知+元素熟知+会心ダメージ,フリーナ(フル)+ベネット(西風、旧貴族)+閑雲,119979.9,2751.16,16199,0.75,534,0.98:1.95
末路(R2、30%以下),ファントム4,元素熟知+元素熟知+会心率,フリーナ(フル)+ベネット(西風、旧貴族)+閑雲,119963.3,3554.76,16199,0.75,374,0.94:1.87
末路(R2、30%以下),ファントム4,元素熟知+元素熟知+会心ダメージ,フリーナ(フル)+ベネット(西風、旧貴族)+閑雲,119963.3,3554.76,16199,0.75,374,0.94:1.87
黒岩完凸(効果無し),金メッキ4(同元素1),元素熟知+元素バフ+会心率,フリーナ(フル)+ベネット(西風、旧貴族)+閑雲,119925.8,2804.36,16199,1.216,367,0.89:1.79
黒岩完凸(効果無し),金メッキ4(同元素1),元素熟知+元素バフ+会心ダメージ,フリーナ(フル)+ベネット(西風、旧貴族)+閑雲,119925.8,2804.36,16199,1.216,367,0.89:1.79
葦海の標,金メッキ4(同元素2),攻撃%+元素熟知+会心率,フリーナ(フル)+ベネット(西風、旧貴族)+閑雲,119858.9,3918.76,19853.08,0.75,317,0.92:1.84
葦海の標,金メッキ4(同元素2),攻撃%+元素熟知+会心ダメージ,フリーナ(フル)+ベネット(西風、旧貴族)+閑雲,119858.9,3918.76,19853.08,0.75,317,0.92:1.84
赤角石塵滅砕,しめ縄+火魔女,元素熟知+元素熟知+会心率,フリーナ(フル)+ベネット(西風、旧貴族)+閑雲,119826.2,2903.08,16199,0.9,374,0.98:1.95
赤角石塵滅砕,しめ縄+火魔女,元素熟知+元素熟知+会心ダメージ,フリーナ(フル)+ベネット(西風、旧貴族)+閑雲,119826.2,2903.08,16199,0.9,374,0.98:1.95
赤角石塵滅砕,火魔女+剣闘士,元素熟知+元素熟知+会心率,フリーナ(フル)+ベネット(西風、旧貴族)+閑雲,119826.2,2903.08,16199,0.9,374,0.98:1.95
赤角石塵滅砕,火魔女+剣闘士,元素熟知+元素熟知+会心ダメージ,フリーナ(フル)+ベネット(西風、旧貴族)+閑雲,119826.2,2903.08,16199,0.9,374,0.98:1.95
赤角石塵滅砕,火魔女+残響,元素熟知+元素熟知+会心率,フリーナ(フル)+ベネット(西風、旧貴族)+閑雲,119826.2,2903.08,16199,0.9,374,0.98:1.95
赤角石塵滅砕,火魔女+残響,元素熟知+元素熟知+会心ダメージ,フリーナ(フル)+ベネット(西風、旧貴族)+閑雲,119826.2,2903.08,16199,0.9,374,0.98:1.95
赤角石塵滅砕,火魔女+辰砂,元素熟知+元素熟知+会心率,フリーナ(フル)+ベネット(西風、旧貴族)+閑雲,119826.2,2903.08,16199,0.9,374,0.98:1.95
赤角石塵滅砕,火魔女+辰砂,元素熟知+元素熟知+会心ダメージ,フリーナ(フル)+ベネット(西風、旧貴族)+閑雲,119826.2,2903.08,16199,0.9,374,0.98:1.95
末路(R2、30%以下),ファントム4,元素熟知+元素バフ+元素熟知,フリーナ(フル)+ベネット(西風、旧貴族)+閑雲,119799.2,3554.76,16199,1.216,374,0.78:1.56
黒岩完凸(効果無し),火魔女4(1),元素熟知+元素バフ+会心率,フリーナ(フル)+ベネット(西風、旧貴族)+閑雲,119773.9,2690.68,16199,1.441,187,0.89:1.79
黒岩完凸(効果無し),火魔女4(1),元素熟知+元素バフ+会心ダメージ,フリーナ(フル)+ベネット(西風、旧貴族)+閑雲,119773.9,2690.68,16199,1.441,187,0.89:1.79
葦海の標,金メッキ4(同元素2),攻撃%+元素バフ+元素熟知,フリーナ(フル)+ベネット(西風、旧貴族)+閑雲,119616.5,3918.76,19853.08,1.216,317,0.77:1.53
葦海の標,金メッキ4(同元素1),元素熟知+元素バフ+会心率,ベネット(西風、旧貴族)+閑雲+夜蘭(終焉、9秒平均),119532.5,3549.3,19853.08,0.656,467,0.92:1.84
葦海の標,金メッキ4(同元素1),元素熟知+元素バフ+会心ダメージ,ベネット(西風、旧貴族)+閑雲+夜蘭(終焉、9秒平均),119532.5,3549.3,19853.08,0.656,467,0.92:1.84
末路(R2、30%以下),金メッキ4(同元素0),元素熟知+元素バフ+会心率,フリーナ(フル)+ベネット(西風、旧貴族)+閑雲,119519.7,3554.76,16199,1.216,417,0.76:1.51
末路(R2、30%以下),金メッキ4(同元素0),元素熟知+元素バフ+会心ダメージ,フリーナ(フル)+ベネット(西風、旧貴族)+閑雲,119519.7,3554.76,16199,1.216,417,0.76:1.51
赤角石塵滅砕,火魔女4(1),攻撃%+元素バフ+元素熟知,フリーナ(フル)+ベネット(西風、旧貴族)+閑雲,119232.7,3144.464,16199,1.441,187,0.82:1.64
雨裁,しめ縄+火魔女,元素熟知+元素バフ+会心率,フリーナ(フル)+ベネット(西風、旧貴族)+閑雲,119231,2836.84,16199,1.726,352,0.76:1.51
雨裁,しめ縄+火魔女,元素熟知+元素バフ+会心ダメージ,フリーナ(フル)+ベネット(西風、旧貴族)+閑雲,119231,2836.84,16199,1.726,352,0.76:1.51
雨裁,火魔女+剣闘士,元素熟知+元素バフ+会心率,フリーナ(フル)+ベネット(西風、旧貴族)+閑雲,119231,2836.84,16199,1.726,352,0.76:1.51
雨裁,火魔女+剣闘士,元素熟知+元素バフ+会心ダメージ,フリーナ(フル)+ベネット(西風、旧貴族)+閑雲,119231,2836.84,16199,1.726,352,0.76:1.51
雨裁,火魔女+残響,元素熟知+元素バフ+会心率,フリーナ(フル)+ベネット(西風、旧貴族)+閑雲,119231,2836.84,16199,1.726,352,0.76:1.51
雨裁,火魔女+残響,元素熟知+元素バフ+会心ダメージ,フリーナ(フル)+ベネット(西風、旧貴族)+閑雲,119231,2836.84,16199,1.726,352,0.76:1.51
雨裁,火魔女+辰砂,元素熟知+元素バフ+会心率,フリーナ(フル)+ベネット(西風、旧貴族)+閑雲,119231,2836.84,16199,1.726,352,0.76:1.51
雨裁,火魔女+辰砂,元素熟知+元素バフ+会心ダメージ,フリーナ(フル)+ベネット(西風、旧貴族)+閑雲,119231,2836.84,16199,1.726,352,0.76:1.51
赤角石塵滅砕,金メッキ4(同元素1),攻撃%+元素バフ+元素熟知,フリーナ(フル)+ベネット(西風、旧貴族)+閑雲,119218,3262.624,16199,1.216,367,0.82:1.64
葦海の標,ファントム+火魔女,元素熟知+元素熟知+会心率,フリーナ(フル)+ベネット(西風、旧貴族)+閑雲,119201,3239.9,19853.08,0.9,374,0.92:1.84
葦海の標,ファントム+火魔女,元素熟知+元素熟知+会心ダメージ,フリーナ(フル)+ベネット(西風、旧貴族)+閑雲,119201,3239.9,19853.08,0.9,374,0.92:1.84
葦海の標,火魔女+花海,元素熟知+元素熟知+会心率,フリーナ(フル)+ベネット(西風、旧貴族)+閑雲,119201,3239.9,22136.88,0.9,374,0.92:1.84
葦海の標,火魔女+花海,元素熟知+元素熟知+会心ダメージ,フリーナ(フル)+ベネット(西風、旧貴族)+閑雲,119201,3239.9,22136.88,0.9,374,0.92:1.84
葦海の標,火魔女+華館,元素熟知+元素熟知+会心率,フリーナ(フル)+ベネット(西風、旧貴族)+閑雲,119201,3239.9,19853.08,0.9,374,0.92:1.84
葦海の標,火魔女+華館,元素熟知+元素熟知+会心ダメージ,フリーナ(フル)+ベネット(西風、旧貴族)+閑雲,119201,3239.9,19853.08,0.9,374,0.92:1.84
葦海の標,火魔女+劇団,元素熟知+元素熟知+会心率,フリーナ(フル)+ベネット(西風、旧貴族)+閑雲,119201,3239.9,19853.08,0.9,374,0.92:1.84
葦海の標,火魔女+劇団,元素熟知+元素熟知+会心ダメージ,フリーナ(フル)+ベネット(西風、旧貴族)+閑雲,119201,3239.9,19853.08,0.9,374,0.92:1.84
葦海の標,火魔女+砂上,元素熟知+元素熟知+会心率,フリーナ(フル)+ベネット(西風、旧貴族)+閑雲,119201,3239.9,19853.08,0.9,374,0.92:1.84
葦海の標,火魔女+砂上,元素熟知+元素熟知+会心ダメージ,フリーナ(フル)+ベネット(西風、旧貴族)+閑雲,119201,3239.9,19853.08,0.9,374,0.92:1.84
葦海の標,火魔女+深林,元素熟知+元素熟知+会心率,フリーナ(フル)+ベネット(西風、旧貴族)+閑雲,119201,3239.9,19853.08,0.9,374,0.92:1.84
葦海の標,火魔女+深林,元素熟知+元素熟知+会心ダメージ,フリーナ(フル)+ベネット(西風、旧貴族)+閑雲,119201,3239.9,19853.08,0.9,374,0.92:1.84
葦海の標,火魔女+千岩,元素熟知+元素熟知+会心率,フリーナ(フル)+ベネット(西風、旧貴族)+閑雲,119201,3239.9,22136.88,0.9,374,0.92:1.84
葦海の標,火魔女+千岩,元素熟知+元素熟知+会心ダメージ,フリーナ(フル)+ベネット(西風、旧貴族)+閑雲,119201,3239.9,22136.88,0.9,374,0.92:1.84
葦海の標,火魔女+沈淪,元素熟知+元素熟知+会心率,フリーナ(フル)+ベネット(西風、旧貴族)+閑雲,119201,3239.9,19853.08,0.9,374,0.92:1.84
葦海の標,火魔女+沈淪,元素熟知+元素熟知+会心ダメージ,フリーナ(フル)+ベネット(西風、旧貴族)+閑雲,119201,3239.9,19853.08,0.9,374,0.92:1.84
葦海の標,火魔女+氷風,元素熟知+元素熟知+会心率,フリーナ(フル)+ベネット(西風、旧貴族)+閑雲,119201,3239.9,19853.08,0.9,374,0.92:1.84
葦海の標,火魔女+氷風,元素熟知+元素熟知+会心ダメージ,フリーナ(フル)+ベネット(西風、旧貴族)+閑雲,119201,3239.9,19853.08,0.9,374,0.92:1.84
葦海の標,火魔女+悠久,元素熟知+元素熟知+会心率,フリーナ(フル)+ベネット(西風、旧貴族)+閑雲,119201,3239.9,19853.08,0.9,374,0.92:1.84
葦海の標,火魔女+悠久,元素熟知+元素熟知+会心ダメージ,フリーナ(フル)+ベネット(西風、旧貴族)+閑雲,119201,3239.9,19853.08,0.9,374,0.92:1.84
葦海の標,火魔女+雷,元素熟知+元素熟知+会心率,フリーナ(フル)+ベネット(西風、旧貴族)+閑雲,119201,3239.9,19853.08,0.9,374,0.92:1.84
葦海の標,火魔女+雷,元素熟知+元素熟知+会心ダメージ,フリーナ(フル)+ベネット(西風、旧貴族)+閑雲,119201,3239.9,19853.08,0.9,374,0.92:1.84
赤角石塵滅砕,金メッキ4(同元素1),攻撃%+元素熟知+会心率,フリーナ(フル)+ベネット(西風、旧貴族)+閑雲,119134.9,3262.624,16199,0.75,367,0.98:1.95
赤角石塵滅砕,金メッキ4(同元素1),攻撃%+元素熟知+会心ダメージ,フリーナ(フル)+ベネット(西風、旧貴族)+閑雲,119134.9,3262.624,16199,0.75,367,0.98:1.95
赤角石塵滅砕,しめ縄+剣闘士,元素熟知+元素バフ+会心率,フリーナ(フル)+ベネット(西風、旧貴族)+閑雲,119134.7,3055,16199,1.216,187,0.98:1.95
赤角石塵滅砕,しめ縄+剣闘士,元素熟知+元素バフ+会心ダメージ,フリーナ(フル)+ベネット(西風、旧貴族)+閑雲,119134.7,3055,16199,1.216,187,0.98:1.95
赤角石塵滅砕,しめ縄+残響,元素熟知+元素バフ+会心率,フリーナ(フル)+ベネット(西風、旧貴族)+閑雲,119134.7,3055,16199,1.216,187,0.98:1.95
赤角石塵滅砕,しめ縄+残響,元素熟知+元素バフ+会心ダメージ,フリーナ(フル)+ベネット(西風、旧貴族)+閑雲,119134.7,3055,16199,1.216,187,0.98:1.95
赤角石塵滅砕,しめ縄+辰砂,元素熟知+元素バフ+会心率,フリーナ(フル)+ベネット(西風、旧貴族)+閑雲,119134.7,3055,16199,1.216,187,0.98:1.95
赤角石塵滅砕,しめ縄+辰砂,元素熟知+元素バフ+会心ダメージ,フリーナ(フル)+ベネット(西風、旧貴族)+閑雲,119134.7,3055,16199,1.216,187,0.98:1.95
赤角石塵滅砕,剣闘士+残響,元素熟知+元素バフ+会心率,フリーナ(フル)+ベネット(西風、旧貴族)+閑雲,119134.7,3055,16199,1.216,187,0.98:1.95
赤角石塵滅砕,剣闘士+残響,元素熟知+元素バフ+会心ダメージ,フリーナ(フル)+ベネット(西風、旧貴族)+閑雲,119134.7,3055,16199,1.216,187,0.98:1.95
赤角石塵滅砕,剣闘士+辰砂,元素熟知+元素バフ+会心率,フリーナ(フル)+ベネット(西風、旧貴族)+閑雲,119134.7,3055,16199,1.216,187,0.98:1.95
赤角石塵滅砕,剣闘士+辰砂,元素熟知+元素バフ+会心ダメージ,フリーナ(フル)+ベネット(西風、旧貴族)+閑雲,119134.7,3055,16199,1.216,187,0.98:1.95
赤角石塵滅砕,残響+辰砂,元素熟知+元素バフ+会心率,フリーナ(フル)+ベネット(西風、旧貴族)+閑雲,119134.7,3055,16199,1.216,187,0.98:1.95
赤角石塵滅砕,残響+辰砂,元素熟知+元素バフ+会心ダメージ,フリーナ(フル)+ベネット(西風、旧貴族)+閑雲,119134.7,3055,16199,1.216,187,0.98:1.95
裁断,辰砂4,元素熟知+元素バフ+会心率,フリーナ(フル)+ベネット(西風、旧貴族)+閑雲,119125.7,3840,16199,1.216,187,0.87:1.73
裁断,辰砂4,元素熟知+元素バフ+会心ダメージ,フリーナ(フル)+ベネット(西風、旧貴族)+閑雲,119125.7,3840,16199,1.216,187,0.87:1.73
裁断,ファントム4,元素熟知+元素熟知+元素熟知,フリーナ(フル)+ベネット(西風、旧貴族)+閑雲,119092.9,3195.84,16199,0.75,561,0.89:1.78
裁断,ファントム4,攻撃%+元素バフ+元素熟知,フリーナ(フル)+ベネット(西風、旧貴族)+閑雲,119082.9,3650.656,16199,1.216,187,0.89:1.78
裁断,ファントム4,元素熟知+元素バフ+会心率,ベネット(西風、旧貴族)+閑雲+夜蘭(終焉、9秒平均),119000.1,3391.04,16199,0.656,287,1.00:2.18
裁断,ファントム4,元素熟知+元素バフ+会心ダメージ,ベネット(西風、旧貴族)+閑雲+夜蘭(終焉、9秒平均),119000.1,3391.04,16199,0.656,287,1.00:2.18
赤角石塵滅砕,火魔女4(1),元素熟知+元素熟知+元素熟知,フリーナ(フル)+ベネット(西風、旧貴族)+閑雲,118956.3,2751.16,16199,0.975,561,0.82:1.64
葦海の標,千岩4,元素熟知+元素バフ+会心率,フリーナ(フル)+ベネット(西風、旧貴族)+閑雲,118950.9,3421.9,22136.88,1.216,187,0.92:1.84
葦海の標,千岩4,元素熟知+元素バフ+会心ダメージ,フリーナ(フル)+ベネット(西風、旧貴族)+閑雲,118950.9,3421.9,22136.88,1.216,187,0.92:1.84
末路,ファントム4,元素熟知+元素熟知+会心率,フリーナ(フル)+ベネット(西風、旧貴族)+閑雲,118942.1,3509.26,16199,0.75,374,0.94:1.87
末路,ファントム4,元素熟知+元素熟知+会心ダメージ,フリーナ(フル)+ベネット(西風、旧貴族)+閑雲,118942.1,3509.26,16199,0.75,374,0.94:1.87
雨裁,火魔女4(1),攻撃%+元素バフ+会心率,フリーナ(フル)+ベネット(西風、旧貴族)+閑雲,118927.1,3069.072,16199,1.801,165,0.76:1.51
雨裁,火魔女4(1),攻撃%+元素バフ+会心ダメージ,フリーナ(フル)+ベネット(西風、旧貴族)+閑雲,118927.1,3069.072,16199,1.801,165,0.76:1.51
雨裁,火魔女4(1),攻撃%+元素熟知+会心率,フリーナ(フル)+ベネット(西風、旧貴族)+閑雲,118926.5,3069.072,16199,1.335,352,0.76:1.51
雨裁,火魔女4(1),攻撃%+元素熟知+会心ダメージ,フリーナ(フル)+ベネット(西風、旧貴族)+閑雲,118926.5,3069.072,16199,1.335,352,0.76:1.51
裁断,しめ縄+楽団,元素熟知+元素バフ+会心率,フリーナ(フル)+ベネット(西風、旧貴族)+閑雲,118889.8,3371.52,16199,1.216,267,0.87:1.73
裁断,しめ縄+楽団,元素熟知+元素バフ+会心ダメージ,フリーナ(フル)+ベネット(西風、旧貴族)+閑雲,118889.8,3371.52,16199,1.216,267,0.87:1.73
裁断,しめ縄+金メッキ,元素熟知+元素バフ+会心率,フリーナ(フル)+ベネット(西風、旧貴族)+閑雲,118889.8,3371.52,16199,1.216,267,0.87:1.73
裁断,しめ縄+金メッキ,元素熟知+元素バフ+会心ダメージ,フリーナ(フル)+ベネット(西風、旧貴族)+閑雲,118889.8,3371.52,16199,1.216,267,0.87:1.73
裁断,しめ縄+楽園,元素熟知+元素バフ+会心率,フリーナ(フル)+ベネット(西風、旧貴族)+閑雲,118889.8,3371.52,16199,1.216,267,0.87:1.73
裁断,しめ縄+楽園,元素熟知+元素バフ+会心ダメージ,フリーナ(フル)+ベネット(西風、旧貴族)+閑雲,118889.8,3371.52,16199,1.216,267,0.87:1.73
裁断,楽団+剣闘士,元素熟知+元素バフ+会心率,フリーナ(フル)+ベネット(西風、旧貴族)+閑雲,118889.8,3371.52,16199,1.216,267,0.87:1.73
裁断,楽団+剣闘士,元素熟知+元素バフ+会心ダメージ,フリーナ(フル)+ベネット(西風、旧貴族)+閑雲,118889.8,3371.52,16199,1.216,267,0.87:1.73
裁断,楽団+残響,元素熟知+元素バフ+会心率,フリーナ(フル)+ベネット(西風、旧貴族)+閑雲,118889.8,3371.52,16199,1.216,267,0.87:1.73
裁断,楽団+残響,元素熟知+元素バフ+会心ダメージ,フリーナ(フル)+ベネット(西風、旧貴族)+閑雲,118889.8,3371.52,16199,1.216,267,0.87:1.73
裁断,楽団+辰砂,元素熟知+元素バフ+会心率,フリーナ(フル)+ベネット(西風、旧貴族)+閑雲,118889.8,3371.52,16199,1.216,267,0.87:1.73
裁断,楽団+辰砂,元素熟知+元素バフ+会心ダメージ,フリーナ(フル)+ベネット(西風、旧貴族)+閑雲,118889.8,3371.52,16199,1.216,267,0.87:1.73
裁断,金メッキ+剣闘士,元素熟知+元素バフ+会心率,フリーナ(フル)+ベネット(西風、旧貴族)+閑雲,118889.8,3371.52,16199,1.216,267,0.87:1.73
裁断,金メッキ+剣闘士,元素熟知+元素バフ+会心ダメージ,フリーナ(フル)+ベネット(西風、旧貴族)+閑雲,118889.8,3371.52,16199,1.216,267,0.87:1.73
裁断,金メッキ+残響,元素熟知+元素バフ+会心率,フリーナ(フル)+ベネット(西風、旧貴族)+閑雲,118889.8,3371.52,16199,1.216,267,0.87:1.73
裁断,金メッキ+残響,元素熟知+元素バフ+会心ダメージ,フリーナ(フル)+ベネット(西風、旧貴族)+閑雲,118889.8,3371.52,16199,1.216,267,0.87:1.73
裁断,金メッキ+辰砂,元素熟知+元素バフ+会心率,フリーナ(フル)+ベネット(西風、旧貴族)+閑雲,118889.8,3371.52,16199,1.216,267,0.87:1.73
裁断,金メッキ+辰砂,元素熟知+元素バフ+会心ダメージ,フリーナ(フル)+ベネット(西風、旧貴族)+閑雲,118889.8,3371.52,16199,1.216,267,0.87:1.73
裁断,楽園+剣闘士,元素熟知+元素バフ+会心率,フリーナ(フル)+ベネット(西風、旧貴族)+閑雲,118889.8,3371.52,16199,1.216,267,0.87:1.73
裁断,楽園+剣闘士,元素熟知+元素バフ+会心ダメージ,フリーナ(フル)+ベネット(西風、旧貴族)+閑雲,118889.8,3371.52,16199,1.216,267,0.87:1.73
裁断,楽園+残響,元素熟知+元素バフ+会心率,フリーナ(フル)+ベネット(西風、旧貴族)+閑雲,118889.8,3371.52,16199,1.216,267,0.87:1.73
裁断,楽園+残響,元素熟知+元素バフ+会心ダメージ,フリーナ(フル)+ベネット(西風、旧貴族)+閑雲,118889.8,3371.52,16199,1.216,267,0.87:1.73
裁断,楽園+辰砂,元素熟知+元素バフ+会心率,フリーナ(フル)+ベネット(西風、旧貴族)+閑雲,118889.8,3371.52,16199,1.216,267,0.87:1.73
裁断,楽園+辰砂,元素熟知+元素バフ+会心ダメージ,フリーナ(フル)+ベネット(西風、旧貴族)+閑雲,118889.8,3371.52,16199,1.216,267,0.87:1.73
末路,ファントム4,元素熟知+元素バフ+元素熟知,フリーナ(フル)+ベネット(西風、旧貴族)+閑雲,118779.4,3509.26,16199,1.216,374,0.78:1.56
黒岩完凸(平均),金メッキ4(同元素0),攻撃%+元素バフ+会心率,フリーナ(フル)+ベネット(西風、旧貴族)+閑雲,118691.9,3361.392,16199,1.216,230,0.89:1.79
黒岩完凸(平均),金メッキ4(同元素0),攻撃%+元素バフ+会心ダメージ,フリーナ(フル)+ベネット(西風、旧貴族)+閑雲,118691.9,3361.392,16199,1.216,230,0.89:1.79
葦海の標,ファントム4,防御%+元素バフ+元素熟知,フリーナ(フル)+ベネット(西風、旧貴族)+閑雲,118691,3239.9,19853.08,1.216,187,0.95:1.89
葦海の標,ファントム4,HP%+元素バフ+元素熟知,フリーナ(フル)+ベネット(西風、旧貴族)+閑雲,118691,3239.9,25174.33,1.216,187,0.95:1.89
葦海の標,ファントム4,元素熟知+元素バフ+治癒効果,フリーナ(フル)+ベネット(西風、旧貴族)+閑雲,118691,3239.9,19853.08,1.216,187,0.95:1.89
葦海の標,ファントム4,元チャ+元素バフ+元素熟知,フリーナ(フル)+ベネット(西風、旧貴族)+閑雲,118691,3239.9,19853.08,1.216,187,0.95:1.89
赤角石塵滅砕,ファントム+火魔女,元素熟知+元素バフ+会心率,フリーナ(フル)+ベネット(西風、旧貴族)+閑雲,118596.8,2751.16,16199,1.366,187,0.98:1.95
赤角石塵滅砕,ファントム+火魔女,元素熟知+元素バフ+会心ダメージ,フリーナ(フル)+ベネット(西風、旧貴族)+閑雲,118596.8,2751.16,16199,1.366,187,0.98:1.95
赤角石塵滅砕,火魔女+花海,元素熟知+元素バフ+会心率,フリーナ(フル)+ベネット(西風、旧貴族)+閑雲,118596.8,2751.16,18482.8,1.366,187,0.98:1.95
赤角石塵滅砕,火魔女+花海,元素熟知+元素バフ+会心ダメージ,フリーナ(フル)+ベネット(西風、旧貴族)+閑雲,118596.8,2751.16,18482.8,1.366,187,0.98:1.95
赤角石塵滅砕,火魔女+華館,元素熟知+元素バフ+会心率,フリーナ(フル)+ベネット(西風、旧貴族)+閑雲,118596.8,2751.16,16199,1.366,187,0.98:1.95
赤角石塵滅砕,火魔女+華館,元素熟知+元素バフ+会心ダメージ,フリーナ(フル)+ベネット(西風、旧貴族)+閑雲,118596.8,2751.16,16199,1.366,187,0.98:1.95
赤角石塵滅砕,火魔女+劇団,元素熟知+元素バフ+会心率,フリーナ(フル)+ベネット(西風、旧貴族)+閑雲,118596.8,2751.16,16199,1.366,187,0.98:1.95
赤角石塵滅砕,火魔女+劇団,元素熟知+元素バフ+会心ダメージ,フリーナ(フル)+ベネット(西風、旧貴族)+閑雲,118596.8,2751.16,16199,1.366,187,0.98:1.95
赤角石塵滅砕,火魔女+砂上,元素熟知+元素バフ+会心率,フリーナ(フル)+ベネット(西風、旧貴族)+閑雲,118596.8,2751.16,16199,1.366,187,0.98:1.95
赤角石塵滅砕,火魔女+砂上,元素熟知+元素バフ+会心ダメージ,フリーナ(フル)+ベネット(西風、旧貴族)+閑雲,118596.8,2751.16,16199,1.366,187,0.98:1.95
赤角石塵滅砕,火魔女+深林,元素熟知+元素バフ+会心率,フリーナ(フル)+ベネット(西風、旧貴族)+閑雲,118596.8,2751.16,16199,1.366,187,0.98:1.95
赤角石塵滅砕,火魔女+深林,元素熟知+元素バフ+会心ダメージ,フリーナ(フル)+ベネット(西風、旧貴族)+閑雲,118596.8,2751.16,16199,1.366,187,0.98:1.95
赤角石塵滅砕,火魔女+千岩,元素熟知+元素バフ+会心率,フリーナ(フル)+ベネット(西風、旧貴族)+閑雲,118596.8,2751.16,18482.8,1.366,187,0.98:1.95
赤角石塵滅砕,火魔女+千岩,元素熟知+元素バフ+会心ダメージ,フリーナ(フル)+ベネット(西風、旧貴族)+閑雲,118596.8,2751.16,18482.8,1.366,187,0.98:1.95
赤角石塵滅砕,火魔女+沈淪,元素熟知+元素バフ+会心率,フリーナ(フル)+ベネット(西風、旧貴族)+閑雲,118596.8,2751.16,16199,1.366,187,0.98:1.95
赤角石塵滅砕,火魔女+沈淪,元素熟知+元素バフ+会心ダメージ,フリーナ(フル)+ベネット(西風、旧貴族)+閑雲,118596.8,2751.16,16199,1.366,187,0.98:1.95
赤角石塵滅砕,火魔女+氷風,元素熟知+元素バフ+会心率,フリーナ(フル)+ベネット(西風、旧貴族)+閑雲,118596.8,2751.16,16199,1.366,187,0.98:1.95
赤角石塵滅砕,火魔女+氷風,元素熟知+元素バフ+会心ダメージ,フリーナ(フル)+ベネット(西風、旧貴族)+閑雲,118596.8,2751.16,16199,1.366,187,0.98:1.95
赤角石塵滅砕,火魔女+悠久,元素熟知+元素バフ+会心率,フリーナ(フル)+ベネット(西風、旧貴族)+閑雲,118596.8,2751.16,16199,1.366,187,0.98:1.95
赤角石塵滅砕,火魔女+悠久,元素熟知+元素バフ+会心ダメージ,フリーナ(フル)+ベネット(西風、旧貴族)+閑雲,118596.8,2751.16,16199,1.366,187,0.98:1.95
赤角石塵滅砕,火魔女+雷,元素熟知+元素バフ+会心率,フリーナ(フル)+ベネット(西風、旧貴族)+閑雲,118596.8,2751.16,16199,1.366,187,0.98:1.95
赤角石塵滅砕,火魔女+雷,元素熟知+元素バフ+会心ダメージ,フリーナ(フル)+ベネット(西風、旧貴族)+閑雲,118596.8,2751.16,16199,1.366,187,0.98:1.95
葦海の標,しめ縄+ファントム,元素熟知+元素バフ+会心率,フリーナ(フル)+ベネット(西風、旧貴族)+閑雲,118535.5,3403.7,19853.08,1.216,187,0.92:1.84
葦海の標,しめ縄+ファントム,元素熟知+元素バフ+会心ダメージ,フリーナ(フル)+ベネット(西風、旧貴族)+閑雲,118535.5,3403.7,19853.08,1.216,187,0.92:1.84
葦海の標,しめ縄+花海,元素熟知+元素バフ+会心率,フリーナ(フル)+ベネット(西風、旧貴族)+閑雲,118535.5,3403.7,22136.88,1.216,187,0.92:1.84
葦海の標,しめ縄+花海,元素熟知+元素バフ+会心ダメージ,フリーナ(フル)+ベネット(西風、旧貴族)+閑雲,118535.5,3403.7,22136.88,1.216,187,0.92:1.84
葦海の標,しめ縄+華館,元素熟知+元素バフ+会心率,フリーナ(フル)+ベネット(西風、旧貴族)+閑雲,118535.5,3403.7,19853.08,1.216,187,0.92:1.84
葦海の標,しめ縄+華館,元素熟知+元素バフ+会心ダメージ,フリーナ(フル)+ベネット(西風、旧貴族)+閑雲,118535.5,3403.7,19853.08,1.216,187,0.92:1.84
葦海の標,しめ縄+劇団,元素熟知+元素バフ+会心率,フリーナ(フル)+ベネット(西風、旧貴族)+閑雲,118535.5,3403.7,19853.08,1.216,187,0.92:1.84
葦海の標,しめ縄+劇団,元素熟知+元素バフ+会心ダメージ,フリーナ(フル)+ベネット(西風、旧貴族)+閑雲,118535.5,3403.7,19853.08,1.216,187,0.92:1.84
葦海の標,しめ縄+砂上,元素熟知+元素バフ+会心率,フリーナ(フル)+ベネット(西風、旧貴族)+閑雲,118535.5,3403.7,19853.08,1.216,187,0.92:1.84
葦海の標,しめ縄+砂上,元素熟知+元素バフ+会心ダメージ,フリーナ(フル)+ベネット(西風、旧貴族)+閑雲,118535.5,3403.7,19853.08,1.216,187,0.92:1.84
葦海の標,しめ縄+深林,元素熟知+元素バフ+会心率,フリーナ(フル)+ベネット(西風、旧貴族)+閑雲,118535.5,3403.7,19853.08,1.216,187,0.92:1.84
葦海の標,しめ縄+深林,元素熟知+元素バフ+会心ダメージ,フリーナ(フル)+ベネット(西風、旧貴族)+閑雲,118535.5,3403.7,19853.08,1.216,187,0.92:1.84
葦海の標,しめ縄+千岩,元素熟知+元素バフ+会心率,フリーナ(フル)+ベネット(西風、旧貴族)+閑雲,118535.5,3403.7,22136.88,1.216,187,0.92:1.84
葦海の標,しめ縄+千岩,元素熟知+元素バフ+会心ダメージ,フリーナ(フル)+ベネット(西風、旧貴族)+閑雲,118535.5,3403.7,22136.88,1.216,187,0.92:1.84
葦海の標,しめ縄+沈淪,元素熟知+元素バフ+会心率,フリーナ(フル)+ベネット(西風、旧貴族)+閑雲,118535.5,3403.7,19853.08,1.216,187,0.92:1.84
葦海の標,しめ縄+沈淪,元素熟知+元素バフ+会心ダメージ,フリーナ(フル)+ベネット(西風、旧貴族)+閑雲,118535.5,3403.7,19853.08,1.216,187,0.92:1.84
葦海の標,しめ縄+氷風,元素熟知+元素バフ+会心率,フリーナ(フル)+ベネット(西風、旧貴族)+閑雲,118535.5,3403.7,19853.08,1.216,187,0.92:1.84
葦海の標,しめ縄+氷風,元素熟知+元素バフ+会心ダメージ,フリーナ(フル)+ベネット(西風、旧貴族)+閑雲,118535.5,3403.7,19853.08,1.216,187,0.92:1.84
葦海の標,しめ縄+悠久,元素熟知+元素バフ+会心率,フリーナ(フル)+ベネット(西風、旧貴族)+閑雲,118535.5,3403.7,19853.08,1.216,187,0.92:1.84
葦海の標,しめ縄+悠久,元素熟知+元素バフ+会心ダメージ,フリーナ(フル)+ベネット(西風、旧貴族)+閑雲,118535.5,3403.7,19853.08,1.216,187,0.92:1.84
葦海の標,しめ縄+雷,元素熟知+元素バフ+会心率,フリーナ(フル)+ベネット(西風、旧貴族)+閑雲,118535.5,3403.7,19853.08,1.216,187,0.92:1.84
葦海の標,しめ縄+雷,元素熟知+元素バフ+会心ダメージ,フリーナ(フル)+ベネット(西風、旧貴族)+閑雲,118535.5,3403.7,19853.08,1.216,187,0.92:1.84
葦海の標,ファントム+剣闘士,元素熟知+元素バフ+会心率,フリーナ(フル)+ベネット(西風、旧貴族)+閑雲,118535.5,3403.7,19853.08,1.216,187,0.92:1.84
葦海の標,ファントム+剣闘士,元素熟知+元素バフ+会心ダメージ,フリーナ(フル)+ベネット(西風、旧貴族)+閑雲,118535.5,3403.7,19853.08,1.216,187,0.92:1.84
葦海の標,ファントム+残響,元素熟知+元素バフ+会心率,フリーナ(フル)+ベネット(西風、旧貴族)+閑雲,118535.5,3403.7,19853.08,1.216,187,0.92:1.84
葦海の標,ファントム+残響,元素熟知+元素バフ+会心ダメージ,フリーナ(フル)+ベネット(西風、旧貴族)+閑雲,118535.5,3403.7,19853.08,1.216,187,0.92:1.84
葦海の標,ファントム+辰砂,元素熟知+元素バフ+会心率,フリーナ(フル)+ベネット(西風、旧貴族)+閑雲,118535.5,3403.7,19853.08,1.216,187,0.92:1.84
葦海の標,ファントム+辰砂,元素熟知+元素バフ+会心ダメージ,フリーナ(フル)+ベネット(西風、旧貴族)+閑雲,118535.5,3403.7,19853.08,1.216,187,0.92:1.84
葦海の標,花海+剣闘士,元素熟知+元素バフ+会心率,フリーナ(フル)+ベネット(西風、旧貴族)+閑雲,118535.5,3403.7,22136.88,1.216,187,0.92:1.84
葦海の標,花海+剣闘士,元素熟知+元素バフ+会心ダメージ,フリーナ(フル)+ベネット(西風、旧貴族)+閑雲,118535.5,3403.7,22136.88,1.216,187,0.92:1.84
葦海の標,花海+残響,元素熟知+元素バフ+会心率,フリーナ(フル)+ベネット(西風、旧貴族)+閑雲,118535.5,3403.7,22136.88,1.216,187,0.92:1.84
葦海の標,花海+残響,元素熟知+元素バフ+会心ダメージ,フリーナ(フル)+ベネット(西風、旧貴族)+閑雲,118535.5,3403.7,22136.88,1.216,187,0.92:1.84
葦海の標,花海+辰砂,元素熟知+元素バフ+会心率,フリーナ(フル)+ベネット(西風、旧貴族)+閑雲,118535.5,3403.7,22136.88,1.216,187,0.92:1.84
葦海の標,花海+辰砂,元素熟知+元素バフ+会心ダメージ,フリーナ(フル)+ベネット(西風、旧貴族)+閑雲,118535.5,3403.7,22136.88,1.216,187,0.92:1.84
葦海の標,華館+剣闘士,元素熟知+元素バフ+会心率,フリーナ(フル)+ベネット(西風、旧貴族)+閑雲,118535.5,3403.7,19853.08,1.216,187,0.92:1.84
葦海の標,華館+剣闘士,元素熟知+元素バフ+会心ダメージ,フリーナ(フル)+ベネット(西風、旧貴族)+閑雲,118535.5,3403.7,19853.08,1.216,187,0.92:1.84
葦海の標,華館+残響,元素熟知+元素バフ+会心率,フリーナ(フル)+ベネット(西風、旧貴族)+閑雲,118535.5,3403.7,19853.08,1.216,187,0.92:1.84
葦海の標,華館+残響,元素熟知+元素バフ+会心ダメージ,フリーナ(フル)+ベネット(西風、旧貴族)+閑雲,118535.5,3403.7,19853.08,1.216,187,0.92:1.84
葦海の標,華館+辰砂,元素熟知+元素バフ+会心率,フリーナ(フル)+ベネット(西風、旧貴族)+閑雲,118535.5,3403.7,19853.08,1.216,187,0.92:1.84
葦海の標,華館+辰砂,元素熟知+元素バフ+会心ダメージ,フリーナ(フル)+ベネット(西風、旧貴族)+閑雲,118535.5,3403.7,19853.08,1.216,187,0.92:1.84
葦海の標,劇団+剣闘士,元素熟知+元素バフ+会心率,フリーナ(フル)+ベネット(西風、旧貴族)+閑雲,118535.5,3403.7,19853.08,1.216,187,0.92:1.84
葦海の標,劇団+剣闘士,元素熟知+元素バフ+会心ダメージ,フリーナ(フル)+ベネット(西風、旧貴族)+閑雲,118535.5,3403.7,19853.08,1.216,187,0.92:1.84
葦海の標,劇団+残響,元素熟知+元素バフ+会心率,フリーナ(フル)+ベネット(西風、旧貴族)+閑雲,118535.5,3403.7,19853.08,1.216,187,0.92:1.84
葦海の標,劇団+残響,元素熟知+元素バフ+会心ダメージ,フリーナ(フル)+ベネット(西風、旧貴族)+閑雲,118535.5,3403.7,19853.08,1.216,187,0.92:1.84
葦海の標,劇団+辰砂,元素熟知+元素バフ+会心率,フリーナ(フル)+ベネット(西風、旧貴族)+閑雲,118535.5,3403.7,19853.08,1.216,187,0.92:1.84
葦海の標,劇団+辰砂,元素熟知+元素バフ+会心ダメージ,フリーナ(フル)+ベネット(西風、旧貴族)+閑雲,118535.5,3403.7,19853.08,1.216,187,0.92:1.84
葦海の標,剣闘士+砂上,元素熟知+元素バフ+会心率,フリーナ(フル)+ベネット(西風、旧貴族)+閑雲,118535.5,3403.7,19853.08,1.216,187,0.92:1.84
葦海の標,剣闘士+砂上,元素熟知+元素バフ+会心ダメージ,フリーナ(フル)+ベネット(西風、旧貴族)+閑雲,118535.5,3403.7,19853.08,1.216,187,0.92:1.84
葦海の標,剣闘士+深林,元素熟知+元素バフ+会心率,フリーナ(フル)+ベネット(西風、旧貴族)+閑雲,118535.5,3403.7,19853.08,1.216,187,0.92:1.84
葦海の標,剣闘士+深林,元素熟知+元素バフ+会心ダメージ,フリーナ(フル)+ベネット(西風、旧貴族)+閑雲,118535.5,3403.7,19853.08,1.216,187,0.92:1.84
葦海の標,剣闘士+千岩,元素熟知+元素バフ+会心率,フリーナ(フル)+ベネット(西風、旧貴族)+閑雲,118535.5,3403.7,22136.88,1.216,187,0.92:1.84
葦海の標,剣闘士+千岩,元素熟知+元素バフ+会心ダメージ,フリーナ(フル)+ベネット(西風、旧貴族)+閑雲,118535.5,3403.7,22136.88,1.216,187,0.92:1.84
葦海の標,剣闘士+沈淪,元素熟知+元素バフ+会心率,フリーナ(フル)+ベネット(西風、旧貴族)+閑雲,118535.5,3403.7,19853.08,1.216,187,0.92:1.84
葦海の標,剣闘士+沈淪,元素熟知+元素バフ+会心ダメージ,フリーナ(フル)+ベネット(西風、旧貴族)+閑雲,118535.5,3403.7,19853.08,1.216,187,0.92:1.84
葦海の標,剣闘士+氷風,元素熟知+元素バフ+会心率,フリーナ(フル)+ベネット(西風、旧貴族)+閑雲,118535.5,3403.7,19853.08,1.216,187,0.92:1.84
葦海の標,剣闘士+氷風,元素熟知+元素バフ+会心ダメージ,フリーナ(フル)+ベネット(西風、旧貴族)+閑雲,118535.5,3403.7,19853.08,1.216,187,0.92:1.84
葦海の標,剣闘士+悠久,元素熟知+元素バフ+会心率,フリーナ(フル)+ベネット(西風、旧貴族)+閑雲,118535.5,3403.7,19853.08,1.216,187,0.92:1.84
葦海の標,剣闘士+悠久,元素熟知+元素バフ+会心ダメージ,フリーナ(フル)+ベネット(西風、旧貴族)+閑雲,118535.5,3403.7,19853.08,1.216,187,0.92:1.84
葦海の標,剣闘士+雷,元素熟知+元素バフ+会心率,フリーナ(フル)+ベネット(西風、旧貴族)+閑雲,118535.5,3403.7,19853.08,1.216,187,0.92:1.84
葦海の標,剣闘士+雷,元素熟知+元素バフ+会心ダメージ,フリーナ(フル)+ベネット(西風、旧貴族)+閑雲,118535.5,3403.7,19853.08,1.216,187,0.92:1.84
葦海の標,砂上+残響,元素熟知+元素バフ+会心率,フリーナ(フル)+ベネット(西風、旧貴族)+閑雲,118535.5,3403.7,19853.08,1.216,187,0.92:1.84
葦海の標,砂上+残響,元素熟知+元素バフ+会心ダメージ,フリーナ(フル)+ベネット(西風、旧貴族)+閑雲,118535.5,3403.7,19853.08,1.216,187,0.92:1.84
葦海の標,砂上+辰砂,元素熟知+元素バフ+会心率,フリーナ(フル)+ベネット(西風、旧貴族)+閑雲,118535.5,3403.7,19853.08,1.216,187,0.92:1.84
葦海の標,砂上+辰砂,元素熟知+元素バフ+会心ダメージ,フリーナ(フル)+ベネット(西風、旧貴族)+閑雲,118535.5,3403.7,19853.08,1.216,187,0.92:1.84
葦海の標,残響+深林,元素熟知+元素バフ+会心率,フリーナ(フル)+ベネット(西風、旧貴族)+閑雲,118535.5,3403.7,19853.08,1.216,187,0.92:1.84
葦海の標,残響+深林,元素熟知+元素バフ+会心ダメージ,フリーナ(フル)+ベネット(西風、旧貴族)+閑雲,118535.5,3403.7,19853.08,1.216,187,0.92:1.84
葦海の標,残響+千岩,元素熟知+元素バフ+会心率,フリーナ(フル)+ベネット(西風、旧貴族)+閑雲,118535.5,3403.7,22136.88,1.216,187,0.92:1.84
葦海の標,残響+千岩,元素熟知+元素バフ+会心ダメージ,フリーナ(フル)+ベネット(西風、旧貴族)+閑雲,118535.5,3403.7,22136.88,1.216,187,0.92:1.84
葦海の標,残響+沈淪,元素熟知+元素バフ+会心率,フリーナ(フル)+ベネット(西風、旧貴族)+閑雲,118535.5,3403.7,19853.08,1.216,187,0.92:1.84
葦海の標,残響+沈淪,元素熟知+元素バフ+会心ダメージ,フリーナ(フル)+ベネット(西風、旧貴族)+閑雲,118535.5,3403.7,19853.08,1.216,187,0.92:1.84
葦海の標,残響+氷風,元素熟知+元素バフ+会心率,フリーナ(フル)+ベネット(西風、旧貴族)+閑雲,118535.5,3403.7,19853.08,1.216,187,0.92:1.84
葦海の標,残響+氷風,元素熟知+元素バフ+会心ダメージ,フリーナ(フル)+ベネット(西風、旧貴族)+閑雲,118535.5,3403.7,19853.08,1.216,187,0.92:1.84
葦海の標,残響+悠久,元素熟知+元素バフ+会心率,フリーナ(フル)+ベネット(西風、旧貴族)+閑雲,118535.5,3403.7,19853.08,1.216,187,0.92:1.84
葦海の標,残響+悠久,元素熟知+元素バフ+会心ダメージ,フリーナ(フル)+ベネット(西風、旧貴族)+閑雲,118535.5,3403.7,19853.08,1.216,187,0.92:1.84
葦海の標,残響+雷,元素熟知+元素バフ+会心率,フリーナ(フル)+ベネット(西風、旧貴族)+閑雲,118535.5,3403.7,19853.08,1.216,187,0.92:1.84
葦海の標,残響+雷,元素熟知+元素バフ+会心ダメージ,フリーナ(フル)+ベネット(西風、旧貴族)+閑雲,118535.5,3403.7,19853.08,1.216,187,0.92:1.84
葦海の標,深林+辰砂,元素熟知+元素バフ+会心率,フリーナ(フル)+ベネット(西風、旧貴族)+閑雲,118535.5,3403.7,19853.08,1.216,187,0.92:1.84
葦海の標,深林+辰砂,元素熟知+元素バフ+会心ダメージ,フリーナ(フル)+ベネット(西風、旧貴族)+閑雲,118535.5,3403.7,19853.08,1.216,187,0.92:1.84
葦海の標,千岩+辰砂,元素熟知+元素バフ+会心率,フリーナ(フル)+ベネット(西風、旧貴族)+閑雲,118535.5,3403.7,22136.88,1.216,187,0.92:1.84
葦海の標,千岩+辰砂,元素熟知+元素バフ+会心ダメージ,フリーナ(フル)+ベネット(西風、旧貴族)+閑雲,118535.5,3403.7,22136.88,1.216,187,0.92:1.84
葦海の標,辰砂+沈淪,元素熟知+元素バフ+会心率,フリーナ(フル)+ベネット(西風、旧貴族)+閑雲,118535.5,3403.7,19853.08,1.216,187,0.92:1.84
葦海の標,辰砂+沈淪,元素熟知+元素バフ+会心ダメージ,フリーナ(フル)+ベネット(西風、旧貴族)+閑雲,118535.5,3403.7,19853.08,1.216,187,0.92:1.84
葦海の標,辰砂+氷風,元素熟知+元素バフ+会心率,フリーナ(フル)+ベネット(西風、旧貴族)+閑雲,118535.5,3403.7,19853.08,1.216,187,0.92:1.84
葦海の標,辰砂+氷風,元素熟知+元素バフ+会心ダメージ,フリーナ(フル)+ベネット(西風、旧貴族)+閑雲,118535.5,3403.7,19853.08,1.216,187,0.92:1.84
葦海の標,辰砂+悠久,元素熟知+元素バフ+会心率,フリーナ(フル)+ベネット(西風、旧貴族)+閑雲,118535.5,3403.7,19853.08,1.216,187,0.92:1.84
葦海の標,辰砂+悠久,元素熟知+元素バフ+会心ダメージ,フリーナ(フル)+ベネット(西風、旧貴族)+閑雲,118535.5,3403.7,19853.08,1.216,187,0.92:1.84
葦海の標,辰砂+雷,元素熟知+元素バフ+会心率,フリーナ(フル)+ベネット(西風、旧貴族)+閑雲,118535.5,3403.7,19853.08,1.216,187,0.92:1.84
葦海の標,辰砂+雷,元素熟知+元素バフ+会心ダメージ,フリーナ(フル)+ベネット(西風、旧貴族)+閑雲,118535.5,3403.7,19853.08,1.216,187,0.92:1.84
葦海の標,剣闘士4,元素熟知+元素バフ+会心率,フリーナ(フル)+ベネット(西風、旧貴族)+閑雲,118535.5,3403.7,19853.08,1.216,187,0.92:1.84
葦海の標,剣闘士4,元素熟知+元素バフ+会心ダメージ,フリーナ(フル)+ベネット(西風、旧貴族)+閑雲,118535.5,3403.7,19853.08,1.216,187,0.92:1.84
葦海の標,残響4,元素熟知+元素バフ+会心率,フリーナ(フル)+ベネット(西風、旧貴族)+閑雲,118535.5,3403.7,19853.08,1.216,187,0.92:1.84
葦海の標,残響4,元素熟知+元素バフ+会心ダメージ,フリーナ(フル)+ベネット(西風、旧貴族)+閑雲,118535.5,3403.7,19853.08,1.216,187,0.92:1.84
末路,金メッキ4(同元素0),元素熟知+元素バフ+会心率,フリーナ(フル)+ベネット(西風、旧貴族)+閑雲,118502.3,3509.26,16199,1.216,417,0.76:1.51
末路,金メッキ4(同元素0),元素熟知+元素バフ+会心ダメージ,フリーナ(フル)+ベネット(西風、旧貴族)+閑雲,118502.3,3509.26,16199,1.216,417,0.76:1.51
赤角石塵滅砕,金メッキ4(同元素2),攻撃%+元素バフ+会心率,フリーナ(フル)+ベネット(西風、旧貴族)+閑雲,118400.1,3380.784,16199,1.216,130,0.98:1.95
赤角石塵滅砕,金メッキ4(同元素2),攻撃%+元素バフ+会心ダメージ,フリーナ(フル)+ベネット(西風、旧貴族)+閑雲,118400.1,3380.784,16199,1.216,130,0.98:1.95
雨裁,金メッキ4(同元素2),攻撃%+元素バフ+会心率,フリーナ(フル)+ベネット(西風、旧貴族)+閑雲,118396.8,3296.432,16199,1.576,295,0.76:1.51
雨裁,金メッキ4(同元素2),攻撃%+元素バフ+会心ダメージ,フリーナ(フル)+ベネット(西風、旧貴族)+閑雲,118396.8,3296.432,16199,1.576,295,0.76:1.51
葦海の標,ファントム4,攻撃%+元素バフ+会心率,フリーナ(フル)+ベネット(西風、旧貴族)+閑雲,118386.3,3663.96,19853.08,1.216,0,1.00:2.40
葦海の標,ファントム4,攻撃%+元素バフ+会心ダメージ,フリーナ(フル)+ベネット(西風、旧貴族)+閑雲,118386.3,3663.96,19853.08,1.216,0,1.00:2.40
黒岩完凸(平均),ファントム4,元素熟知+元素熟知+元素熟知,フリーナ(フル)+ベネット(西風、旧貴族)+閑雲,118354.1,2983,16199,0.75,561,0.92:1.84
裁断,ファントム4,攻撃%+元素熟知+会心率,フリーナ(フル)+ベネット(西風、旧貴族)+閑雲,118340.9,3650.656,16199,0.75,187,1.00:2.18
裁断,ファントム4,攻撃%+元素熟知+会心ダメージ,フリーナ(フル)+ベネット(西風、旧貴族)+閑雲,118340.9,3650.656,16199,0.75,187,1.00:2.18
赤角石塵滅砕,しめ縄+火魔女,元素熟知+元素バフ+元素熟知,フリーナ(フル)+ベネット(西風、旧貴族)+閑雲,118257.8,2903.08,16199,1.366,374,0.82:1.64
赤角石塵滅砕,火魔女+剣闘士,元素熟知+元素バフ+元素熟知,フリーナ(フル)+ベネット(西風、旧貴族)+閑雲,118257.8,2903.08,16199,1.366,374,0.82:1.64
赤角石塵滅砕,火魔女+残響,元素熟知+元素バフ+元素熟知,フリーナ(フル)+ベネット(西風、旧貴族)+閑雲,118257.8,2903.08,16199,1.366,374,0.82:1.64
赤角石塵滅砕,火魔女+辰砂,元素熟知+元素バフ+元素熟知,フリーナ(フル)+ベネット(西風、旧貴族)+閑雲,118257.8,2903.08,16199,1.366,374,0.82:1.64
葦海の標,金メッキ4(同元素2),元素熟知+元素バフ+会心率,ベネット(西風、旧貴族)+閑雲+夜蘭(終焉、9秒平均),118245.4,3676.7,19853.08,0.656,417,0.92:1.84
葦海の標,金メッキ4(同元素2),元素熟知+元素バフ+会心ダメージ,ベネット(西風、旧貴族)+閑雲+夜蘭(終焉、9秒平均),118245.4,3676.7,19853.08,0.656,417,0.92:1.84
葦海の標,火魔女4(1),攻撃%+元素熟知+元素熟知,フリーナ(フル)+ベネット(西風、旧貴族)+閑雲,118027.9,3663.96,19853.08,0.975,374,0.77:1.53
雨裁,ファントム4,元素熟知+元素熟知+元素熟知,フリーナ(フル)+ベネット(西風、旧貴族)+閑雲,118006.8,2690.68,16199,1.11,726,0.78:1.56
赤角石塵滅砕,しめ縄+楽団,元素熟知+元素バフ+元素熟知,フリーナ(フル)+ベネット(西風、旧貴族)+閑雲,117987.2,2903.08,16199,1.216,454,0.82:1.64
赤角石塵滅砕,しめ縄+金メッキ,元素熟知+元素バフ+元素熟知,フリーナ(フル)+ベネット(西風、旧貴族)+閑雲,117987.2,2903.08,16199,1.216,454,0.82:1.64
赤角石塵滅砕,しめ縄+楽園,元素熟知+元素バフ+元素熟知,フリーナ(フル)+ベネット(西風、旧貴族)+閑雲,117987.2,2903.08,16199,1.216,454,0.82:1.64
赤角石塵滅砕,楽団+剣闘士,元素熟知+元素バフ+元素熟知,フリーナ(フル)+ベネット(西風、旧貴族)+閑雲,117987.2,2903.08,16199,1.216,454,0.82:1.64
赤角石塵滅砕,楽団+残響,元素熟知+元素バフ+元素熟知,フリーナ(フル)+ベネット(西風、旧貴族)+閑雲,117987.2,2903.08,16199,1.216,454,0.82:1.64
赤角石塵滅砕,楽団+辰砂,元素熟知+元素バフ+元素熟知,フリーナ(フル)+ベネット(西風、旧貴族)+閑雲,117987.2,2903.08,16199,1.216,454,0.82:1.64
赤角石塵滅砕,金メッキ+剣闘士,元素熟知+元素バフ+元素熟知,フリーナ(フル)+ベネット(西風、旧貴族)+閑雲,117987.2,2903.08,16199,1.216,454,0.82:1.64
赤角石塵滅砕,金メッキ+残響,元素熟知+元素バフ+元素熟知,フリーナ(フル)+ベネット(西風、旧貴族)+閑雲,117987.2,2903.08,16199,1.216,454,0.82:1.64
赤角石塵滅砕,金メッキ+辰砂,元素熟知+元素バフ+元素熟知,フリーナ(フル)+ベネット(西風、旧貴族)+閑雲,117987.2,2903.08,16199,1.216,454,0.82:1.64
赤角石塵滅砕,楽園+剣闘士,元素熟知+元素バフ+元素熟知,フリーナ(フル)+ベネット(西風、旧貴族)+閑雲,117987.2,2903.08,16199,1.216,454,0.82:1.64
赤角石塵滅砕,楽園+残響,元素熟知+元素バフ+元素熟知,フリーナ(フル)+ベネット(西風、旧貴族)+閑雲,117987.2,2903.08,16199,1.216,454,0.82:1.64
赤角石塵滅砕,楽園+辰砂,元素熟知+元素バフ+元素熟知,フリーナ(フル)+ベネット(西風、旧貴族)+閑雲,117987.2,2903.08,16199,1.216,454,0.82:1.64
赤角石塵滅砕,ファントム4,元素熟知+元素バフ+元素熟知,ベネット(西風、旧貴族)+閑雲+夜蘭(終焉、9秒平均),117930,2919.96,16199,0.656,474,1.00:2.00
赤角石塵滅砕,しめ縄+楽団,元素熟知+元素熟知+会心率,フリーナ(フル)+ベネット(西風、旧貴族)+閑雲,117904.9,2903.08,16199,0.75,454,0.98:1.95
赤角石塵滅砕,しめ縄+楽団,元素熟知+元素熟知+会心ダメージ,フリーナ(フル)+ベネット(西風、旧貴族)+閑雲,117904.9,2903.08,16199,0.75,454,0.98:1.95
赤角石塵滅砕,しめ縄+金メッキ,元素熟知+元素熟知+会心率,フリーナ(フル)+ベネット(西風、旧貴族)+閑雲,117904.9,2903.08,16199,0.75,454,0.98:1.95
赤角石塵滅砕,しめ縄+金メッキ,元素熟知+元素熟知+会心ダメージ,フリーナ(フル)+ベネット(西風、旧貴族)+閑雲,117904.9,2903.08,16199,0.75,454,0.98:1.95
赤角石塵滅砕,しめ縄+楽園,元素熟知+元素熟知+会心率,フリーナ(フル)+ベネット(西風、旧貴族)+閑雲,117904.9,2903.08,16199,0.75,454,0.98:1.95
赤角石塵滅砕,しめ縄+楽園,元素熟知+元素熟知+会心ダメージ,フリーナ(フル)+ベネット(西風、旧貴族)+閑雲,117904.9,2903.08,16199,0.75,454,0.98:1.95
赤角石塵滅砕,楽団+剣闘士,元素熟知+元素熟知+会心率,フリーナ(フル)+ベネット(西風、旧貴族)+閑雲,117904.9,2903.08,16199,0.75,454,0.98:1.95
赤角石塵滅砕,楽団+剣闘士,元素熟知+元素熟知+会心ダメージ,フリーナ(フル)+ベネット(西風、旧貴族)+閑雲,117904.9,2903.08,16199,0.75,454,0.98:1.95
赤角石塵滅砕,楽団+残響,元素熟知+元素熟知+会心率,フリーナ(フル)+ベネット(西風、旧貴族)+閑雲,117904.9,2903.08,16199,0.75,454,0.98:1.95
赤角石塵滅砕,楽団+残響,元素熟知+元素熟知+会心ダメージ,フリーナ(フル)+ベネット(西風、旧貴族)+閑雲,117904.9,2903.08,16199,0.75,454,0.98:1.95
赤角石塵滅砕,楽団+辰砂,元素熟知+元素熟知+会心率,フリーナ(フル)+ベネット(西風、旧貴族)+閑雲,117904.9,2903.08,16199,0.75,454,0.98:1.95
赤角石塵滅砕,楽団+辰砂,元素熟知+元素熟知+会心ダメージ,フリーナ(フル)+ベネット(西風、旧貴族)+閑雲,117904.9,2903.08,16199,0.75,454,0.98:1.95
赤角石塵滅砕,金メッキ+剣闘士,元素熟知+元素熟知+会心率,フリーナ(フル)+ベネット(西風、旧貴族)+閑雲,117904.9,2903.08,16199,0.75,454,0.98:1.95
赤角石塵滅砕,金メッキ+剣闘士,元素熟知+元素熟知+会心ダメージ,フリーナ(フル)+ベネット(西風、旧貴族)+閑雲,117904.9,2903.08,16199,0.75,454,0.98:1.95
赤角石塵滅砕,金メッキ+残響,元素熟知+元素熟知+会心率,フリーナ(フル)+ベネット(西風、旧貴族)+閑雲,117904.9,2903.08,16199,0.75,454,0.98:1.95
赤角石塵滅砕,金メッキ+残響,元素熟知+元素熟知+会心ダメージ,フリーナ(フル)+ベネット(西風、旧貴族)+閑雲,117904.9,2903.08,16199,0.75,454,0.98:1.95
赤角石塵滅砕,金メッキ+辰砂,元素熟知+元素熟知+会心率,フリーナ(フル)+ベネット(西風、旧貴族)+閑雲,117904.9,2903.08,16199,0.75,454,0.98:1.95
赤角石塵滅砕,金メッキ+辰砂,元素熟知+元素熟知+会心ダメージ,フリーナ(フル)+ベネット(西風、旧貴族)+閑雲,117904.9,2903.08,16199,0.75,454,0.98:1.95
赤角石塵滅砕,楽園+剣闘士,元素熟知+元素熟知+会心率,フリーナ(フル)+ベネット(西風、旧貴族)+閑雲,117904.9,2903.08,16199,0.75,454,0.98:1.95
赤角石塵滅砕,楽園+剣闘士,元素熟知+元素熟知+会心ダメージ,フリーナ(フル)+ベネット(西風、旧貴族)+閑雲,117904.9,2903.08,16199,0.75,454,0.98:1.95
赤角石塵滅砕,楽園+残響,元素熟知+元素熟知+会心率,フリーナ(フル)+ベネット(西風、旧貴族)+閑雲,117904.9,2903.08,16199,0.75,454,0.98:1.95
赤角石塵滅砕,楽園+残響,元素熟知+元素熟知+会心ダメージ,フリーナ(フル)+ベネット(西風、旧貴族)+閑雲,117904.9,2903.08,16199,0.75,454,0.98:1.95
赤角石塵滅砕,楽園+辰砂,元素熟知+元素熟知+会心率,フリーナ(フル)+ベネット(西風、旧貴族)+閑雲,117904.9,2903.08,16199,0.75,454,0.98:1.95
赤角石塵滅砕,楽園+辰砂,元素熟知+元素熟知+会心ダメージ,フリーナ(フル)+ベネット(西風、旧貴族)+閑雲,117904.9,2903.08,16199,0.75,454,0.98:1.95
黒岩完凸(効果無し),金メッキ4(同元素2),元素熟知+元素バフ+会心率,フリーナ(フル)+ベネット(西風、旧貴族)+閑雲,117898.4,2918.04,16199,1.216,317,0.89:1.79
黒岩完凸(効果無し),金メッキ4(同元素2),元素熟知+元素バフ+会心ダメージ,フリーナ(フル)+ベネット(西風、旧貴族)+閑雲,117898.4,2918.04,16199,1.216,317,0.89:1.79
葦海の標,しめ縄+剣闘士,元素熟知+元素熟知+会心率,フリーナ(フル)+ベネット(西風、旧貴族)+閑雲,117895.3,3567.5,19853.08,0.75,374,0.92:1.84
葦海の標,しめ縄+剣闘士,元素熟知+元素熟知+会心ダメージ,フリーナ(フル)+ベネット(西風、旧貴族)+閑雲,117895.3,3567.5,19853.08,0.75,374,0.92:1.84
葦海の標,しめ縄+残響,元素熟知+元素熟知+会心率,フリーナ(フル)+ベネット(西風、旧貴族)+閑雲,117895.3,3567.5,19853.08,0.75,374,0.92:1.84
葦海の標,しめ縄+残響,元素熟知+元素熟知+会心ダメージ,フリーナ(フル)+ベネット(西風、旧貴族)+閑雲,117895.3,3567.5,19853.08,0.75,374,0.92:1.84
葦海の標,しめ縄+辰砂,元素熟知+元素熟知+会心率,フリーナ(フル)+ベネット(西風、旧貴族)+閑雲,117895.3,3567.5,19853.08,0.75,374,0.92:1.84
葦海の標,しめ縄+辰砂,元素熟知+元素熟知+会心ダメージ,フリーナ(フル)+ベネット(西風、旧貴族)+閑雲,117895.3,3567.5,19853.08,0.75,374,0.92:1.84
葦海の標,剣闘士+残響,元素熟知+元素熟知+会心率,フリーナ(フル)+ベネット(西風、旧貴族)+閑雲,117895.3,3567.5,19853.08,0.75,374,0.92:1.84
葦海の標,剣闘士+残響,元素熟知+元素熟知+会心ダメージ,フリーナ(フル)+ベネット(西風、旧貴族)+閑雲,117895.3,3567.5,19853.08,0.75,374,0.92:1.84
葦海の標,剣闘士+辰砂,元素熟知+元素熟知+会心率,フリーナ(フル)+ベネット(西風、旧貴族)+閑雲,117895.3,3567.5,19853.08,0.75,374,0.92:1.84
葦海の標,剣闘士+辰砂,元素熟知+元素熟知+会心ダメージ,フリーナ(フル)+ベネット(西風、旧貴族)+閑雲,117895.3,3567.5,19853.08,0.75,374,0.92:1.84
葦海の標,残響+辰砂,元素熟知+元素熟知+会心率,フリーナ(フル)+ベネット(西風、旧貴族)+閑雲,117895.3,3567.5,19853.08,0.75,374,0.92:1.84
葦海の標,残響+辰砂,元素熟知+元素熟知+会心ダメージ,フリーナ(フル)+ベネット(西風、旧貴族)+閑雲,117895.3,3567.5,19853.08,0.75,374,0.92:1.84
葦海の標,火魔女4(1),攻撃%+元素バフ+会心率,フリーナ(フル)+ベネット(西風、旧貴族)+閑雲,117890.5,3663.96,19853.08,1.441,0,0.92:1.84
葦海の標,火魔女4(1),攻撃%+元素バフ+会心ダメージ,フリーナ(フル)+ベネット(西風、旧貴族)+閑雲,117890.5,3663.96,19853.08,1.441,0,0.92:1.84
末路(R2、30%以下),火魔女4(1),元素熟知+元素バフ+会心率,フリーナ(フル)+ベネット(西風、旧貴族)+閑雲,117869.8,3554.76,16199,1.441,187,0.76:1.51
末路(R2、30%以下),火魔女4(1),元素熟知+元素バフ+会心ダメージ,フリーナ(フル)+ベネット(西風、旧貴族)+閑雲,117869.8,3554.76,16199,1.441,187,0.76:1.51
裁断,金メッキ4(同元素0),元素熟知+元素熟知+会心率,フリーナ(フル)+ベネット(西風、旧貴族)+閑雲,117859,3195.84,16199,0.75,604,0.87:1.73
裁断,金メッキ4(同元素0),元素熟知+元素熟知+会心ダメージ,フリーナ(フル)+ベネット(西風、旧貴族)+閑雲,117859,3195.84,16199,0.75,604,0.87:1.73
末路(R2、30%以下),金メッキ4(同元素1),元素熟知+元素バフ+会心率,フリーナ(フル)+ベネット(西風、旧貴族)+閑雲,117842.7,3682.16,16199,1.216,367,0.76:1.51
末路(R2、30%以下),金メッキ4(同元素1),元素熟知+元素バフ+会心ダメージ,フリーナ(フル)+ベネット(西風、旧貴族)+閑雲,117842.7,3682.16,16199,1.216,367,0.76:1.51
裁断,金メッキ4(同元素1),元素熟知+元素熟知+会心率,フリーナ(フル)+ベネット(西風、旧貴族)+閑雲,117816,3332.48,16199,0.75,554,0.87:1.73
裁断,金メッキ4(同元素1),元素熟知+元素熟知+会心ダメージ,フリーナ(フル)+ベネット(西風、旧貴族)+閑雲,117816,3332.48,16199,0.75,554,0.87:1.73
葦海の標,火魔女+楽団,攻撃%+元素熟知+会心率,フリーナ(フル)+ベネット(西風、旧貴族)+閑雲,117780.3,3663.96,19853.08,0.9,267,0.92:1.84
葦海の標,火魔女+楽団,攻撃%+元素熟知+会心ダメージ,フリーナ(フル)+ベネット(西風、旧貴族)+閑雲,117780.3,3663.96,19853.08,0.9,267,0.92:1.84
葦海の標,火魔女+金メッキ,攻撃%+元素熟知+会心率,フリーナ(フル)+ベネット(西風、旧貴族)+閑雲,117780.3,3663.96,19853.08,0.9,267,0.92:1.84
葦海の標,火魔女+金メッキ,攻撃%+元素熟知+会心ダメージ,フリーナ(フル)+ベネット(西風、旧貴族)+閑雲,117780.3,3663.96,19853.08,0.9,267,0.92:1.84
葦海の標,火魔女+楽園,攻撃%+元素熟知+会心率,フリーナ(フル)+ベネット(西風、旧貴族)+閑雲,117780.3,3663.96,19853.08,0.9,267,0.92:1.84
葦海の標,火魔女+楽園,攻撃%+元素熟知+会心ダメージ,フリーナ(フル)+ベネット(西風、旧貴族)+閑雲,117780.3,3663.96,19853.08,0.9,267,0.92:1.84
葦海の標,しめ縄+剣闘士,元素熟知+元素バフ+元素熟知,フリーナ(フル)+ベネット(西風、旧貴族)+閑雲,117656.9,3567.5,19853.08,1.216,374,0.77:1.53
葦海の標,しめ縄+残響,元素熟知+元素バフ+元素熟知,フリーナ(フル)+ベネット(西風、旧貴族)+閑雲,117656.9,3567.5,19853.08,1.216,374,0.77:1.53
葦海の標,しめ縄+辰砂,元素熟知+元素バフ+元素熟知,フリーナ(フル)+ベネット(西風、旧貴族)+閑雲,117656.9,3567.5,19853.08,1.216,374,0.77:1.53
葦海の標,剣闘士+残響,元素熟知+元素バフ+元素熟知,フリーナ(フル)+ベネット(西風、旧貴族)+閑雲,117656.9,3567.5,19853.08,1.216,374,0.77:1.53
葦海の標,剣闘士+辰砂,元素熟知+元素バフ+元素熟知,フリーナ(フル)+ベネット(西風、旧貴族)+閑雲,117656.9,3567.5,19853.08,1.216,374,0.77:1.53
葦海の標,残響+辰砂,元素熟知+元素バフ+元素熟知,フリーナ(フル)+ベネット(西風、旧貴族)+閑雲,117656.9,3567.5,19853.08,1.216,374,0.77:1.53
黒岩完凸(平均),しめ縄+楽団,元素熟知+元素バフ+会心率,フリーナ(フル)+ベネット(西風、旧貴族)+閑雲,117653.3,3129.16,16199,1.216,267,0.89:1.79
黒岩完凸(平均),しめ縄+楽団,元素熟知+元素バフ+会心ダメージ,フリーナ(フル)+ベネット(西風、旧貴族)+閑雲,117653.3,3129.16,16199,1.216,267,0.89:1.79
黒岩完凸(平均),しめ縄+金メッキ,元素熟知+元素バフ+会心率,フリーナ(フル)+ベネット(西風、旧貴族)+閑雲,117653.3,3129.16,16199,1.216,267,0.89:1.79
黒岩完凸(平均),しめ縄+金メッキ,元素熟知+元素バフ+会心ダメージ,フリーナ(フル)+ベネット(西風、旧貴族)+閑雲,117653.3,3129.16,16199,1.216,267,0.89:1.79
黒岩完凸(平均),しめ縄+楽園,元素熟知+元素バフ+会心率,フリーナ(フル)+ベネット(西風、旧貴族)+閑雲,117653.3,3129.16,16199,1.216,267,0.89:1.79
黒岩完凸(平均),しめ縄+楽園,元素熟知+元素バフ+会心ダメージ,フリーナ(フル)+ベネット(西風、旧貴族)+閑雲,117653.3,3129.16,16199,1.216,267,0.89:1.79
黒岩完凸(平均),楽団+剣闘士,元素熟知+元素バフ+会心率,フリーナ(フル)+ベネット(西風、旧貴族)+閑雲,117653.3,3129.16,16199,1.216,267,0.89:1.79
黒岩完凸(平均),楽団+剣闘士,元素熟知+元素バフ+会心ダメージ,フリーナ(フル)+ベネット(西風、旧貴族)+閑雲,117653.3,3129.16,16199,1.216,267,0.89:1.79
黒岩完凸(平均),楽団+残響,元素熟知+元素バフ+会心率,フリーナ(フル)+ベネット(西風、旧貴族)+閑雲,117653.3,3129.16,16199,1.216,267,0.89:1.79
黒岩完凸(平均),楽団+残響,元素熟知+元素バフ+会心ダメージ,フリーナ(フル)+ベネット(西風、旧貴族)+閑雲,117653.3,3129.16,16199,1.216,267,0.89:1.79
黒岩完凸(平均),楽団+辰砂,元素熟知+元素バフ+会心率,フリーナ(フル)+ベネット(西風、旧貴族)+閑雲,117653.3,3129.16,16199,1.216,267,0.89:1.79
黒岩完凸(平均),楽団+辰砂,元素熟知+元素バフ+会心ダメージ,フリーナ(フル)+ベネット(西風、旧貴族)+閑雲,117653.3,3129.16,16199,1.216,267,0.89:1.79
黒岩完凸(平均),金メッキ+剣闘士,元素熟知+元素バフ+会心率,フリーナ(フル)+ベネット(西風、旧貴族)+閑雲,117653.3,3129.16,16199,1.216,267,0.89:1.79
黒岩完凸(平均),金メッキ+剣闘士,元素熟知+元素バフ+会心ダメージ,フリーナ(フル)+ベネット(西風、旧貴族)+閑雲,117653.3,3129.16,16199,1.216,267,0.89:1.79
黒岩完凸(平均),金メッキ+残響,元素熟知+元素バフ+会心率,フリーナ(フル)+ベネット(西風、旧貴族)+閑雲,117653.3,3129.16,16199,1.216,267,0.89:1.79
黒岩完凸(平均),金メッキ+残響,元素熟知+元素バフ+会心ダメージ,フリーナ(フル)+ベネット(西風、旧貴族)+閑雲,117653.3,3129.16,16199,1.216,267,0.89:1.79
黒岩完凸(平均),金メッキ+辰砂,元素熟知+元素バフ+会心率,フリーナ(フル)+ベネット(西風、旧貴族)+閑雲,117653.3,3129.16,16199,1.216,267,0.89:1.79
黒岩完凸(平均),金メッキ+辰砂,元素熟知+元素バフ+会心ダメージ,フリーナ(フル)+ベネット(西風、旧貴族)+閑雲,117653.3,3129.16,16199,1.216,267,0.89:1.79
黒岩完凸(平均),楽園+剣闘士,元素熟知+元素バフ+会心率,フリーナ(フル)+ベネット(西風、旧貴族)+閑雲,117653.3,3129.16,16199,1.216,267,0.89:1.79
黒岩完凸(平均),楽園+剣闘士,元素熟知+元素バフ+会心ダメージ,フリーナ(フル)+ベネット(西風、旧貴族)+閑雲,117653.3,3129.16,16199,1.216,267,0.89:1.79
黒岩完凸(平均),楽園+残響,元素熟知+元素バフ+会心率,フリーナ(フル)+ベネット(西風、旧貴族)+閑雲,117653.3,3129.16,16199,1.216,267,0.89:1.79
黒岩完凸(平均),楽園+残響,元素熟知+元素バフ+会心ダメージ,フリーナ(フル)+ベネット(西風、旧貴族)+閑雲,117653.3,3129.16,16199,1.216,267,0.89:1.79
黒岩完凸(平均),楽園+辰砂,元素熟知+元素バフ+会心率,フリーナ(フル)+ベネット(西風、旧貴族)+閑雲,117653.3,3129.16,16199,1.216,267,0.89:1.79
黒岩完凸(平均),楽園+辰砂,元素熟知+元素バフ+会心ダメージ,フリーナ(フル)+ベネット(西風、旧貴族)+閑雲,117653.3,3129.16,16199,1.216,267,0.89:1.79
赤角石塵滅砕,楽団+金メッキ,攻撃%+元素バフ+会心率,フリーナ(フル)+ベネット(西風、旧貴族)+閑雲,117457.4,3144.464,16199,1.216,160,0.98:1.95
赤角石塵滅砕,楽団+金メッキ,攻撃%+元素バフ+会心ダメージ,フリーナ(フル)+ベネット(西風、旧貴族)+閑雲,117457.4,3144.464,16199,1.216,160,0.98:1.95
赤角石塵滅砕,楽園+楽団,攻撃%+元素バフ+会心率,フリーナ(フル)+ベネット(西風、旧貴族)+閑雲,117457.4,3144.464,16199,1.216,160,0.98:1.95
赤角石塵滅砕,楽園+楽団,攻撃%+元素バフ+会心ダメージ,フリーナ(フル)+ベネット(西風、旧貴族)+閑雲,117457.4,3144.464,16199,1.216,160,0.98:1.95
赤角石塵滅砕,楽園+金メッキ,攻撃%+元素バフ+会心率,フリーナ(フル)+ベネット(西風、旧貴族)+閑雲,117457.4,3144.464,16199,1.216,160,0.98:1.95
赤角石塵滅砕,楽園+金メッキ,攻撃%+元素バフ+会心ダメージ,フリーナ(フル)+ベネット(西風、旧貴族)+閑雲,117457.4,3144.464,16199,1.216,160,0.98:1.95
葦海の標,楽団+金メッキ,攻撃%+元素熟知+会心率,フリーナ(フル)+ベネット(西風、旧貴族)+閑雲,117453.5,3663.96,19853.08,0.75,347,0.92:1.84
葦海の標,楽団+金メッキ,攻撃%+元素熟知+会心ダメージ,フリーナ(フル)+ベネット(西風、旧貴族)+閑雲,117453.5,3663.96,19853.08,0.75,347,0.92:1.84
葦海の標,楽園+楽団,攻撃%+元素熟知+会心率,フリーナ(フル)+ベネット(西風、旧貴族)+閑雲,117453.5,3663.96,19853.08,0.75,347,0.92:1.84
葦海の標,楽園+楽団,攻撃%+元素熟知+会心ダメージ,フリーナ(フル)+ベネット(西風、旧貴族)+閑雲,117453.5,3663.96,19853.08,0.75,347,0.92:1.84
葦海の標,楽園+金メッキ,攻撃%+元素熟知+会心率,フリーナ(フル)+ベネット(西風、旧貴族)+閑雲,117453.5,3663.96,19853.08,0.75,347,0.92:1.84
葦海の標,楽園+金メッキ,攻撃%+元素熟知+会心ダメージ,フリーナ(フル)+ベネット(西風、旧貴族)+閑雲,117453.5,3663.96,19853.08,0.75,347,0.92:1.84
裁断,金メッキ4(同元素2),元素熟知+元素熟知+会心率,フリーナ(フル)+ベネット(西風、旧貴族)+閑雲,117421.9,3469.12,16199,0.75,504,0.87:1.73
裁断,金メッキ4(同元素2),元素熟知+元素熟知+会心ダメージ,フリーナ(フル)+ベネット(西風、旧貴族)+閑雲,117421.9,3469.12,16199,0.75,504,0.87:1.73
裁断,金メッキ4(同元素0),元素熟知+元素バフ+元素熟知,フリーナ(フル)+ベネット(西風、旧貴族)+閑雲,117385.4,3195.84,16199,1.216,604,0.71:1.42
裁断,金メッキ4(同元素1),元素熟知+元素バフ+元素熟知,フリーナ(フル)+ベネット(西風、旧貴族)+閑雲,117342.6,3332.48,16199,1.216,554,0.71:1.42
葦海の標,火魔女+楽団,元素熟知+元素バフ+会心率,ベネット(西風、旧貴族)+閑雲+夜蘭(終焉、9秒平均),117339,3421.9,19853.08,0.806,367,0.92:1.84
葦海の標,火魔女+楽団,元素熟知+元素バフ+会心ダメージ,ベネット(西風、旧貴族)+閑雲+夜蘭(終焉、9秒平均),117339,3421.9,19853.08,0.806,367,0.92:1.84
葦海の標,火魔女+金メッキ,元素熟知+元素バフ+会心率,ベネット(西風、旧貴族)+閑雲+夜蘭(終焉、9秒平均),117339,3421.9,19853.08,0.806,367,0.92:1.84
葦海の標,火魔女+金メッキ,元素熟知+元素バフ+会心ダメージ,ベネット(西風、旧貴族)+閑雲+夜蘭(終焉、9秒平均),117339,3421.9,19853.08,0.806,367,0.92:1.84
葦海の標,火魔女+楽園,元素熟知+元素バフ+会心率,ベネット(西風、旧貴族)+閑雲+夜蘭(終焉、9秒平均),117339,3421.9,19853.08,0.806,367,0.92:1.84
葦海の標,火魔女+楽園,元素熟知+元素バフ+会心ダメージ,ベネット(西風、旧貴族)+閑雲+夜蘭(終焉、9秒平均),117339,3421.9,19853.08,0.806,367,0.92:1.84
雨裁,火魔女4(1),元素熟知+元素バフ+元素熟知,フリーナ(フル)+ベネット(西風、旧貴族)+閑雲,117337.3,2690.68,16199,1.801,539,0.60:1.20
葦海の標,ファントム+火魔女,元素熟知+元素バフ+元素熟知,フリーナ(フル)+ベネット(西風、旧貴族)+閑雲,117321,3239.9,19853.08,1.366,374,0.77:1.53
葦海の標,火魔女+花海,元素熟知+元素バフ+元素熟知,フリーナ(フル)+ベネット(西風、旧貴族)+閑雲,117321,3239.9,22136.88,1.366,374,0.77:1.53
葦海の標,火魔女+華館,元素熟知+元素バフ+元素熟知,フリーナ(フル)+ベネット(西風、旧貴族)+閑雲,117321,3239.9,19853.08,1.366,374,0.77:1.53
葦海の標,火魔女+劇団,元素熟知+元素バフ+元素熟知,フリーナ(フル)+ベネット(西風、旧貴族)+閑雲,117321,3239.9,19853.08,1.366,374,0.77:1.53
葦海の標,火魔女+砂上,元素熟知+元素バフ+元素熟知,フリーナ(フル)+ベネット(西風、旧貴族)+閑雲,117321,3239.9,19853.08,1.366,374,0.77:1.53
葦海の標,火魔女+深林,元素熟知+元素バフ+元素熟知,フリーナ(フル)+ベネット(西風、旧貴族)+閑雲,117321,3239.9,19853.08,1.366,374,0.77:1.53
葦海の標,火魔女+千岩,元素熟知+元素バフ+元素熟知,フリーナ(フル)+ベネット(西風、旧貴族)+閑雲,117321,3239.9,22136.88,1.366,374,0.77:1.53
葦海の標,火魔女+沈淪,元素熟知+元素バフ+元素熟知,フリーナ(フル)+ベネット(西風、旧貴族)+閑雲,117321,3239.9,19853.08,1.366,374,0.77:1.53
葦海の標,火魔女+氷風,元素熟知+元素バフ+元素熟知,フリーナ(フル)+ベネット(西風、旧貴族)+閑雲,117321,3239.9,19853.08,1.366,374,0.77:1.53
葦海の標,火魔女+悠久,元素熟知+元素バフ+元素熟知,フリーナ(フル)+ベネット(西風、旧貴族)+閑雲,117321,3239.9,19853.08,1.366,374,0.77:1.53
葦海の標,火魔女+雷,元素熟知+元素バフ+元素熟知,フリーナ(フル)+ベネット(西風、旧貴族)+閑雲,117321,3239.9,19853.08,1.366,374,0.77:1.53
葦海の標,ファントム+楽団,元素熟知+元素熟知+会心率,フリーナ(フル)+ベネット(西風、旧貴族)+閑雲,117289.8,3239.9,19853.08,0.75,454,0.92:1.84
葦海の標,ファントム+楽団,元素熟知+元素熟知+会心ダメージ,フリーナ(フル)+ベネット(西風、旧貴族)+閑雲,117289.8,3239.9,19853.08,0.75,454,0.92:1.84
葦海の標,ファントム+金メッキ,元素熟知+元素熟知+会心率,フリーナ(フル)+ベネット(西風、旧貴族)+閑雲,117289.8,3239.9,19853.08,0.75,454,0.92:1.84
葦海の標,ファントム+金メッキ,元素熟知+元素熟知+会心ダメージ,フリーナ(フル)+ベネット(西風、旧貴族)+閑雲,117289.8,3239.9,19853.08,0.75,454,0.92:1.84
葦海の標,ファントム+楽園,元素熟知+元素熟知+会心率,フリーナ(フル)+ベネット(西風、旧貴族)+閑雲,117289.8,3239.9,19853.08,0.75,454,0.92:1.84
葦海の標,ファントム+楽園,元素熟知+元素熟知+会心ダメージ,フリーナ(フル)+ベネット(西風、旧貴族)+閑雲,117289.8,3239.9,19853.08,0.75,454,0.92:1.84
葦海の標,花海+楽団,元素熟知+元素熟知+会心率,フリーナ(フル)+ベネット(西風、旧貴族)+閑雲,117289.8,3239.9,22136.88,0.75,454,0.92:1.84
葦海の標,花海+楽団,元素熟知+元素熟知+会心ダメージ,フリーナ(フル)+ベネット(西風、旧貴族)+閑雲,117289.8,3239.9,22136.88,0.75,454,0.92:1.84
葦海の標,花海+金メッキ,元素熟知+元素熟知+会心率,フリーナ(フル)+ベネット(西風、旧貴族)+閑雲,117289.8,3239.9,22136.88,0.75,454,0.92:1.84
葦海の標,花海+金メッキ,元素熟知+元素熟知+会心ダメージ,フリーナ(フル)+ベネット(西風、旧貴族)+閑雲,117289.8,3239.9,22136.88,0.75,454,0.92:1.84
葦海の標,花海+楽園,元素熟知+元素熟知+会心率,フリーナ(フル)+ベネット(西風、旧貴族)+閑雲,117289.8,3239.9,22136.88,0.75,454,0.92:1.84
葦海の標,花海+楽園,元素熟知+元素熟知+会心ダメージ,フリーナ(フル)+ベネット(西風、旧貴族)+閑雲,117289.8,3239.9,22136.88,0.75,454,0.92:1.84
葦海の標,華館+楽団,元素熟知+元素熟知+会心率,フリーナ(フル)+ベネット(西風、旧貴族)+閑雲,117289.8,3239.9,19853.08,0.75,454,0.92:1.84
葦海の標,華館+楽団,元素熟知+元素熟知+会心ダメージ,フリーナ(フル)+ベネット(西風、旧貴族)+閑雲,117289.8,3239.9,19853.08,0.75,454,0.92:1.84
葦海の標,華館+金メッキ,元素熟知+元素熟知+会心率,フリーナ(フル)+ベネット(西風、旧貴族)+閑雲,117289.8,3239.9,19853.08,0.75,454,0.92:1.84
葦海の標,華館+金メッキ,元素熟知+元素熟知+会心ダメージ,フリーナ(フル)+ベネット(西風、旧貴族)+閑雲,117289.8,3239.9,19853.08,0.75,454,0.92:1.84
葦海の標,華館+楽園,元素熟知+元素熟知+会心率,フリーナ(フル)+ベネット(西風、旧貴族)+閑雲,117289.8,3239.9,19853.08,0.75,454,0.92:1.84
