武器,聖遺物セット,聖遺物メイン,バフキャラ,合計期待値,聖遺物組み合わせ,サブHP%,サブHP,スコア
護摩,辰砂4,攻撃%+風バフ+会心率,ファルザン(西風、完凸)+フリーナ(フル)+閑雲(鶴鳴の余韻、しめ縄+剣闘士、攻撃全振り),140303.4,,0,0,1.6
護摩,辰砂4,攻撃%+風バフ+会心ダメージ,ファルザン(西風、完凸)+フリーナ(フル)+閑雲(鶴鳴の余韻、しめ縄+剣闘士、攻撃全振り),140303.4,,0,0,1.6
和璞鳶,辰砂4,攻撃%+風バフ+会心率,ファルザン(西風、完凸)+フリーナ(フル)+閑雲(鶴鳴の余韻、しめ縄+剣闘士、攻撃全振り),139804.6,,0,0,1.6
和璞鳶,辰砂4,攻撃%+風バフ+会心ダメージ,ファルザン(西風、完凸)+フリーナ(フル)+閑雲(鶴鳴の余韻、しめ縄+剣闘士、攻撃全振り),139804.6,,0,0,1.6
和璞鳶,辰砂4,攻撃%+風バフ+会心率,ファルザン(西風、完凸)+ベネット(西風、旧貴族)+閑雲(鶴鳴の余韻、しめ縄+剣闘士、攻撃全振り),138123.8,,0,0,1.6
和璞鳶,辰砂4,攻撃%+風バフ+会心ダメージ,ファルザン(西風、完凸)+ベネット(西風、旧貴族)+閑雲(鶴鳴の余韻、しめ縄+剣闘士、攻撃全振り),138123.8,,0,0,1.6
護摩,辰砂4,攻撃%+風バフ+会心率,ファルザン(西風、完凸)+ベネット(西風、旧貴族)+閑雲(鶴鳴の余韻、しめ縄+剣闘士、攻撃全振り),137411.9,,0,0,1.6
護摩,辰砂4,攻撃%+風バフ+会心ダメージ,ファルザン(西風、完凸)+ベネット(西風、旧貴族)+閑雲(鶴鳴の余韻、しめ縄+剣闘士、攻撃全振り),137411.9,,0,0,1.6
護摩,ファントム4,攻撃%+風バフ+攻撃%,ファルザン(西風、完凸)+フリーナ(フル)+閑雲(鶴鳴の余韻、しめ縄+剣闘士、攻撃全振り),137151.3,,0,0,1.6
和璞鳶,ファントム4,攻撃%+風バフ+会心率,ファルザン(西風、完凸)+ベネット(西風、旧貴族)+閑雲(鶴鳴の余韻、しめ縄+剣闘士、攻撃全振り),137015.7,,0,0,1.6
和璞鳶,ファントム4,攻撃%+風バフ+会心ダメージ,ファルザン(西風、完凸)+ベネット(西風、旧貴族)+閑雲(鶴鳴の余韻、しめ縄+剣闘士、攻撃全振り),137015.7,,0,0,1.6
護摩,ファントム4,攻撃%+風バフ+会心率,ファルザン(西風、完凸)+ベネット(西風、旧貴族)+閑雲(鶴鳴の余韻、しめ縄+剣闘士、攻撃全振り),136863.7,,0,0,1.6
護摩,ファントム4,攻撃%+風バフ+会心ダメージ,ファルザン(西風、完凸)+ベネット(西風、旧貴族)+閑雲(鶴鳴の余韻、しめ縄+剣闘士、攻撃全振り),136863.7,,0,0,1.6
和璞鳶,ファントム4,攻撃%+風バフ+攻撃%,ファルザン(西風、完凸)+フリーナ(フル)+閑雲(鶴鳴の余韻、しめ縄+剣闘士、攻撃全振り),136382,,0,0,1.6
護摩,ファントム4,攻撃%+風バフ+会心率,ファルザン(西風、完凸)+フリーナ(フル)+閑雲(鶴鳴の余韻、しめ縄+剣闘士、攻撃全振り),136340.1,,0,0,1.6
護摩,ファントム4,攻撃%+風バフ+会心ダメージ,ファルザン(西風、完凸)+フリーナ(フル)+閑雲(鶴鳴の余韻、しめ縄+剣闘士、攻撃全振り),136340.1,,0,0,1.6
和璞鳶,ファントム4,攻撃%+風バフ+攻撃%,ファルザン(西風、完凸)+ベネット(西風、旧貴族)+閑雲(鶴鳴の余韻、しめ縄+剣闘士、攻撃全振り),135710.7,,0,0,1.6
和璞鳶,辰砂4,攻撃%+攻撃%+会心率,ファルザン(西風、完凸)+フリーナ(フル)+閑雲(鶴鳴の余韻、しめ縄+剣闘士、攻撃全振り),135678.8,,0,0,1.6
和璞鳶,辰砂4,攻撃%+攻撃%+会心ダメージ,ファルザン(西風、完凸)+フリーナ(フル)+閑雲(鶴鳴の余韻、しめ縄+剣闘士、攻撃全振り),135678.8,,0,0,1.6
護摩,ファントム4,攻撃%+風バフ+攻撃%,ファルザン(西風、完凸)+ベネット(西風、旧貴族)+閑雲(鶴鳴の余韻、しめ縄+剣闘士、攻撃全振り),135218.8,,0,0,1.6
和璞鳶,ファントム4,攻撃%+風バフ+会心率,ファルザン(西風、完凸)+フリーナ(フル)+閑雲(鶴鳴の余韻、しめ縄+剣闘士、攻撃全振り),135017.6,,0,0,1.6
和璞鳶,ファントム4,攻撃%+風バフ+会心ダメージ,ファルザン(西風、完凸)+フリーナ(フル)+閑雲(鶴鳴の余韻、しめ縄+剣闘士、攻撃全振り),135017.6,,0,0,1.6
護摩,辰砂4,攻撃%+攻撃%+会心率,ファルザン(西風、完凸)+フリーナ(フル)+閑雲(鶴鳴の余韻、しめ縄+剣闘士、攻撃全振り),134888.2,,0,0,1.6
護摩,辰砂4,攻撃%+攻撃%+会心ダメージ,ファルザン(西風、完凸)+フリーナ(フル)+閑雲(鶴鳴の余韻、しめ縄+剣闘士、攻撃全振り),134888.2,,0,0,1.6
和璞鳶,ファントム4,攻撃%+攻撃%+攻撃%,ファルザン(西風、完凸)+フリーナ(フル)+閑雲(鶴鳴の余韻、しめ縄+剣闘士、攻撃全振り),132834.5,,0,0,1.6
和璞鳶,ファントム4,攻撃%+攻撃%+会心率,ファルザン(西風、完凸)+フリーナ(フル)+閑雲(鶴鳴の余韻、しめ縄+剣闘士、攻撃全振り),132817.9,,0,0,1.6
和璞鳶,ファントム4,攻撃%+攻撃%+会心ダメージ,ファルザン(西風、完凸)+フリーナ(フル)+閑雲(鶴鳴の余韻、しめ縄+剣闘士、攻撃全振り),132817.9,,0,0,1.6
護摩,辰砂4,攻撃%+風バフ+攻撃%,ファルザン(西風、完凸)+フリーナ(フル)+閑雲(鶴鳴の余韻、しめ縄+剣闘士、攻撃全振り),132697.8,,0,0,1.6
護摩,ファントム4,攻撃%+攻撃%+会心率,ファルザン(西風、完凸)+フリーナ(フル)+閑雲(鶴鳴の余韻、しめ縄+剣闘士、攻撃全振り),132638.9,,0,0,1.6
護摩,ファントム4,攻撃%+攻撃%+会心ダメージ,ファルザン(西風、完凸)+フリーナ(フル)+閑雲(鶴鳴の余韻、しめ縄+剣闘士、攻撃全振り),132638.9,,0,0,1.6
護摩,ファントム4,攻撃%+攻撃%+攻撃%,ファルザン(西風、完凸)+フリーナ(フル)+閑雲(鶴鳴の余韻、しめ縄+剣闘士、攻撃全振り),132276.4,,0,0,1.6
護摩,辰砂4,HP%+風バフ+会心率,ファルザン(西風、完凸)+フリーナ(フル)+閑雲(鶴鳴の余韻、しめ縄+剣闘士、攻撃全振り),130760.2,,0,0,1.6
護摩,辰砂4,HP%+風バフ+会心ダメージ,ファルザン(西風、完凸)+フリーナ(フル)+閑雲(鶴鳴の余韻、しめ縄+剣闘士、攻撃全振り),130760.2,,0,0,1.6
護摩,辰砂4,HP%+風バフ+会心率,ファルザン(西風、完凸)+ベネット(西風、旧貴族)+閑雲(鶴鳴の余韻、しめ縄+剣闘士、攻撃全振り),129673.9,,0,0,1.6
護摩,辰砂4,HP%+風バフ+会心ダメージ,ファルザン(西風、完凸)+ベネット(西風、旧貴族)+閑雲(鶴鳴の余韻、しめ縄+剣闘士、攻撃全振り),129673.9,,0,0,1.6
和璞鳶,ファントム4,攻撃%+攻撃%+会心率,ファルザン(西風、完凸)+ベネット(西風、旧貴族)+閑雲(鶴鳴の余韻、しめ縄+剣闘士、攻撃全振り),128336.9,,0,0,1.6
和璞鳶,ファントム4,攻撃%+攻撃%+会心ダメージ,ファルザン(西風、完凸)+ベネット(西風、旧貴族)+閑雲(鶴鳴の余韻、しめ縄+剣闘士、攻撃全振り),128336.9,,0,0,1.6
護摩,ファントム4,HP%+風バフ+会心率,ファルザン(西風、完凸)+ベネット(西風、旧貴族)+閑雲(鶴鳴の余韻、しめ縄+剣闘士、攻撃全振り),128253.5,,0,0,1.6
護摩,ファントム4,HP%+風バフ+会心ダメージ,ファルザン(西風、完凸)+ベネット(西風、旧貴族)+閑雲(鶴鳴の余韻、しめ縄+剣闘士、攻撃全振り),128253.5,,0,0,1.6
和璞鳶,辰砂4,攻撃%+攻撃%+会心率,ファルザン(西風、完凸)+ベネット(西風、旧貴族)+閑雲(鶴鳴の余韻、しめ縄+剣闘士、攻撃全振り),128196.1,,0,0,1.6
和璞鳶,辰砂4,攻撃%+攻撃%+会心ダメージ,ファルザン(西風、完凸)+ベネット(西風、旧貴族)+閑雲(鶴鳴の余韻、しめ縄+剣闘士、攻撃全振り),128196.1,,0,0,1.6
護摩,辰砂4,攻撃%+風バフ+攻撃%,ファルザン(西風、完凸)+ベネット(西風、旧貴族)+閑雲(鶴鳴の余韻、しめ縄+剣闘士、攻撃全振り),128126.8,,0,0,1.6
護摩,辰砂4,防御%+風バフ+会心率,ファルザン(西風、完凸)+フリーナ(フル)+閑雲(鶴鳴の余韻、しめ縄+剣闘士、攻撃全振り),127754.1,,0,0,1.6
護摩,辰砂4,防御%+風バフ+会心ダメージ,ファルザン(西風、完凸)+フリーナ(フル)+閑雲(鶴鳴の余韻、しめ縄+剣闘士、攻撃全振り),127754.1,,0,0,1.6
護摩,辰砂4,元素熟知+風バフ+会心率,ファルザン(西風、完凸)+フリーナ(フル)+閑雲(鶴鳴の余韻、しめ縄+剣闘士、攻撃全振り),127754.1,,0,0,1.6
護摩,辰砂4,元素熟知+風バフ+会心ダメージ,ファルザン(西風、完凸)+フリーナ(フル)+閑雲(鶴鳴の余韻、しめ縄+剣闘士、攻撃全振り),127754.1,,0,0,1.6
護摩,辰砂4,元チャ+風バフ+会心率,ファルザン(西風、完凸)+フリーナ(フル)+閑雲(鶴鳴の余韻、しめ縄+剣闘士、攻撃全振り),127754.1,,0,0,1.6
護摩,辰砂4,元チャ+風バフ+会心ダメージ,ファルザン(西風、完凸)+フリーナ(フル)+閑雲(鶴鳴の余韻、しめ縄+剣闘士、攻撃全振り),127754.1,,0,0,1.6
和璞鳶,辰砂4,攻撃%+風バフ+攻撃%,ファルザン(西風、完凸)+フリーナ(フル)+閑雲(鶴鳴の余韻、しめ縄+剣闘士、攻撃全振り),127712.1,,0,0,1.6
護摩,ファントム4,攻撃%+風バフ+HP%,ファルザン(西風、完凸)+フリーナ(フル)+閑雲(鶴鳴の余韻、しめ縄+剣闘士、攻撃全振り),127461.7,,0,0,1.6
護摩,ファントム4,攻撃%+風バフ+HP%,ファルザン(西風、完凸)+ベネット(西風、旧貴族)+閑雲(鶴鳴の余韻、しめ縄+剣闘士、攻撃全振り),127362.1,,0,0,1.6
護摩,辰砂4,防御%+風バフ+会心率,ファルザン(西風、完凸)+ベネット(西風、旧貴族)+閑雲(鶴鳴の余韻、しめ縄+剣闘士、攻撃全振り),127236.3,,0,0,1.6
護摩,辰砂4,防御%+風バフ+会心ダメージ,ファルザン(西風、完凸)+ベネット(西風、旧貴族)+閑雲(鶴鳴の余韻、しめ縄+剣闘士、攻撃全振り),127236.3,,0,0,1.6
護摩,辰砂4,元素熟知+風バフ+会心率,ファルザン(西風、完凸)+ベネット(西風、旧貴族)+閑雲(鶴鳴の余韻、しめ縄+剣闘士、攻撃全振り),127236.3,,0,0,1.6
護摩,辰砂4,元素熟知+風バフ+会心ダメージ,ファルザン(西風、完凸)+ベネット(西風、旧貴族)+閑雲(鶴鳴の余韻、しめ縄+剣闘士、攻撃全振り),127236.3,,0,0,1.6
護摩,辰砂4,元チャ+風バフ+会心率,ファルザン(西風、完凸)+ベネット(西風、旧貴族)+閑雲(鶴鳴の余韻、しめ縄+剣闘士、攻撃全振り),127236.3,,0,0,1.6
護摩,辰砂4,元チャ+風バフ+会心ダメージ,ファルザン(西風、完凸)+ベネット(西風、旧貴族)+閑雲(鶴鳴の余韻、しめ縄+剣闘士、攻撃全振り),127236.3,,0,0,1.6
和璞鳶,辰砂4,防御%+風バフ+会心率,ファルザン(西風、完凸)+ベネット(西風、旧貴族)+閑雲(鶴鳴の余韻、しめ縄+剣闘士、攻撃全振り),127229.1,,0,0,1.6
和璞鳶,辰砂4,防御%+風バフ+会心ダメージ,ファルザン(西風、完凸)+ベネット(西風、旧貴族)+閑雲(鶴鳴の余韻、しめ縄+剣闘士、攻撃全振り),127229.1,,0,0,1.6
和璞鳶,辰砂4,HP%+風バフ+会心率,ファルザン(西風、完凸)+ベネット(西風、旧貴族)+閑雲(鶴鳴の余韻、しめ縄+剣闘士、攻撃全振り),127229.1,,0,0,1.6
和璞鳶,辰砂4,HP%+風バフ+会心ダメージ,ファルザン(西風、完凸)+ベネット(西風、旧貴族)+閑雲(鶴鳴の余韻、しめ縄+剣闘士、攻撃全振り),127229.1,,0,0,1.6
和璞鳶,辰砂4,元素熟知+風バフ+会心率,ファルザン(西風、完凸)+ベネット(西風、旧貴族)+閑雲(鶴鳴の余韻、しめ縄+剣闘士、攻撃全振り),127229.1,,0,0,1.6
和璞鳶,辰砂4,元素熟知+風バフ+会心ダメージ,ファルザン(西風、完凸)+ベネット(西風、旧貴族)+閑雲(鶴鳴の余韻、しめ縄+剣闘士、攻撃全振り),127229.1,,0,0,1.6
和璞鳶,辰砂4,元チャ+風バフ+会心率,ファルザン(西風、完凸)+ベネット(西風、旧貴族)+閑雲(鶴鳴の余韻、しめ縄+剣闘士、攻撃全振り),127229.1,,0,0,1.6
和璞鳶,辰砂4,元チャ+風バフ+会心ダメージ,ファルザン(西風、完凸)+ベネット(西風、旧貴族)+閑雲(鶴鳴の余韻、しめ縄+剣闘士、攻撃全振り),127229.1,,0,0,1.6
護摩,辰砂4,攻撃%+攻撃%+攻撃%,ファルザン(西風、完凸)+フリーナ(フル)+閑雲(鶴鳴の余韻、しめ縄+剣闘士、攻撃全振り),126716.2,,0,0,1.6
護摩,ファントム4,攻撃%+攻撃%+会心率,ファルザン(西風、完凸)+ベネット(西風、旧貴族)+閑雲(鶴鳴の余韻、しめ縄+剣闘士、攻撃全振り),126707.2,,0,0,1.6
護摩,ファントム4,攻撃%+攻撃%+会心ダメージ,ファルザン(西風、完凸)+ベネット(西風、旧貴族)+閑雲(鶴鳴の余韻、しめ縄+剣闘士、攻撃全振り),126707.2,,0,0,1.6
護摩,辰砂4,攻撃%+HP%+会心率,ファルザン(西風、完凸)+フリーナ(フル)+閑雲(鶴鳴の余韻、しめ縄+剣闘士、攻撃全振り),126466.6,,0,0,1.6
護摩,辰砂4,攻撃%+HP%+会心ダメージ,ファルザン(西風、完凸)+フリーナ(フル)+閑雲(鶴鳴の余韻、しめ縄+剣闘士、攻撃全振り),126466.6,,0,0,1.6
和璞鳶,辰砂4,防御%+風バフ+会心率,ファルザン(西風、完凸)+フリーナ(フル)+閑雲(鶴鳴の余韻、しめ縄+剣闘士、攻撃全振り),126459.8,,0,0,1.6
和璞鳶,辰砂4,防御%+風バフ+会心ダメージ,ファルザン(西風、完凸)+フリーナ(フル)+閑雲(鶴鳴の余韻、しめ縄+剣闘士、攻撃全振り),126459.8,,0,0,1.6
和璞鳶,辰砂4,HP%+風バフ+会心率,ファルザン(西風、完凸)+フリーナ(フル)+閑雲(鶴鳴の余韻、しめ縄+剣闘士、攻撃全振り),126459.8,,0,0,1.6
和璞鳶,辰砂4,HP%+風バフ+会心ダメージ,ファルザン(西風、完凸)+フリーナ(フル)+閑雲(鶴鳴の余韻、しめ縄+剣闘士、攻撃全振り),126459.8,,0,0,1.6
和璞鳶,辰砂4,元素熟知+風バフ+会心率,ファルザン(西風、完凸)+フリーナ(フル)+閑雲(鶴鳴の余韻、しめ縄+剣闘士、攻撃全振り),126459.8,,0,0,1.6
和璞鳶,辰砂4,元素熟知+風バフ+会心ダメージ,ファルザン(西風、完凸)+フリーナ(フル)+閑雲(鶴鳴の余韻、しめ縄+剣闘士、攻撃全振り),126459.8,,0,0,1.6
和璞鳶,辰砂4,元チャ+風バフ+会心率,ファルザン(西風、完凸)+フリーナ(フル)+閑雲(鶴鳴の余韻、しめ縄+剣闘士、攻撃全振り),126459.8,,0,0,1.6
和璞鳶,辰砂4,元チャ+風バフ+会心ダメージ,ファルザン(西風、完凸)+フリーナ(フル)+閑雲(鶴鳴の余韻、しめ縄+剣闘士、攻撃全振り),126459.8,,0,0,1.6
和璞鳶,ファントム4,攻撃%+攻撃%+攻撃%,ファルザン(西風、完凸)+ベネット(西風、旧貴族)+閑雲(鶴鳴の余韻、しめ縄+剣闘士、攻撃全振り),126269.2,,0,0,1.6
護摩,辰砂4,攻撃%+攻撃%+会心率,ファルザン(西風、完凸)+ベネット(西風、旧貴族)+閑雲(鶴鳴の余韻、しめ縄+剣闘士、攻撃全振り),126195.3,,0,0,1.6
護摩,辰砂4,攻撃%+攻撃%+会心ダメージ,ファルザン(西風、完凸)+ベネット(西風、旧貴族)+閑雲(鶴鳴の余韻、しめ縄+剣闘士、攻撃全振り),126195.3,,0,0,1.6
護摩,長き夜の誓い4,攻撃%+風バフ+会心率,フリーナ(フル)+閑雲(鶴鳴の余韻、しめ縄+剣闘士、攻撃全振り)+鍾離,126066.9,,0,0,1.6
護摩,長き夜の誓い4,攻撃%+風バフ+会心ダメージ,フリーナ(フル)+閑雲(鶴鳴の余韻、しめ縄+剣闘士、攻撃全振り)+鍾離,126066.9,,0,0,1.6
護摩,ファントム4,HP%+風バフ+会心率,ファルザン(西風、完凸)+フリーナ(フル)+閑雲(鶴鳴の余韻、しめ縄+剣闘士、攻撃全振り),125721.4,,0,0,1.6
護摩,ファントム4,HP%+風バフ+会心ダメージ,ファルザン(西風、完凸)+フリーナ(フル)+閑雲(鶴鳴の余韻、しめ縄+剣闘士、攻撃全振り),125721.4,,0,0,1.6
護摩,ファントム4,防御%+風バフ+会心率,ファルザン(西風、完凸)+ベネット(西風、旧貴族)+閑雲(鶴鳴の余韻、しめ縄+剣闘士、攻撃全振り),125541.2,,0,0,1.6
護摩,ファントム4,防御%+風バフ+会心ダメージ,ファルザン(西風、完凸)+ベネット(西風、旧貴族)+閑雲(鶴鳴の余韻、しめ縄+剣闘士、攻撃全振り),125541.2,,0,0,1.6
護摩,ファントム4,元素熟知+風バフ+会心率,ファルザン(西風、完凸)+ベネット(西風、旧貴族)+閑雲(鶴鳴の余韻、しめ縄+剣闘士、攻撃全振り),125541.2,,0,0,1.6
護摩,ファントム4,元素熟知+風バフ+会心ダメージ,ファルザン(西風、完凸)+ベネット(西風、旧貴族)+閑雲(鶴鳴の余韻、しめ縄+剣闘士、攻撃全振り),125541.2,,0,0,1.6
護摩,ファントム4,元チャ+風バフ+会心率,ファルザン(西風、完凸)+ベネット(西風、旧貴族)+閑雲(鶴鳴の余韻、しめ縄+剣闘士、攻撃全振り),125541.2,,0,0,1.6
護摩,ファントム4,元チャ+風バフ+会心ダメージ,ファルザン(西風、完凸)+ベネット(西風、旧貴族)+閑雲(鶴鳴の余韻、しめ縄+剣闘士、攻撃全振り),125541.2,,0,0,1.6
護摩,長き夜の誓い4,攻撃%+攻撃%+会心率,フリーナ(フル)+閑雲(鶴鳴の余韻、しめ縄+剣闘士、攻撃全振り)+鍾離,125108.4,,0,0,1.6
護摩,長き夜の誓い4,攻撃%+攻撃%+会心ダメージ,フリーナ(フル)+閑雲(鶴鳴の余韻、しめ縄+剣闘士、攻撃全振り)+鍾離,125108.4,,0,0,1.6
護摩,ファントム4,攻撃%+風バフ+防御%,ファルザン(西風、完凸)+ベネット(西風、旧貴族)+閑雲(鶴鳴の余韻、しめ縄+剣闘士、攻撃全振り),124887.1,,0,0,1.6
護摩,ファントム4,攻撃%+風バフ+元素熟知,ファルザン(西風、完凸)+ベネット(西風、旧貴族)+閑雲(鶴鳴の余韻、しめ縄+剣闘士、攻撃全振り),124887.1,,0,0,1.6
護摩,ファントム4,攻撃%+風バフ+治癒効果,ファルザン(西風、完凸)+ベネット(西風、旧貴族)+閑雲(鶴鳴の余韻、しめ縄+剣闘士、攻撃全振り),124887.1,,0,0,1.6
護摩,ファントム4,元チャ+風バフ+攻撃%,ファルザン(西風、完凸)+ベネット(西風、旧貴族)+閑雲(鶴鳴の余韻、しめ縄+剣闘士、攻撃全振り),124887.1,,0,0,1.6
和璞鳶,ファントム4,防御%+風バフ+会心率,ファルザン(西風、完凸)+ベネット(西風、旧貴族)+閑雲(鶴鳴の余韻、しめ縄+剣闘士、攻撃全振り),124849.3,,0,0,1.6
和璞鳶,ファントム4,防御%+風バフ+会心ダメージ,ファルザン(西風、完凸)+ベネット(西風、旧貴族)+閑雲(鶴鳴の余韻、しめ縄+剣闘士、攻撃全振り),124849.3,,0,0,1.6
和璞鳶,ファントム4,HP%+風バフ+会心率,ファルザン(西風、完凸)+ベネット(西風、旧貴族)+閑雲(鶴鳴の余韻、しめ縄+剣闘士、攻撃全振り),124849.3,,0,0,1.6
和璞鳶,ファントム4,HP%+風バフ+会心ダメージ,ファルザン(西風、完凸)+ベネット(西風、旧貴族)+閑雲(鶴鳴の余韻、しめ縄+剣闘士、攻撃全振り),124849.3,,0,0,1.6
和璞鳶,ファントム4,元素熟知+風バフ+会心率,ファルザン(西風、完凸)+ベネット(西風、旧貴族)+閑雲(鶴鳴の余韻、しめ縄+剣闘士、攻撃全振り),124849.3,,0,0,1.6
和璞鳶,ファントム4,元素熟知+風バフ+会心ダメージ,ファルザン(西風、完凸)+ベネット(西風、旧貴族)+閑雲(鶴鳴の余韻、しめ縄+剣闘士、攻撃全振り),124849.3,,0,0,1.6
和璞鳶,ファントム4,元チャ+風バフ+会心率,ファルザン(西風、完凸)+ベネット(西風、旧貴族)+閑雲(鶴鳴の余韻、しめ縄+剣闘士、攻撃全振り),124849.3,,0,0,1.6
和璞鳶,ファントム4,元チャ+風バフ+会心ダメージ,ファルザン(西風、完凸)+ベネット(西風、旧貴族)+閑雲(鶴鳴の余韻、しめ縄+剣闘士、攻撃全振り),124849.3,,0,0,1.6
和璞鳶,ファントム4,攻撃%+風バフ+防御%,ファルザン(西風、完凸)+ベネット(西風、旧貴族)+閑雲(鶴鳴の余韻、しめ縄+剣闘士、攻撃全振り),124642.9,,0,0,1.6
和璞鳶,ファントム4,攻撃%+風バフ+HP%,ファルザン(西風、完凸)+ベネット(西風、旧貴族)+閑雲(鶴鳴の余韻、しめ縄+剣闘士、攻撃全振り),124642.9,,0,0,1.6
和璞鳶,ファントム4,攻撃%+風バフ+元素熟知,ファルザン(西風、完凸)+ベネット(西風、旧貴族)+閑雲(鶴鳴の余韻、しめ縄+剣闘士、攻撃全振り),124642.9,,0,0,1.6
和璞鳶,ファントム4,攻撃%+風バフ+治癒効果,ファルザン(西風、完凸)+ベネット(西風、旧貴族)+閑雲(鶴鳴の余韻、しめ縄+剣闘士、攻撃全振り),124642.9,,0,0,1.6
和璞鳶,ファントム4,元チャ+風バフ+攻撃%,ファルザン(西風、完凸)+ベネット(西風、旧貴族)+閑雲(鶴鳴の余韻、しめ縄+剣闘士、攻撃全振り),124642.9,,0,0,1.6
和璞鳶,辰砂4,攻撃%+風バフ+会心率,ファルザン(西風、完凸)+閑雲(鶴鳴の余韻、しめ縄+剣闘士、攻撃全振り)+鍾離,124512.7,,0,0,1.6
和璞鳶,辰砂4,攻撃%+風バフ+会心ダメージ,ファルザン(西風、完凸)+閑雲(鶴鳴の余韻、しめ縄+剣闘士、攻撃全振り)+鍾離,124512.7,,0,0,1.6
護摩,ファントム4,攻撃%+攻撃%+攻撃%,ファルザン(西風、完凸)+ベネット(西風、旧貴族)+閑雲(鶴鳴の余韻、しめ縄+剣闘士、攻撃全振り),124453.6,,0,0,1.6
護摩,辰砂4,攻撃%+風バフ+HP%,ファルザン(西風、完凸)+フリーナ(フル)+閑雲(鶴鳴の余韻、しめ縄+剣闘士、攻撃全振り),124413,,0,0,1.6
護摩,ファントム4,攻撃%+風バフ+防御%,ファルザン(西風、完凸)+フリーナ(フル)+閑雲(鶴鳴の余韻、しめ縄+剣闘士、攻撃全振り),124409.4,,0,0,1.6
護摩,ファントム4,攻撃%+風バフ+元素熟知,ファルザン(西風、完凸)+フリーナ(フル)+閑雲(鶴鳴の余韻、しめ縄+剣闘士、攻撃全振り),124409.4,,0,0,1.6
護摩,ファントム4,攻撃%+風バフ+治癒効果,ファルザン(西風、完凸)+フリーナ(フル)+閑雲(鶴鳴の余韻、しめ縄+剣闘士、攻撃全振り),124409.4,,0,0,1.6
護摩,ファントム4,元チャ+風バフ+攻撃%,ファルザン(西風、完凸)+フリーナ(フル)+閑雲(鶴鳴の余韻、しめ縄+剣闘士、攻撃全振り),124409.4,,0,0,1.6
和璞鳶,辰砂4,攻撃%+風バフ+攻撃%,ファルザン(西風、完凸)+ベネット(西風、旧貴族)+閑雲(鶴鳴の余韻、しめ縄+剣闘士、攻撃全振り),124267.4,,0,0,1.6
護摩,辰砂4,攻撃%+風バフ+会心率,ファルザン(西風、完凸)+閑雲(鶴鳴の余韻、しめ縄+剣闘士、攻撃全振り)+鍾離,124106.5,,0,0,1.6
護摩,辰砂4,攻撃%+風バフ+会心ダメージ,ファルザン(西風、完凸)+閑雲(鶴鳴の余韻、しめ縄+剣闘士、攻撃全振り)+鍾離,124106.5,,0,0,1.6
和璞鳶,辰砂4,攻撃%+防御%+会心率,ファルザン(西風、完凸)+フリーナ(フル)+閑雲(鶴鳴の余韻、しめ縄+剣闘士、攻撃全振り),123856.3,,0,0,1.6
和璞鳶,辰砂4,攻撃%+防御%+会心ダメージ,ファルザン(西風、完凸)+フリーナ(フル)+閑雲(鶴鳴の余韻、しめ縄+剣闘士、攻撃全振り),123856.3,,0,0,1.6
和璞鳶,辰砂4,攻撃%+HP%+会心率,ファルザン(西風、完凸)+フリーナ(フル)+閑雲(鶴鳴の余韻、しめ縄+剣闘士、攻撃全振り),123856.3,,0,0,1.6
和璞鳶,辰砂4,攻撃%+HP%+会心ダメージ,ファルザン(西風、完凸)+フリーナ(フル)+閑雲(鶴鳴の余韻、しめ縄+剣闘士、攻撃全振り),123856.3,,0,0,1.6
和璞鳶,辰砂4,攻撃%+元素熟知+会心率,ファルザン(西風、完凸)+フリーナ(フル)+閑雲(鶴鳴の余韻、しめ縄+剣闘士、攻撃全振り),123856.3,,0,0,1.6
和璞鳶,辰砂4,攻撃%+元素熟知+会心ダメージ,ファルザン(西風、完凸)+フリーナ(フル)+閑雲(鶴鳴の余韻、しめ縄+剣闘士、攻撃全振り),123856.3,,0,0,1.6
和璞鳶,辰砂4,攻撃%+炎バフ+会心率,ファルザン(西風、完凸)+フリーナ(フル)+閑雲(鶴鳴の余韻、しめ縄+剣闘士、攻撃全振り),123856.3,,0,0,1.6
和璞鳶,辰砂4,攻撃%+炎バフ+会心ダメージ,ファルザン(西風、完凸)+フリーナ(フル)+閑雲(鶴鳴の余韻、しめ縄+剣闘士、攻撃全振り),123856.3,,0,0,1.6
和璞鳶,辰砂4,攻撃%+水バフ+会心率,ファルザン(西風、完凸)+フリーナ(フル)+閑雲(鶴鳴の余韻、しめ縄+剣闘士、攻撃全振り),123856.3,,0,0,1.6
和璞鳶,辰砂4,攻撃%+水バフ+会心ダメージ,ファルザン(西風、完凸)+フリーナ(フル)+閑雲(鶴鳴の余韻、しめ縄+剣闘士、攻撃全振り),123856.3,,0,0,1.6
和璞鳶,辰砂4,攻撃%+雷バフ+会心率,ファルザン(西風、完凸)+フリーナ(フル)+閑雲(鶴鳴の余韻、しめ縄+剣闘士、攻撃全振り),123856.3,,0,0,1.6
和璞鳶,辰砂4,攻撃%+雷バフ+会心ダメージ,ファルザン(西風、完凸)+フリーナ(フル)+閑雲(鶴鳴の余韻、しめ縄+剣闘士、攻撃全振り),123856.3,,0,0,1.6
和璞鳶,辰砂4,攻撃%+氷バフ+会心率,ファルザン(西風、完凸)+フリーナ(フル)+閑雲(鶴鳴の余韻、しめ縄+剣闘士、攻撃全振り),123856.3,,0,0,1.6
和璞鳶,辰砂4,攻撃%+氷バフ+会心ダメージ,ファルザン(西風、完凸)+フリーナ(フル)+閑雲(鶴鳴の余韻、しめ縄+剣闘士、攻撃全振り),123856.3,,0,0,1.6
和璞鳶,辰砂4,攻撃%+岩バフ+会心率,ファルザン(西風、完凸)+フリーナ(フル)+閑雲(鶴鳴の余韻、しめ縄+剣闘士、攻撃全振り),123856.3,,0,0,1.6
和璞鳶,辰砂4,攻撃%+岩バフ+会心ダメージ,ファルザン(西風、完凸)+フリーナ(フル)+閑雲(鶴鳴の余韻、しめ縄+剣闘士、攻撃全振り),123856.3,,0,0,1.6
和璞鳶,辰砂4,攻撃%+草バフ+会心率,ファルザン(西風、完凸)+フリーナ(フル)+閑雲(鶴鳴の余韻、しめ縄+剣闘士、攻撃全振り),123856.3,,0,0,1.6
和璞鳶,辰砂4,攻撃%+草バフ+会心ダメージ,ファルザン(西風、完凸)+フリーナ(フル)+閑雲(鶴鳴の余韻、しめ縄+剣闘士、攻撃全振り),123856.3,,0,0,1.6
和璞鳶,辰砂4,攻撃%+物理バフ+会心率,ファルザン(西風、完凸)+フリーナ(フル)+閑雲(鶴鳴の余韻、しめ縄+剣闘士、攻撃全振り),123856.3,,0,0,1.6
和璞鳶,辰砂4,攻撃%+物理バフ+会心ダメージ,ファルザン(西風、完凸)+フリーナ(フル)+閑雲(鶴鳴の余韻、しめ縄+剣闘士、攻撃全振り),123856.3,,0,0,1.6
和璞鳶,辰砂4,元チャ+攻撃%+会心率,ファルザン(西風、完凸)+フリーナ(フル)+閑雲(鶴鳴の余韻、しめ縄+剣闘士、攻撃全振り),123856.3,,0,0,1.6
和璞鳶,辰砂4,元チャ+攻撃%+会心ダメージ,ファルザン(西風、完凸)+フリーナ(フル)+閑雲(鶴鳴の余韻、しめ縄+剣闘士、攻撃全振り),123856.3,,0,0,1.6
護摩,辰砂4,攻撃%+防御%+会心率,ファルザン(西風、完凸)+フリーナ(フル)+閑雲(鶴鳴の余韻、しめ縄+剣闘士、攻撃全振り),123813.8,,0,0,1.6
護摩,辰砂4,攻撃%+防御%+会心ダメージ,ファルザン(西風、完凸)+フリーナ(フル)+閑雲(鶴鳴の余韻、しめ縄+剣闘士、攻撃全振り),123813.8,,0,0,1.6
護摩,辰砂4,攻撃%+元素熟知+会心率,ファルザン(西風、完凸)+フリーナ(フル)+閑雲(鶴鳴の余韻、しめ縄+剣闘士、攻撃全振り),123813.8,,0,0,1.6
護摩,辰砂4,攻撃%+元素熟知+会心ダメージ,ファルザン(西風、完凸)+フリーナ(フル)+閑雲(鶴鳴の余韻、しめ縄+剣闘士、攻撃全振り),123813.8,,0,0,1.6
護摩,辰砂4,攻撃%+炎バフ+会心率,ファルザン(西風、完凸)+フリーナ(フル)+閑雲(鶴鳴の余韻、しめ縄+剣闘士、攻撃全振り),123813.8,,0,0,1.6
護摩,辰砂4,攻撃%+炎バフ+会心ダメージ,ファルザン(西風、完凸)+フリーナ(フル)+閑雲(鶴鳴の余韻、しめ縄+剣闘士、攻撃全振り),123813.8,,0,0,1.6
護摩,辰砂4,攻撃%+水バフ+会心率,ファルザン(西風、完凸)+フリーナ(フル)+閑雲(鶴鳴の余韻、しめ縄+剣闘士、攻撃全振り),123813.8,,0,0,1.6
護摩,辰砂4,攻撃%+水バフ+会心ダメージ,ファルザン(西風、完凸)+フリーナ(フル)+閑雲(鶴鳴の余韻、しめ縄+剣闘士、攻撃全振り),123813.8,,0,0,1.6
護摩,辰砂4,攻撃%+雷バフ+会心率,ファルザン(西風、完凸)+フリーナ(フル)+閑雲(鶴鳴の余韻、しめ縄+剣闘士、攻撃全振り),123813.8,,0,0,1.6
護摩,辰砂4,攻撃%+雷バフ+会心ダメージ,ファルザン(西風、完凸)+フリーナ(フル)+閑雲(鶴鳴の余韻、しめ縄+剣闘士、攻撃全振り),123813.8,,0,0,1.6
護摩,辰砂4,攻撃%+氷バフ+会心率,ファルザン(西風、完凸)+フリーナ(フル)+閑雲(鶴鳴の余韻、しめ縄+剣闘士、攻撃全振り),123813.8,,0,0,1.6
護摩,辰砂4,攻撃%+氷バフ+会心ダメージ,ファルザン(西風、完凸)+フリーナ(フル)+閑雲(鶴鳴の余韻、しめ縄+剣闘士、攻撃全振り),123813.8,,0,0,1.6
護摩,辰砂4,攻撃%+岩バフ+会心率,ファルザン(西風、完凸)+フリーナ(フル)+閑雲(鶴鳴の余韻、しめ縄+剣闘士、攻撃全振り),123813.8,,0,0,1.6
護摩,辰砂4,攻撃%+岩バフ+会心ダメージ,ファルザン(西風、完凸)+フリーナ(フル)+閑雲(鶴鳴の余韻、しめ縄+剣闘士、攻撃全振り),123813.8,,0,0,1.6
護摩,辰砂4,攻撃%+草バフ+会心率,ファルザン(西風、完凸)+フリーナ(フル)+閑雲(鶴鳴の余韻、しめ縄+剣闘士、攻撃全振り),123813.8,,0,0,1.6
護摩,辰砂4,攻撃%+草バフ+会心ダメージ,ファルザン(西風、完凸)+フリーナ(フル)+閑雲(鶴鳴の余韻、しめ縄+剣闘士、攻撃全振り),123813.8,,0,0,1.6
護摩,辰砂4,攻撃%+物理バフ+会心率,ファルザン(西風、完凸)+フリーナ(フル)+閑雲(鶴鳴の余韻、しめ縄+剣闘士、攻撃全振り),123813.8,,0,0,1.6
護摩,辰砂4,攻撃%+物理バフ+会心ダメージ,ファルザン(西風、完凸)+フリーナ(フル)+閑雲(鶴鳴の余韻、しめ縄+剣闘士、攻撃全振り),123813.8,,0,0,1.6
護摩,辰砂4,元チャ+攻撃%+会心率,ファルザン(西風、完凸)+フリーナ(フル)+閑雲(鶴鳴の余韻、しめ縄+剣闘士、攻撃全振り),123813.8,,0,0,1.6
護摩,辰砂4,元チャ+攻撃%+会心ダメージ,ファルザン(西風、完凸)+フリーナ(フル)+閑雲(鶴鳴の余韻、しめ縄+剣闘士、攻撃全振り),123813.8,,0,0,1.6
護摩,ファントム4,攻撃%+攻撃%+HP%,ファルザン(西風、完凸)+フリーナ(フル)+閑雲(鶴鳴の余韻、しめ縄+剣闘士、攻撃全振り),123725.7,,0,0,1.6
護摩,ファントム4,攻撃%+HP%+会心率,ファルザン(西風、完凸)+フリーナ(フル)+閑雲(鶴鳴の余韻、しめ縄+剣闘士、攻撃全振り),123268.2,,0,0,1.6
護摩,ファントム4,攻撃%+HP%+会心ダメージ,ファルザン(西風、完凸)+フリーナ(フル)+閑雲(鶴鳴の余韻、しめ縄+剣闘士、攻撃全振り),123268.2,,0,0,1.6
和璞鳶,辰砂4,攻撃%+攻撃%+攻撃%,ファルザン(西風、完凸)+フリーナ(フル)+閑雲(鶴鳴の余韻、しめ縄+剣闘士、攻撃全振り),123002.1,,0,0,1.6
和璞鳶,ファントム4,攻撃%+風バフ+防御%,ファルザン(西風、完凸)+フリーナ(フル)+閑雲(鶴鳴の余韻、しめ縄+剣闘士、攻撃全振り),122825.2,,0,0,1.6
和璞鳶,ファントム4,攻撃%+風バフ+HP%,ファルザン(西風、完凸)+フリーナ(フル)+閑雲(鶴鳴の余韻、しめ縄+剣闘士、攻撃全振り),122825.2,,0,0,1.6
和璞鳶,ファントム4,攻撃%+風バフ+元素熟知,ファルザン(西風、完凸)+フリーナ(フル)+閑雲(鶴鳴の余韻、しめ縄+剣闘士、攻撃全振り),122825.2,,0,0,1.6
和璞鳶,ファントム4,攻撃%+風バフ+治癒効果,ファルザン(西風、完凸)+フリーナ(フル)+閑雲(鶴鳴の余韻、しめ縄+剣闘士、攻撃全振り),122825.2,,0,0,1.6
和璞鳶,ファントム4,元チャ+風バフ+攻撃%,ファルザン(西風、完凸)+フリーナ(フル)+閑雲(鶴鳴の余韻、しめ縄+剣闘士、攻撃全振り),122825.2,,0,0,1.6
護摩,ファントム4,防御%+風バフ+会心率,ファルザン(西風、完凸)+フリーナ(フル)+閑雲(鶴鳴の余韻、しめ縄+剣闘士、攻撃全振り),122376.4,,0,0,1.6
護摩,ファントム4,防御%+風バフ+会心ダメージ,ファルザン(西風、完凸)+フリーナ(フル)+閑雲(鶴鳴の余韻、しめ縄+剣闘士、攻撃全振り),122376.4,,0,0,1.6
護摩,ファントム4,元素熟知+風バフ+会心率,ファルザン(西風、完凸)+フリーナ(フル)+閑雲(鶴鳴の余韻、しめ縄+剣闘士、攻撃全振り),122376.4,,0,0,1.6
護摩,ファントム4,元素熟知+風バフ+会心ダメージ,ファルザン(西風、完凸)+フリーナ(フル)+閑雲(鶴鳴の余韻、しめ縄+剣闘士、攻撃全振り),122376.4,,0,0,1.6
護摩,ファントム4,元チャ+風バフ+会心率,ファルザン(西風、完凸)+フリーナ(フル)+閑雲(鶴鳴の余韻、しめ縄+剣闘士、攻撃全振り),122376.4,,0,0,1.6
護摩,ファントム4,元チャ+風バフ+会心ダメージ,ファルザン(西風、完凸)+フリーナ(フル)+閑雲(鶴鳴の余韻、しめ縄+剣闘士、攻撃全振り),122376.4,,0,0,1.6
護摩,辰砂4,攻撃%+風バフ+防御%,ファルザン(西風、完凸)+フリーナ(フル)+閑雲(鶴鳴の余韻、しめ縄+剣闘士、攻撃全振り),121803.2,,0,0,1.6
護摩,辰砂4,攻撃%+風バフ+元素熟知,ファルザン(西風、完凸)+フリーナ(フル)+閑雲(鶴鳴の余韻、しめ縄+剣闘士、攻撃全振り),121803.2,,0,0,1.6
護摩,辰砂4,攻撃%+風バフ+治癒効果,ファルザン(西風、完凸)+フリーナ(フル)+閑雲(鶴鳴の余韻、しめ縄+剣闘士、攻撃全振り),121803.2,,0,0,1.6
護摩,辰砂4,元チャ+風バフ+攻撃%,ファルザン(西風、完凸)+フリーナ(フル)+閑雲(鶴鳴の余韻、しめ縄+剣闘士、攻撃全振り),121803.2,,0,0,1.6
和璞鳶,ファントム4,攻撃%+風バフ+攻撃%,ファルザン(西風、完凸)+閑雲(鶴鳴の余韻、しめ縄+剣闘士、攻撃全振り)+鍾離,121464.6,,0,0,1.6
護摩,辰砂4,攻撃%+風バフ+HP%,ファルザン(西風、完凸)+ベネット(西風、旧貴族)+閑雲(鶴鳴の余韻、しめ縄+剣闘士、攻撃全振り),121409.1,,0,0,1.6
護摩,ファントム4,攻撃%+風バフ+攻撃%,ファルザン(西風、完凸)+閑雲(鶴鳴の余韻、しめ縄+剣闘士、攻撃全振り)+鍾離,121318.3,,0,0,1.6
護摩,ファントム4,攻撃%+攻撃%+防御%,ファルザン(西風、完凸)+フリーナ(フル)+閑雲(鶴鳴の余韻、しめ縄+剣闘士、攻撃全振り),121032.1,,0,0,1.6
護摩,ファントム4,攻撃%+攻撃%+元素熟知,ファルザン(西風、完凸)+フリーナ(フル)+閑雲(鶴鳴の余韻、しめ縄+剣闘士、攻撃全振り),121032.1,,0,0,1.6
護摩,ファントム4,攻撃%+攻撃%+治癒効果,ファルザン(西風、完凸)+フリーナ(フル)+閑雲(鶴鳴の余韻、しめ縄+剣闘士、攻撃全振り),121032.1,,0,0,1.6
護摩,ファントム4,攻撃%+炎バフ+攻撃%,ファルザン(西風、完凸)+フリーナ(フル)+閑雲(鶴鳴の余韻、しめ縄+剣闘士、攻撃全振り),121032.1,,0,0,1.6
護摩,ファントム4,攻撃%+水バフ+攻撃%,ファルザン(西風、完凸)+フリーナ(フル)+閑雲(鶴鳴の余韻、しめ縄+剣闘士、攻撃全振り),121032.1,,0,0,1.6
護摩,ファントム4,攻撃%+雷バフ+攻撃%,ファルザン(西風、完凸)+フリーナ(フル)+閑雲(鶴鳴の余韻、しめ縄+剣闘士、攻撃全振り),121032.1,,0,0,1.6
護摩,ファントム4,攻撃%+氷バフ+攻撃%,ファルザン(西風、完凸)+フリーナ(フル)+閑雲(鶴鳴の余韻、しめ縄+剣闘士、攻撃全振り),121032.1,,0,0,1.6
護摩,ファントム4,攻撃%+岩バフ+攻撃%,ファルザン(西風、完凸)+フリーナ(フル)+閑雲(鶴鳴の余韻、しめ縄+剣闘士、攻撃全振り),121032.1,,0,0,1.6
護摩,ファントム4,攻撃%+草バフ+攻撃%,ファルザン(西風、完凸)+フリーナ(フル)+閑雲(鶴鳴の余韻、しめ縄+剣闘士、攻撃全振り),121032.1,,0,0,1.6
護摩,ファントム4,攻撃%+物理バフ+攻撃%,ファルザン(西風、完凸)+フリーナ(フル)+閑雲(鶴鳴の余韻、しめ縄+剣闘士、攻撃全振り),121032.1,,0,0,1.6
護摩,ファントム4,元チャ+攻撃%+攻撃%,ファルザン(西風、完凸)+フリーナ(フル)+閑雲(鶴鳴の余韻、しめ縄+剣闘士、攻撃全振り),121032.1,,0,0,1.6
和璞鳶,ファントム4,攻撃%+攻撃%+防御%,ファルザン(西風、完凸)+フリーナ(フル)+閑雲(鶴鳴の余韻、しめ縄+剣闘士、攻撃全振り),120824.1,,0,0,1.6
和璞鳶,ファントム4,攻撃%+攻撃%+HP%,ファルザン(西風、完凸)+フリーナ(フル)+閑雲(鶴鳴の余韻、しめ縄+剣闘士、攻撃全振り),120824.1,,0,0,1.6
和璞鳶,ファントム4,攻撃%+攻撃%+元素熟知,ファルザン(西風、完凸)+フリーナ(フル)+閑雲(鶴鳴の余韻、しめ縄+剣闘士、攻撃全振り),120824.1,,0,0,1.6
和璞鳶,ファントム4,攻撃%+攻撃%+治癒効果,ファルザン(西風、完凸)+フリーナ(フル)+閑雲(鶴鳴の余韻、しめ縄+剣闘士、攻撃全振り),120824.1,,0,0,1.6
和璞鳶,ファントム4,攻撃%+炎バフ+攻撃%,ファルザン(西風、完凸)+フリーナ(フル)+閑雲(鶴鳴の余韻、しめ縄+剣闘士、攻撃全振り),120824.1,,0,0,1.6
和璞鳶,ファントム4,攻撃%+水バフ+攻撃%,ファルザン(西風、完凸)+フリーナ(フル)+閑雲(鶴鳴の余韻、しめ縄+剣闘士、攻撃全振り),120824.1,,0,0,1.6
和璞鳶,ファントム4,攻撃%+雷バフ+攻撃%,ファルザン(西風、完凸)+フリーナ(フル)+閑雲(鶴鳴の余韻、しめ縄+剣闘士、攻撃全振り),120824.1,,0,0,1.6
和璞鳶,ファントム4,攻撃%+氷バフ+攻撃%,ファルザン(西風、完凸)+フリーナ(フル)+閑雲(鶴鳴の余韻、しめ縄+剣闘士、攻撃全振り),120824.1,,0,0,1.6
和璞鳶,ファントム4,攻撃%+岩バフ+攻撃%,ファルザン(西風、完凸)+フリーナ(フル)+閑雲(鶴鳴の余韻、しめ縄+剣闘士、攻撃全振り),120824.1,,0,0,1.6
和璞鳶,ファントム4,攻撃%+草バフ+攻撃%,ファルザン(西風、完凸)+フリーナ(フル)+閑雲(鶴鳴の余韻、しめ縄+剣闘士、攻撃全振り),120824.1,,0,0,1.6
和璞鳶,ファントム4,攻撃%+物理バフ+攻撃%,ファルザン(西風、完凸)+フリーナ(フル)+閑雲(鶴鳴の余韻、しめ縄+剣闘士、攻撃全振り),120824.1,,0,0,1.6
和璞鳶,ファントム4,元チャ+攻撃%+攻撃%,ファルザン(西風、完凸)+フリーナ(フル)+閑雲(鶴鳴の余韻、しめ縄+剣闘士、攻撃全振り),120824.1,,0,0,1.6
護摩,ファントム4,攻撃%+風バフ+会心率,ファルザン(西風、完凸)+閑雲(鶴鳴の余韻、しめ縄+剣闘士、攻撃全振り)+鍾離,120600.8,,0,0,1.6
護摩,ファントム4,攻撃%+風バフ+会心ダメージ,ファルザン(西風、完凸)+閑雲(鶴鳴の余韻、しめ縄+剣闘士、攻撃全振り)+鍾離,120600.8,,0,0,1.6
護摩,ファントム4,攻撃%+防御%+会心率,ファルザン(西風、完凸)+フリーナ(フル)+閑雲(鶴鳴の余韻、しめ縄+剣闘士、攻撃全振り),120316.3,,0,0,1.6
護摩,ファントム4,攻撃%+防御%+会心ダメージ,ファルザン(西風、完凸)+フリーナ(フル)+閑雲(鶴鳴の余韻、しめ縄+剣闘士、攻撃全振り),120316.3,,0,0,1.6
護摩,ファントム4,攻撃%+元素熟知+会心率,ファルザン(西風、完凸)+フリーナ(フル)+閑雲(鶴鳴の余韻、しめ縄+剣闘士、攻撃全振り),120316.3,,0,0,1.6
護摩,ファントム4,攻撃%+元素熟知+会心ダメージ,ファルザン(西風、完凸)+フリーナ(フル)+閑雲(鶴鳴の余韻、しめ縄+剣闘士、攻撃全振り),120316.3,,0,0,1.6
護摩,ファントム4,攻撃%+炎バフ+会心率,ファルザン(西風、完凸)+フリーナ(フル)+閑雲(鶴鳴の余韻、しめ縄+剣闘士、攻撃全振り),120316.3,,0,0,1.6
護摩,ファントム4,攻撃%+炎バフ+会心ダメージ,ファルザン(西風、完凸)+フリーナ(フル)+閑雲(鶴鳴の余韻、しめ縄+剣闘士、攻撃全振り),120316.3,,0,0,1.6
護摩,ファントム4,攻撃%+水バフ+会心率,ファルザン(西風、完凸)+フリーナ(フル)+閑雲(鶴鳴の余韻、しめ縄+剣闘士、攻撃全振り),120316.3,,0,0,1.6
護摩,ファントム4,攻撃%+水バフ+会心ダメージ,ファルザン(西風、完凸)+フリーナ(フル)+閑雲(鶴鳴の余韻、しめ縄+剣闘士、攻撃全振り),120316.3,,0,0,1.6
護摩,ファントム4,攻撃%+雷バフ+会心率,ファルザン(西風、完凸)+フリーナ(フル)+閑雲(鶴鳴の余韻、しめ縄+剣闘士、攻撃全振り),120316.3,,0,0,1.6
護摩,ファントム4,攻撃%+雷バフ+会心ダメージ,ファルザン(西風、完凸)+フリーナ(フル)+閑雲(鶴鳴の余韻、しめ縄+剣闘士、攻撃全振り),120316.3,,0,0,1.6
護摩,ファントム4,攻撃%+氷バフ+会心率,ファルザン(西風、完凸)+フリーナ(フル)+閑雲(鶴鳴の余韻、しめ縄+剣闘士、攻撃全振り),120316.3,,0,0,1.6
護摩,ファントム4,攻撃%+氷バフ+会心ダメージ,ファルザン(西風、完凸)+フリーナ(フル)+閑雲(鶴鳴の余韻、しめ縄+剣闘士、攻撃全振り),120316.3,,0,0,1.6
護摩,ファントム4,攻撃%+岩バフ+会心率,ファルザン(西風、完凸)+フリーナ(フル)+閑雲(鶴鳴の余韻、しめ縄+剣闘士、攻撃全振り),120316.3,,0,0,1.6
護摩,ファントム4,攻撃%+岩バフ+会心ダメージ,ファルザン(西風、完凸)+フリーナ(フル)+閑雲(鶴鳴の余韻、しめ縄+剣闘士、攻撃全振り),120316.3,,0,0,1.6
護摩,ファントム4,攻撃%+草バフ+会心率,ファルザン(西風、完凸)+フリーナ(フル)+閑雲(鶴鳴の余韻、しめ縄+剣闘士、攻撃全振り),120316.3,,0,0,1.6
護摩,ファントム4,攻撃%+草バフ+会心ダメージ,ファルザン(西風、完凸)+フリーナ(フル)+閑雲(鶴鳴の余韻、しめ縄+剣闘士、攻撃全振り),120316.3,,0,0,1.6
護摩,ファントム4,攻撃%+物理バフ+会心率,ファルザン(西風、完凸)+フリーナ(フル)+閑雲(鶴鳴の余韻、しめ縄+剣闘士、攻撃全振り),120316.3,,0,0,1.6
護摩,ファントム4,攻撃%+物理バフ+会心ダメージ,ファルザン(西風、完凸)+フリーナ(フル)+閑雲(鶴鳴の余韻、しめ縄+剣闘士、攻撃全振り),120316.3,,0,0,1.6
護摩,ファントム4,元チャ+攻撃%+会心率,ファルザン(西風、完凸)+フリーナ(フル)+閑雲(鶴鳴の余韻、しめ縄+剣闘士、攻撃全振り),120316.3,,0,0,1.6
護摩,ファントム4,元チャ+攻撃%+会心ダメージ,ファルザン(西風、完凸)+フリーナ(フル)+閑雲(鶴鳴の余韻、しめ縄+剣闘士、攻撃全振り),120316.3,,0,0,1.6
和璞鳶,ファントム4,攻撃%+風バフ+会心率,ファルザン(西風、完凸)+閑雲(鶴鳴の余韻、しめ縄+剣闘士、攻撃全振り)+鍾離,120249.3,,0,0,1.6
和璞鳶,ファントム4,攻撃%+風バフ+会心ダメージ,ファルザン(西風、完凸)+閑雲(鶴鳴の余韻、しめ縄+剣闘士、攻撃全振り)+鍾離,120249.3,,0,0,1.6
和璞鳶,ファントム4,防御%+風バフ+会心率,ファルザン(西風、完凸)+フリーナ(フル)+閑雲(鶴鳴の余韻、しめ縄+剣闘士、攻撃全振り),120115,,0,0,1.6
和璞鳶,ファントム4,防御%+風バフ+会心ダメージ,ファルザン(西風、完凸)+フリーナ(フル)+閑雲(鶴鳴の余韻、しめ縄+剣闘士、攻撃全振り),120115,,0,0,1.6
和璞鳶,ファントム4,HP%+風バフ+会心率,ファルザン(西風、完凸)+フリーナ(フル)+閑雲(鶴鳴の余韻、しめ縄+剣闘士、攻撃全振り),120115,,0,0,1.6
和璞鳶,ファントム4,HP%+風バフ+会心ダメージ,ファルザン(西風、完凸)+フリーナ(フル)+閑雲(鶴鳴の余韻、しめ縄+剣闘士、攻撃全振り),120115,,0,0,1.6
和璞鳶,ファントム4,元素熟知+風バフ+会心率,ファルザン(西風、完凸)+フリーナ(フル)+閑雲(鶴鳴の余韻、しめ縄+剣闘士、攻撃全振り),120115,,0,0,1.6
和璞鳶,ファントム4,元素熟知+風バフ+会心ダメージ,ファルザン(西風、完凸)+フリーナ(フル)+閑雲(鶴鳴の余韻、しめ縄+剣闘士、攻撃全振り),120115,,0,0,1.6
和璞鳶,ファントム4,元チャ+風バフ+会心率,ファルザン(西風、完凸)+フリーナ(フル)+閑雲(鶴鳴の余韻、しめ縄+剣闘士、攻撃全振り),120115,,0,0,1.6
和璞鳶,ファントム4,元チャ+風バフ+会心ダメージ,ファルザン(西風、完凸)+フリーナ(フル)+閑雲(鶴鳴の余韻、しめ縄+剣闘士、攻撃全振り),120115,,0,0,1.6
和璞鳶,ファントム4,攻撃%+防御%+会心率,ファルザン(西風、完凸)+フリーナ(フル)+閑雲(鶴鳴の余韻、しめ縄+剣闘士、攻撃全振り),119615.3,,0,0,1.6
和璞鳶,ファントム4,攻撃%+防御%+会心ダメージ,ファルザン(西風、完凸)+フリーナ(フル)+閑雲(鶴鳴の余韻、しめ縄+剣闘士、攻撃全振り),119615.3,,0,0,1.6
和璞鳶,ファントム4,攻撃%+HP%+会心率,ファルザン(西風、完凸)+フリーナ(フル)+閑雲(鶴鳴の余韻、しめ縄+剣闘士、攻撃全振り),119615.3,,0,0,1.6
和璞鳶,ファントム4,攻撃%+HP%+会心ダメージ,ファルザン(西風、完凸)+フリーナ(フル)+閑雲(鶴鳴の余韻、しめ縄+剣闘士、攻撃全振り),119615.3,,0,0,1.6
和璞鳶,ファントム4,攻撃%+元素熟知+会心率,ファルザン(西風、完凸)+フリーナ(フル)+閑雲(鶴鳴の余韻、しめ縄+剣闘士、攻撃全振り),119615.3,,0,0,1.6
和璞鳶,ファントム4,攻撃%+元素熟知+会心ダメージ,ファルザン(西風、完凸)+フリーナ(フル)+閑雲(鶴鳴の余韻、しめ縄+剣闘士、攻撃全振り),119615.3,,0,0,1.6
和璞鳶,ファントム4,攻撃%+炎バフ+会心率,ファルザン(西風、完凸)+フリーナ(フル)+閑雲(鶴鳴の余韻、しめ縄+剣闘士、攻撃全振り),119615.3,,0,0,1.6
和璞鳶,ファントム4,攻撃%+炎バフ+会心ダメージ,ファルザン(西風、完凸)+フリーナ(フル)+閑雲(鶴鳴の余韻、しめ縄+剣闘士、攻撃全振り),119615.3,,0,0,1.6
和璞鳶,ファントム4,攻撃%+水バフ+会心率,ファルザン(西風、完凸)+フリーナ(フル)+閑雲(鶴鳴の余韻、しめ縄+剣闘士、攻撃全振り),119615.3,,0,0,1.6
和璞鳶,ファントム4,攻撃%+水バフ+会心ダメージ,ファルザン(西風、完凸)+フリーナ(フル)+閑雲(鶴鳴の余韻、しめ縄+剣闘士、攻撃全振り),119615.3,,0,0,1.6
和璞鳶,ファントム4,攻撃%+雷バフ+会心率,ファルザン(西風、完凸)+フリーナ(フル)+閑雲(鶴鳴の余韻、しめ縄+剣闘士、攻撃全振り),119615.3,,0,0,1.6
和璞鳶,ファントム4,攻撃%+雷バフ+会心ダメージ,ファルザン(西風、完凸)+フリーナ(フル)+閑雲(鶴鳴の余韻、しめ縄+剣闘士、攻撃全振り),119615.3,,0,0,1.6
和璞鳶,ファントム4,攻撃%+氷バフ+会心率,ファルザン(西風、完凸)+フリーナ(フル)+閑雲(鶴鳴の余韻、しめ縄+剣闘士、攻撃全振り),119615.3,,0,0,1.6
和璞鳶,ファントム4,攻撃%+氷バフ+会心ダメージ,ファルザン(西風、完凸)+フリーナ(フル)+閑雲(鶴鳴の余韻、しめ縄+剣闘士、攻撃全振り),119615.3,,0,0,1.6
和璞鳶,ファントム4,攻撃%+岩バフ+会心率,ファルザン(西風、完凸)+フリーナ(フル)+閑雲(鶴鳴の余韻、しめ縄+剣闘士、攻撃全振り),119615.3,,0,0,1.6
和璞鳶,ファントム4,攻撃%+岩バフ+会心ダメージ,ファルザン(西風、完凸)+フリーナ(フル)+閑雲(鶴鳴の余韻、しめ縄+剣闘士、攻撃全振り),119615.3,,0,0,1.6
和璞鳶,ファントム4,攻撃%+草バフ+会心率,ファルザン(西風、完凸)+フリーナ(フル)+閑雲(鶴鳴の余韻、しめ縄+剣闘士、攻撃全振り),119615.3,,0,0,1.6
和璞鳶,ファントム4,攻撃%+草バフ+会心ダメージ,ファルザン(西風、完凸)+フリーナ(フル)+閑雲(鶴鳴の余韻、しめ縄+剣闘士、攻撃全振り),119615.3,,0,0,1.6
和璞鳶,ファントム4,攻撃%+物理バフ+会心率,ファルザン(西風、完凸)+フリーナ(フル)+閑雲(鶴鳴の余韻、しめ縄+剣闘士、攻撃全振り),119615.3,,0,0,1.6
和璞鳶,ファントム4,攻撃%+物理バフ+会心ダメージ,ファルザン(西風、完凸)+フリーナ(フル)+閑雲(鶴鳴の余韻、しめ縄+剣闘士、攻撃全振り),119615.3,,0,0,1.6
和璞鳶,ファントム4,元チャ+攻撃%+会心率,ファルザン(西風、完凸)+フリーナ(フル)+閑雲(鶴鳴の余韻、しめ縄+剣闘士、攻撃全振り),119615.3,,0,0,1.6
和璞鳶,ファントム4,元チャ+攻撃%+会心ダメージ,ファルザン(西風、完凸)+フリーナ(フル)+閑雲(鶴鳴の余韻、しめ縄+剣闘士、攻撃全振り),119615.3,,0,0,1.6
護摩,辰砂4,攻撃%+HP%+会心率,ファルザン(西風、完凸)+ベネット(西風、旧貴族)+閑雲(鶴鳴の余韻、しめ縄+剣闘士、攻撃全振り),119578.9,,0,0,1.6
護摩,辰砂4,攻撃%+HP%+会心ダメージ,ファルザン(西風、完凸)+ベネット(西風、旧貴族)+閑雲(鶴鳴の余韻、しめ縄+剣闘士、攻撃全振り),119578.9,,0,0,1.6
護摩,ファントム4,HP%+風バフ+HP%,ファルザン(西風、完凸)+ベネット(西風、旧貴族)+閑雲(鶴鳴の余韻、しめ縄+剣闘士、攻撃全振り),119505.4,,0,0,1.6
和璞鳶,長き夜の誓い4,攻撃%+攻撃%+会心率,フリーナ(フル)+閑雲(鶴鳴の余韻、しめ縄+剣闘士、攻撃全振り)+鍾離,119419,,0,0,1.6
和璞鳶,長き夜の誓い4,攻撃%+攻撃%+会心ダメージ,フリーナ(フル)+閑雲(鶴鳴の余韻、しめ縄+剣闘士、攻撃全振り)+鍾離,119419,,0,0,1.6
護摩,辰砂4,攻撃%+攻撃%+HP%,ファルザン(西風、完凸)+フリーナ(フル)+閑雲(鶴鳴の余韻、しめ縄+剣闘士、攻撃全振り),119405.1,,0,0,1.6
護摩,ファントム4,攻撃%+HP%+会心率,ファルザン(西風、完凸)+ベネット(西風、旧貴族)+閑雲(鶴鳴の余韻、しめ縄+剣闘士、攻撃全振り),119345,,0,0,1.6
護摩,ファントム4,攻撃%+HP%+会心ダメージ,ファルザン(西風、完凸)+ベネット(西風、旧貴族)+閑雲(鶴鳴の余韻、しめ縄+剣闘士、攻撃全振り),119345,,0,0,1.6
護摩,辰砂4,攻撃%+風バフ+防御%,ファルザン(西風、完凸)+ベネット(西風、旧貴族)+閑雲(鶴鳴の余韻、しめ縄+剣闘士、攻撃全振り),119293,,0,0,1.6
護摩,辰砂4,攻撃%+風バフ+元素熟知,ファルザン(西風、完凸)+ベネット(西風、旧貴族)+閑雲(鶴鳴の余韻、しめ縄+剣闘士、攻撃全振り),119293,,0,0,1.6
護摩,辰砂4,攻撃%+風バフ+治癒効果,ファルザン(西風、完凸)+ベネット(西風、旧貴族)+閑雲(鶴鳴の余韻、しめ縄+剣闘士、攻撃全振り),119293,,0,0,1.6
護摩,辰砂4,元チャ+風バフ+攻撃%,ファルザン(西風、完凸)+ベネット(西風、旧貴族)+閑雲(鶴鳴の余韻、しめ縄+剣闘士、攻撃全振り),119293,,0,0,1.6
和璞鳶,長き夜の誓い4,攻撃%+風バフ+会心率,フリーナ(フル)+閑雲(鶴鳴の余韻、しめ縄+剣闘士、攻撃全振り)+鍾離,119123.4,,0,0,1.6
和璞鳶,長き夜の誓い4,攻撃%+風バフ+会心ダメージ,フリーナ(フル)+閑雲(鶴鳴の余韻、しめ縄+剣闘士、攻撃全振り)+鍾離,119123.4,,0,0,1.6
和璞鳶,辰砂4,攻撃%+防御%+会心率,ファルザン(西風、完凸)+ベネット(西風、旧貴族)+閑雲(鶴鳴の余韻、しめ縄+剣闘士、攻撃全振り),118823.7,,0,0,1.6
和璞鳶,辰砂4,攻撃%+防御%+会心ダメージ,ファルザン(西風、完凸)+ベネット(西風、旧貴族)+閑雲(鶴鳴の余韻、しめ縄+剣闘士、攻撃全振り),118823.7,,0,0,1.6
和璞鳶,辰砂4,攻撃%+HP%+会心率,ファルザン(西風、完凸)+ベネット(西風、旧貴族)+閑雲(鶴鳴の余韻、しめ縄+剣闘士、攻撃全振り),118823.7,,0,0,1.6
和璞鳶,辰砂4,攻撃%+HP%+会心ダメージ,ファルザン(西風、完凸)+ベネット(西風、旧貴族)+閑雲(鶴鳴の余韻、しめ縄+剣闘士、攻撃全振り),118823.7,,0,0,1.6
和璞鳶,辰砂4,攻撃%+元素熟知+会心率,ファルザン(西風、完凸)+ベネット(西風、旧貴族)+閑雲(鶴鳴の余韻、しめ縄+剣闘士、攻撃全振り),118823.7,,0,0,1.6
和璞鳶,辰砂4,攻撃%+元素熟知+会心ダメージ,ファルザン(西風、完凸)+ベネット(西風、旧貴族)+閑雲(鶴鳴の余韻、しめ縄+剣闘士、攻撃全振り),118823.7,,0,0,1.6
和璞鳶,辰砂4,攻撃%+炎バフ+会心率,ファルザン(西風、完凸)+ベネット(西風、旧貴族)+閑雲(鶴鳴の余韻、しめ縄+剣闘士、攻撃全振り),118823.7,,0,0,1.6
和璞鳶,辰砂4,攻撃%+炎バフ+会心ダメージ,ファルザン(西風、完凸)+ベネット(西風、旧貴族)+閑雲(鶴鳴の余韻、しめ縄+剣闘士、攻撃全振り),118823.7,,0,0,1.6
和璞鳶,辰砂4,攻撃%+水バフ+会心率,ファルザン(西風、完凸)+ベネット(西風、旧貴族)+閑雲(鶴鳴の余韻、しめ縄+剣闘士、攻撃全振り),118823.7,,0,0,1.6
和璞鳶,辰砂4,攻撃%+水バフ+会心ダメージ,ファルザン(西風、完凸)+ベネット(西風、旧貴族)+閑雲(鶴鳴の余韻、しめ縄+剣闘士、攻撃全振り),118823.7,,0,0,1.6
和璞鳶,辰砂4,攻撃%+雷バフ+会心率,ファルザン(西風、完凸)+ベネット(西風、旧貴族)+閑雲(鶴鳴の余韻、しめ縄+剣闘士、攻撃全振り),118823.7,,0,0,1.6
和璞鳶,辰砂4,攻撃%+雷バフ+会心ダメージ,ファルザン(西風、完凸)+ベネット(西風、旧貴族)+閑雲(鶴鳴の余韻、しめ縄+剣闘士、攻撃全振り),118823.7,,0,0,1.6
和璞鳶,辰砂4,攻撃%+氷バフ+会心率,ファルザン(西風、完凸)+ベネット(西風、旧貴族)+閑雲(鶴鳴の余韻、しめ縄+剣闘士、攻撃全振り),118823.7,,0,0,1.6
和璞鳶,辰砂4,攻撃%+氷バフ+会心ダメージ,ファルザン(西風、完凸)+ベネット(西風、旧貴族)+閑雲(鶴鳴の余韻、しめ縄+剣闘士、攻撃全振り),118823.7,,0,0,1.6
和璞鳶,辰砂4,攻撃%+岩バフ+会心率,ファルザン(西風、完凸)+ベネット(西風、旧貴族)+閑雲(鶴鳴の余韻、しめ縄+剣闘士、攻撃全振り),118823.7,,0,0,1.6
和璞鳶,辰砂4,攻撃%+岩バフ+会心ダメージ,ファルザン(西風、完凸)+ベネット(西風、旧貴族)+閑雲(鶴鳴の余韻、しめ縄+剣闘士、攻撃全振り),118823.7,,0,0,1.6
和璞鳶,辰砂4,攻撃%+草バフ+会心率,ファルザン(西風、完凸)+ベネット(西風、旧貴族)+閑雲(鶴鳴の余韻、しめ縄+剣闘士、攻撃全振り),118823.7,,0,0,1.6
和璞鳶,辰砂4,攻撃%+草バフ+会心ダメージ,ファルザン(西風、完凸)+ベネット(西風、旧貴族)+閑雲(鶴鳴の余韻、しめ縄+剣闘士、攻撃全振り),118823.7,,0,0,1.6
和璞鳶,辰砂4,攻撃%+物理バフ+会心率,ファルザン(西風、完凸)+ベネット(西風、旧貴族)+閑雲(鶴鳴の余韻、しめ縄+剣闘士、攻撃全振り),118823.7,,0,0,1.6
和璞鳶,辰砂4,攻撃%+物理バフ+会心ダメージ,ファルザン(西風、完凸)+ベネット(西風、旧貴族)+閑雲(鶴鳴の余韻、しめ縄+剣闘士、攻撃全振り),118823.7,,0,0,1.6
和璞鳶,辰砂4,元チャ+攻撃%+会心率,ファルザン(西風、完凸)+ベネット(西風、旧貴族)+閑雲(鶴鳴の余韻、しめ縄+剣闘士、攻撃全振り),118823.7,,0,0,1.6
和璞鳶,辰砂4,元チャ+攻撃%+会心ダメージ,ファルザン(西風、完凸)+ベネット(西風、旧貴族)+閑雲(鶴鳴の余韻、しめ縄+剣闘士、攻撃全振り),118823.7,,0,0,1.6
護摩,辰砂4,HP%+HP%+会心率,ファルザン(西風、完凸)+フリーナ(フル)+閑雲(鶴鳴の余韻、しめ縄+剣闘士、攻撃全振り),118045.1,,0,0,1.6
護摩,辰砂4,HP%+HP%+会心ダメージ,ファルザン(西風、完凸)+フリーナ(フル)+閑雲(鶴鳴の余韻、しめ縄+剣闘士、攻撃全振り),118045.1,,0,0,1.6
護摩,ファントム4,攻撃%+風バフ+会心率,フリーナ(フル)+ベネット(西風、旧貴族)+閑雲(鶴鳴の余韻、しめ縄+剣闘士、攻撃全振り),117951.4,,0,0,1.6
護摩,ファントム4,攻撃%+風バフ+会心ダメージ,フリーナ(フル)+ベネット(西風、旧貴族)+閑雲(鶴鳴の余韻、しめ縄+剣闘士、攻撃全振り),117951.4,,0,0,1.6
和璞鳶,ファントム4,攻撃%+防御%+会心率,ファルザン(西風、完凸)+ベネット(西風、旧貴族)+閑雲(鶴鳴の余韻、しめ縄+剣闘士、攻撃全振り),117870.5,,0,0,1.6
和璞鳶,ファントム4,攻撃%+防御%+会心ダメージ,ファルザン(西風、完凸)+ベネット(西風、旧貴族)+閑雲(鶴鳴の余韻、しめ縄+剣闘士、攻撃全振り),117870.5,,0,0,1.6
和璞鳶,ファントム4,攻撃%+HP%+会心率,ファルザン(西風、完凸)+ベネット(西風、旧貴族)+閑雲(鶴鳴の余韻、しめ縄+剣闘士、攻撃全振り),117870.5,,0,0,1.6
和璞鳶,ファントム4,攻撃%+HP%+会心ダメージ,ファルザン(西風、完凸)+ベネット(西風、旧貴族)+閑雲(鶴鳴の余韻、しめ縄+剣闘士、攻撃全振り),117870.5,,0,0,1.6
和璞鳶,ファントム4,攻撃%+元素熟知+会心率,ファルザン(西風、完凸)+ベネット(西風、旧貴族)+閑雲(鶴鳴の余韻、しめ縄+剣闘士、攻撃全振り),117870.5,,0,0,1.6
和璞鳶,ファントム4,攻撃%+元素熟知+会心ダメージ,ファルザン(西風、完凸)+ベネット(西風、旧貴族)+閑雲(鶴鳴の余韻、しめ縄+剣闘士、攻撃全振り),117870.5,,0,0,1.6
和璞鳶,ファントム4,攻撃%+炎バフ+会心率,ファルザン(西風、完凸)+ベネット(西風、旧貴族)+閑雲(鶴鳴の余韻、しめ縄+剣闘士、攻撃全振り),117870.5,,0,0,1.6
和璞鳶,ファントム4,攻撃%+炎バフ+会心ダメージ,ファルザン(西風、完凸)+ベネット(西風、旧貴族)+閑雲(鶴鳴の余韻、しめ縄+剣闘士、攻撃全振り),117870.5,,0,0,1.6
和璞鳶,ファントム4,攻撃%+水バフ+会心率,ファルザン(西風、完凸)+ベネット(西風、旧貴族)+閑雲(鶴鳴の余韻、しめ縄+剣闘士、攻撃全振り),117870.5,,0,0,1.6
和璞鳶,ファントム4,攻撃%+水バフ+会心ダメージ,ファルザン(西風、完凸)+ベネット(西風、旧貴族)+閑雲(鶴鳴の余韻、しめ縄+剣闘士、攻撃全振り),117870.5,,0,0,1.6
和璞鳶,ファントム4,攻撃%+雷バフ+会心率,ファルザン(西風、完凸)+ベネット(西風、旧貴族)+閑雲(鶴鳴の余韻、しめ縄+剣闘士、攻撃全振り),117870.5,,0,0,1.6
和璞鳶,ファントム4,攻撃%+雷バフ+会心ダメージ,ファルザン(西風、完凸)+ベネット(西風、旧貴族)+閑雲(鶴鳴の余韻、しめ縄+剣闘士、攻撃全振り),117870.5,,0,0,1.6
和璞鳶,ファントム4,攻撃%+氷バフ+会心率,ファルザン(西風、完凸)+ベネット(西風、旧貴族)+閑雲(鶴鳴の余韻、しめ縄+剣闘士、攻撃全振り),117870.5,,0,0,1.6
和璞鳶,ファントム4,攻撃%+氷バフ+会心ダメージ,ファルザン(西風、完凸)+ベネット(西風、旧貴族)+閑雲(鶴鳴の余韻、しめ縄+剣闘士、攻撃全振り),117870.5,,0,0,1.6
和璞鳶,ファントム4,攻撃%+岩バフ+会心率,ファルザン(西風、完凸)+ベネット(西風、旧貴族)+閑雲(鶴鳴の余韻、しめ縄+剣闘士、攻撃全振り),117870.5,,0,0,1.6
和璞鳶,ファントム4,攻撃%+岩バフ+会心ダメージ,ファルザン(西風、完凸)+ベネット(西風、旧貴族)+閑雲(鶴鳴の余韻、しめ縄+剣闘士、攻撃全振り),117870.5,,0,0,1.6
和璞鳶,ファントム4,攻撃%+草バフ+会心率,ファルザン(西風、完凸)+ベネット(西風、旧貴族)+閑雲(鶴鳴の余韻、しめ縄+剣闘士、攻撃全振り),117870.5,,0,0,1.6
和璞鳶,ファントム4,攻撃%+草バフ+会心ダメージ,ファルザン(西風、完凸)+ベネット(西風、旧貴族)+閑雲(鶴鳴の余韻、しめ縄+剣闘士、攻撃全振り),117870.5,,0,0,1.6
和璞鳶,ファントム4,攻撃%+物理バフ+会心率,ファルザン(西風、完凸)+ベネット(西風、旧貴族)+閑雲(鶴鳴の余韻、しめ縄+剣闘士、攻撃全振り),117870.5,,0,0,1.6
和璞鳶,ファントム4,攻撃%+物理バフ+会心ダメージ,ファルザン(西風、完凸)+ベネット(西風、旧貴族)+閑雲(鶴鳴の余韻、しめ縄+剣闘士、攻撃全振り),117870.5,,0,0,1.6
和璞鳶,ファントム4,元チャ+攻撃%+会心率,ファルザン(西風、完凸)+ベネット(西風、旧貴族)+閑雲(鶴鳴の余韻、しめ縄+剣闘士、攻撃全振り),117870.5,,0,0,1.6
和璞鳶,ファントム4,元チャ+攻撃%+会心ダメージ,ファルザン(西風、完凸)+ベネット(西風、旧貴族)+閑雲(鶴鳴の余韻、しめ縄+剣闘士、攻撃全振り),117870.5,,0,0,1.6
護摩,ファントム4,HP%+風バフ+HP%,ファルザン(西風、完凸)+フリーナ(フル)+閑雲(鶴鳴の余韻、しめ縄+剣闘士、攻撃全振り),117772.2,,0,0,1.6
護摩,ファントム4,攻撃%+攻撃%+HP%,ファルザン(西風、完凸)+ベネット(西風、旧貴族)+閑雲(鶴鳴の余韻、しめ縄+剣闘士、攻撃全振り),117735.6,,0,0,1.6
護摩,辰砂4,攻撃%+風バフ+会心率,フリーナ(フル)+ベネット(西風、旧貴族)+閑雲(鶴鳴の余韻、しめ縄+剣闘士、攻撃全振り),117511.7,,0,0,1.6
護摩,辰砂4,攻撃%+風バフ+会心ダメージ,フリーナ(フル)+ベネット(西風、旧貴族)+閑雲(鶴鳴の余韻、しめ縄+剣闘士、攻撃全振り),117511.7,,0,0,1.6
護摩,辰砂4,攻撃%+防御%+会心率,ファルザン(西風、完凸)+ベネット(西風、旧貴族)+閑雲(鶴鳴の余韻、しめ縄+剣闘士、攻撃全振り),117494.6,,0,0,1.6
護摩,辰砂4,攻撃%+防御%+会心ダメージ,ファルザン(西風、完凸)+ベネット(西風、旧貴族)+閑雲(鶴鳴の余韻、しめ縄+剣闘士、攻撃全振り),117494.6,,0,0,1.6
護摩,辰砂4,攻撃%+元素熟知+会心率,ファルザン(西風、完凸)+ベネット(西風、旧貴族)+閑雲(鶴鳴の余韻、しめ縄+剣闘士、攻撃全振り),117494.6,,0,0,1.6
護摩,辰砂4,攻撃%+元素熟知+会心ダメージ,ファルザン(西風、完凸)+ベネット(西風、旧貴族)+閑雲(鶴鳴の余韻、しめ縄+剣闘士、攻撃全振り),117494.6,,0,0,1.6
護摩,辰砂4,攻撃%+炎バフ+会心率,ファルザン(西風、完凸)+ベネット(西風、旧貴族)+閑雲(鶴鳴の余韻、しめ縄+剣闘士、攻撃全振り),117494.6,,0,0,1.6
護摩,辰砂4,攻撃%+炎バフ+会心ダメージ,ファルザン(西風、完凸)+ベネット(西風、旧貴族)+閑雲(鶴鳴の余韻、しめ縄+剣闘士、攻撃全振り),117494.6,,0,0,1.6
護摩,辰砂4,攻撃%+水バフ+会心率,ファルザン(西風、完凸)+ベネット(西風、旧貴族)+閑雲(鶴鳴の余韻、しめ縄+剣闘士、攻撃全振り),117494.6,,0,0,1.6
護摩,辰砂4,攻撃%+水バフ+会心ダメージ,ファルザン(西風、完凸)+ベネット(西風、旧貴族)+閑雲(鶴鳴の余韻、しめ縄+剣闘士、攻撃全振り),117494.6,,0,0,1.6
護摩,辰砂4,攻撃%+雷バフ+会心率,ファルザン(西風、完凸)+ベネット(西風、旧貴族)+閑雲(鶴鳴の余韻、しめ縄+剣闘士、攻撃全振り),117494.6,,0,0,1.6
護摩,辰砂4,攻撃%+雷バフ+会心ダメージ,ファルザン(西風、完凸)+ベネット(西風、旧貴族)+閑雲(鶴鳴の余韻、しめ縄+剣闘士、攻撃全振り),117494.6,,0,0,1.6
護摩,辰砂4,攻撃%+氷バフ+会心率,ファルザン(西風、完凸)+ベネット(西風、旧貴族)+閑雲(鶴鳴の余韻、しめ縄+剣闘士、攻撃全振り),117494.6,,0,0,1.6
護摩,辰砂4,攻撃%+氷バフ+会心ダメージ,ファルザン(西風、完凸)+ベネット(西風、旧貴族)+閑雲(鶴鳴の余韻、しめ縄+剣闘士、攻撃全振り),117494.6,,0,0,1.6
護摩,辰砂4,攻撃%+岩バフ+会心率,ファルザン(西風、完凸)+ベネット(西風、旧貴族)+閑雲(鶴鳴の余韻、しめ縄+剣闘士、攻撃全振り),117494.6,,0,0,1.6
護摩,辰砂4,攻撃%+岩バフ+会心ダメージ,ファルザン(西風、完凸)+ベネット(西風、旧貴族)+閑雲(鶴鳴の余韻、しめ縄+剣闘士、攻撃全振り),117494.6,,0,0,1.6
護摩,辰砂4,攻撃%+草バフ+会心率,ファルザン(西風、完凸)+ベネット(西風、旧貴族)+閑雲(鶴鳴の余韻、しめ縄+剣闘士、攻撃全振り),117494.6,,0,0,1.6
護摩,辰砂4,攻撃%+草バフ+会心ダメージ,ファルザン(西風、完凸)+ベネット(西風、旧貴族)+閑雲(鶴鳴の余韻、しめ縄+剣闘士、攻撃全振り),117494.6,,0,0,1.6
護摩,辰砂4,攻撃%+物理バフ+会心率,ファルザン(西風、完凸)+ベネット(西風、旧貴族)+閑雲(鶴鳴の余韻、しめ縄+剣闘士、攻撃全振り),117494.6,,0,0,1.6
護摩,辰砂4,攻撃%+物理バフ+会心ダメージ,ファルザン(西風、完凸)+ベネット(西風、旧貴族)+閑雲(鶴鳴の余韻、しめ縄+剣闘士、攻撃全振り),117494.6,,0,0,1.6
護摩,辰砂4,元チャ+攻撃%+会心率,ファルザン(西風、完凸)+ベネット(西風、旧貴族)+閑雲(鶴鳴の余韻、しめ縄+剣闘士、攻撃全振り),117494.6,,0,0,1.6
護摩,辰砂4,元チャ+攻撃%+会心ダメージ,ファルザン(西風、完凸)+ベネット(西風、旧貴族)+閑雲(鶴鳴の余韻、しめ縄+剣闘士、攻撃全振り),117494.6,,0,0,1.6
護摩,辰砂4,攻撃%+風バフ+攻撃%,ファルザン(西風、完凸)+閑雲(鶴鳴の余韻、しめ縄+剣闘士、攻撃全振り)+鍾離,117378.9,,0,0,1.6
和璞鳶,ファントム4,攻撃%+風バフ+会心ダメージ,フリーナ(フル)+ベネット(西風、旧貴族)+閑雲(鶴鳴の余韻、しめ縄+剣闘士、攻撃全振り),117375.4,,0,0,1.6
和璞鳶,辰砂4,攻撃%+攻撃%+会心率,ファルザン(西風、完凸)+閑雲(鶴鳴の余韻、しめ縄+剣闘士、攻撃全振り)+鍾離,117339,,0,0,1.6
和璞鳶,辰砂4,攻撃%+攻撃%+会心ダメージ,ファルザン(西風、完凸)+閑雲(鶴鳴の余韻、しめ縄+剣闘士、攻撃全振り)+鍾離,117339,,0,0,1.6
護摩,辰砂4,攻撃%+攻撃%+攻撃%,ファルザン(西風、完凸)+ベネット(西風、旧貴族)+閑雲(鶴鳴の余韻、しめ縄+剣闘士、攻撃全振り),117108.8,,0,0,1.6
護摩,辰砂4,攻撃%+攻撃%+防御%,ファルザン(西風、完凸)+フリーナ(フル)+閑雲(鶴鳴の余韻、しめ縄+剣闘士、攻撃全振り),117102,,0,0,1.6
護摩,辰砂4,攻撃%+攻撃%+元素熟知,ファルザン(西風、完凸)+フリーナ(フル)+閑雲(鶴鳴の余韻、しめ縄+剣闘士、攻撃全振り),117102,,0,0,1.6
護摩,辰砂4,攻撃%+攻撃%+治癒効果,ファルザン(西風、完凸)+フリーナ(フル)+閑雲(鶴鳴の余韻、しめ縄+剣闘士、攻撃全振り),117102,,0,0,1.6
護摩,辰砂4,攻撃%+炎バフ+攻撃%,ファルザン(西風、完凸)+フリーナ(フル)+閑雲(鶴鳴の余韻、しめ縄+剣闘士、攻撃全振り),117102,,0,0,1.6
護摩,辰砂4,攻撃%+水バフ+攻撃%,ファルザン(西風、完凸)+フリーナ(フル)+閑雲(鶴鳴の余韻、しめ縄+剣闘士、攻撃全振り),117102,,0,0,1.6
護摩,辰砂4,攻撃%+雷バフ+攻撃%,ファルザン(西風、完凸)+フリーナ(フル)+閑雲(鶴鳴の余韻、しめ縄+剣闘士、攻撃全振り),117102,,0,0,1.6
護摩,辰砂4,攻撃%+氷バフ+攻撃%,ファルザン(西風、完凸)+フリーナ(フル)+閑雲(鶴鳴の余韻、しめ縄+剣闘士、攻撃全振り),117102,,0,0,1.6
護摩,辰砂4,攻撃%+岩バフ+攻撃%,ファルザン(西風、完凸)+フリーナ(フル)+閑雲(鶴鳴の余韻、しめ縄+剣闘士、攻撃全振り),117102,,0,0,1.6
護摩,辰砂4,攻撃%+草バフ+攻撃%,ファルザン(西風、完凸)+フリーナ(フル)+閑雲(鶴鳴の余韻、しめ縄+剣闘士、攻撃全振り),117102,,0,0,1.6
護摩,辰砂4,攻撃%+物理バフ+攻撃%,ファルザン(西風、完凸)+フリーナ(フル)+閑雲(鶴鳴の余韻、しめ縄+剣闘士、攻撃全振り),117102,,0,0,1.6
護摩,辰砂4,元チャ+攻撃%+攻撃%,ファルザン(西風、完凸)+フリーナ(フル)+閑雲(鶴鳴の余韻、しめ縄+剣闘士、攻撃全振り),117102,,0,0,1.6
護摩,ファントム4,防御%+風バフ+HP%,ファルザン(西風、完凸)+ベネット(西風、旧貴族)+閑雲(鶴鳴の余韻、しめ縄+剣闘士、攻撃全振り),117030.4,,0,0,1.6
護摩,ファントム4,HP%+風バフ+元素熟知,ファルザン(西風、完凸)+ベネット(西風、旧貴族)+閑雲(鶴鳴の余韻、しめ縄+剣闘士、攻撃全振り),117030.4,,0,0,1.6
護摩,ファントム4,HP%+風バフ+治癒効果,ファルザン(西風、完凸)+ベネット(西風、旧貴族)+閑雲(鶴鳴の余韻、しめ縄+剣闘士、攻撃全振り),117030.4,,0,0,1.6
護摩,ファントム4,元チャ+風バフ+HP%,ファルザン(西風、完凸)+ベネット(西風、旧貴族)+閑雲(鶴鳴の余韻、しめ縄+剣闘士、攻撃全振り),117030.4,,0,0,1.6
護摩,ファントム4,攻撃%+防御%+会心率,ファルザン(西風、完凸)+ベネット(西風、旧貴族)+閑雲(鶴鳴の余韻、しめ縄+剣闘士、攻撃全振り),117025.9,,0,0,1.6
護摩,ファントム4,攻撃%+防御%+会心ダメージ,ファルザン(西風、完凸)+ベネット(西風、旧貴族)+閑雲(鶴鳴の余韻、しめ縄+剣闘士、攻撃全振り),117025.9,,0,0,1.6
護摩,ファントム4,攻撃%+元素熟知+会心率,ファルザン(西風、完凸)+ベネット(西風、旧貴族)+閑雲(鶴鳴の余韻、しめ縄+剣闘士、攻撃全振り),117025.9,,0,0,1.6
護摩,ファントム4,攻撃%+元素熟知+会心ダメージ,ファルザン(西風、完凸)+ベネット(西風、旧貴族)+閑雲(鶴鳴の余韻、しめ縄+剣闘士、攻撃全振り),117025.9,,0,0,1.6
護摩,ファントム4,攻撃%+炎バフ+会心率,ファルザン(西風、完凸)+ベネット(西風、旧貴族)+閑雲(鶴鳴の余韻、しめ縄+剣闘士、攻撃全振り),117025.9,,0,0,1.6
護摩,ファントム4,攻撃%+炎バフ+会心ダメージ,ファルザン(西風、完凸)+ベネット(西風、旧貴族)+閑雲(鶴鳴の余韻、しめ縄+剣闘士、攻撃全振り),117025.9,,0,0,1.6
護摩,ファントム4,攻撃%+水バフ+会心率,ファルザン(西風、完凸)+ベネット(西風、旧貴族)+閑雲(鶴鳴の余韻、しめ縄+剣闘士、攻撃全振り),117025.9,,0,0,1.6
護摩,ファントム4,攻撃%+水バフ+会心ダメージ,ファルザン(西風、完凸)+ベネット(西風、旧貴族)+閑雲(鶴鳴の余韻、しめ縄+剣闘士、攻撃全振り),117025.9,,0,0,1.6
護摩,ファントム4,攻撃%+雷バフ+会心率,ファルザン(西風、完凸)+ベネット(西風、旧貴族)+閑雲(鶴鳴の余韻、しめ縄+剣闘士、攻撃全振り),117025.9,,0,0,1.6
護摩,ファントム4,攻撃%+雷バフ+会心ダメージ,ファルザン(西風、完凸)+ベネット(西風、旧貴族)+閑雲(鶴鳴の余韻、しめ縄+剣闘士、攻撃全振り),117025.9,,0,0,1.6
護摩,ファントム4,攻撃%+氷バフ+会心率,ファルザン(西風、完凸)+ベネット(西風、旧貴族)+閑雲(鶴鳴の余韻、しめ縄+剣闘士、攻撃全振り),117025.9,,0,0,1.6
護摩,ファントム4,攻撃%+氷バフ+会心ダメージ,ファルザン(西風、完凸)+ベネット(西風、旧貴族)+閑雲(鶴鳴の余韻、しめ縄+剣闘士、攻撃全振り),117025.9,,0,0,1.6
護摩,ファントム4,攻撃%+岩バフ+会心率,ファルザン(西風、完凸)+ベネット(西風、旧貴族)+閑雲(鶴鳴の余韻、しめ縄+剣闘士、攻撃全振り),117025.9,,0,0,1.6
護摩,ファントム4,攻撃%+岩バフ+会心ダメージ,ファルザン(西風、完凸)+ベネット(西風、旧貴族)+閑雲(鶴鳴の余韻、しめ縄+剣闘士、攻撃全振り),117025.9,,0,0,1.6
護摩,ファントム4,攻撃%+草バフ+会心率,ファルザン(西風、完凸)+ベネット(西風、旧貴族)+閑雲(鶴鳴の余韻、しめ縄+剣闘士、攻撃全振り),117025.9,,0,0,1.6
護摩,ファントム4,攻撃%+草バフ+会心ダメージ,ファルザン(西風、完凸)+ベネット(西風、旧貴族)+閑雲(鶴鳴の余韻、しめ縄+剣闘士、攻撃全振り),117025.9,,0,0,1.6
護摩,ファントム4,攻撃%+物理バフ+会心率,ファルザン(西風、完凸)+ベネット(西風、旧貴族)+閑雲(鶴鳴の余韻、しめ縄+剣闘士、攻撃全振り),117025.9,,0,0,1.6
護摩,ファントム4,攻撃%+物理バフ+会心ダメージ,ファルザン(西風、完凸)+ベネット(西風、旧貴族)+閑雲(鶴鳴の余韻、しめ縄+剣闘士、攻撃全振り),117025.9,,0,0,1.6
護摩,ファントム4,元チャ+攻撃%+会心率,ファルザン(西風、完凸)+ベネット(西風、旧貴族)+閑雲(鶴鳴の余韻、しめ縄+剣闘士、攻撃全振り),117025.9,,0,0,1.6
護摩,ファントム4,元チャ+攻撃%+会心ダメージ,ファルザン(西風、完凸)+ベネット(西風、旧貴族)+閑雲(鶴鳴の余韻、しめ縄+剣闘士、攻撃全振り),117025.9,,0,0,1.6
和璞鳶,ファントム4,攻撃%+攻撃%+防御%,ファルザン(西風、完凸)+ベネット(西風、旧貴族)+閑雲(鶴鳴の余韻、しめ縄+剣闘士、攻撃全振り),116747.9,,0,0,1.6
和璞鳶,ファントム4,攻撃%+攻撃%+HP%,ファルザン(西風、完凸)+ベネット(西風、旧貴族)+閑雲(鶴鳴の余韻、しめ縄+剣闘士、攻撃全振り),116747.9,,0,0,1.6
和璞鳶,ファントム4,攻撃%+攻撃%+元素熟知,ファルザン(西風、完凸)+ベネット(西風、旧貴族)+閑雲(鶴鳴の余韻、しめ縄+剣闘士、攻撃全振り),116747.9,,0,0,1.6
和璞鳶,ファントム4,攻撃%+攻撃%+治癒効果,ファルザン(西風、完凸)+ベネット(西風、旧貴族)+閑雲(鶴鳴の余韻、しめ縄+剣闘士、攻撃全振り),116747.9,,0,0,1.6
和璞鳶,ファントム4,攻撃%+炎バフ+攻撃%,ファルザン(西風、完凸)+ベネット(西風、旧貴族)+閑雲(鶴鳴の余韻、しめ縄+剣闘士、攻撃全振り),116747.9,,0,0,1.6
和璞鳶,ファントム4,攻撃%+水バフ+攻撃%,ファルザン(西風、完凸)+ベネット(西風、旧貴族)+閑雲(鶴鳴の余韻、しめ縄+剣闘士、攻撃全振り),116747.9,,0,0,1.6
和璞鳶,ファントム4,攻撃%+雷バフ+攻撃%,ファルザン(西風、完凸)+ベネット(西風、旧貴族)+閑雲(鶴鳴の余韻、しめ縄+剣闘士、攻撃全振り),116747.9,,0,0,1.6
和璞鳶,ファントム4,攻撃%+氷バフ+攻撃%,ファルザン(西風、完凸)+ベネット(西風、旧貴族)+閑雲(鶴鳴の余韻、しめ縄+剣闘士、攻撃全振り),116747.9,,0,0,1.6
和璞鳶,ファントム4,攻撃%+岩バフ+攻撃%,ファルザン(西風、完凸)+ベネット(西風、旧貴族)+閑雲(鶴鳴の余韻、しめ縄+剣闘士、攻撃全振り),116747.9,,0,0,1.6
和璞鳶,ファントム4,攻撃%+草バフ+攻撃%,ファルザン(西風、完凸)+ベネット(西風、旧貴族)+閑雲(鶴鳴の余韻、しめ縄+剣闘士、攻撃全振り),116747.9,,0,0,1.6
和璞鳶,ファントム4,攻撃%+物理バフ+攻撃%,ファルザン(西風、完凸)+ベネット(西風、旧貴族)+閑雲(鶴鳴の余韻、しめ縄+剣闘士、攻撃全振り),116747.9,,0,0,1.6
和璞鳶,ファントム4,元チャ+攻撃%+攻撃%,ファルザン(西風、完凸)+ベネット(西風、旧貴族)+閑雲(鶴鳴の余韻、しめ縄+剣闘士、攻撃全振り),116747.9,,0,0,1.6
和璞鳶,辰砂4,攻撃%+風バフ+防御%,ファルザン(西風、完凸)+フリーナ(フル)+閑雲(鶴鳴の余韻、しめ縄+剣闘士、攻撃全振り),116583.8,,0,0,1.6
和璞鳶,辰砂4,攻撃%+風バフ+HP%,ファルザン(西風、完凸)+フリーナ(フル)+閑雲(鶴鳴の余韻、しめ縄+剣闘士、攻撃全振り),116583.8,,0,0,1.6
和璞鳶,辰砂4,攻撃%+風バフ+元素熟知,ファルザン(西風、完凸)+フリーナ(フル)+閑雲(鶴鳴の余韻、しめ縄+剣闘士、攻撃全振り),116583.8,,0,0,1.6
和璞鳶,辰砂4,攻撃%+風バフ+治癒効果,ファルザン(西風、完凸)+フリーナ(フル)+閑雲(鶴鳴の余韻、しめ縄+剣闘士、攻撃全振り),116583.8,,0,0,1.6
和璞鳶,辰砂4,元チャ+風バフ+攻撃%,ファルザン(西風、完凸)+フリーナ(フル)+閑雲(鶴鳴の余韻、しめ縄+剣闘士、攻撃全振り),116583.8,,0,0,1.6
護摩,長き夜の誓い4,攻撃%+HP%+会心率,フリーナ(フル)+閑雲(鶴鳴の余韻、しめ縄+剣闘士、攻撃全振り)+鍾離,116173.8,,0,0,1.6
護摩,長き夜の誓い4,攻撃%+HP%+会心ダメージ,フリーナ(フル)+閑雲(鶴鳴の余韻、しめ縄+剣闘士、攻撃全振り)+鍾離,116173.8,,0,0,1.6
護摩,長き夜の誓い4,HP%+風バフ+会心率,フリーナ(フル)+閑雲(鶴鳴の余韻、しめ縄+剣闘士、攻撃全振り)+鍾離,116130.8,,0,0,1.6
護摩,長き夜の誓い4,HP%+風バフ+会心ダメージ,フリーナ(フル)+閑雲(鶴鳴の余韻、しめ縄+剣闘士、攻撃全振り)+鍾離,116130.8,,0,0,1.6
護摩,辰砂4,HP%+風バフ+HP%,ファルザン(西風、完凸)+フリーナ(フル)+閑雲(鶴鳴の余韻、しめ縄+剣闘士、攻撃全振り),116128.2,,0,0,1.6
護摩,ファントム4,攻撃%+風バフ+攻撃%,フリーナ(フル)+ベネット(西風、旧貴族)+閑雲(鶴鳴の余韻、しめ縄+剣闘士、攻撃全振り),115952.8,,0,0,1.6
草薙の稲光,ファントム4,攻撃%+風バフ+会心率,ファルザン(西風、完凸)+ベネット(西風、旧貴族)+閑雲(鶴鳴の余韻、しめ縄+剣闘士、攻撃全振り),115807.5,,0,0,1.6
草薙の稲光,ファントム4,攻撃%+風バフ+会心ダメージ,ファルザン(西風、完凸)+ベネット(西風、旧貴族)+閑雲(鶴鳴の余韻、しめ縄+剣闘士、攻撃全振り),115807.5,,0,0,1.6
護摩,辰砂4,HP%+風バフ+会心率,ファルザン(西風、完凸)+閑雲(鶴鳴の余韻、しめ縄+剣闘士、攻撃全振り)+鍾離,115665,,0,0,1.6
護摩,辰砂4,HP%+風バフ+会心ダメージ,ファルザン(西風、完凸)+閑雲(鶴鳴の余韻、しめ縄+剣闘士、攻撃全振り)+鍾離,115665,,0,0,1.6
護摩,ファントム4,攻撃%+攻撃%+防御%,ファルザン(西風、完凸)+ベネット(西風、旧貴族)+閑雲(鶴鳴の余韻、しめ縄+剣闘士、攻撃全振り),115619.4,,0,0,1.6
護摩,ファントム4,攻撃%+攻撃%+元素熟知,ファルザン(西風、完凸)+ベネット(西風、旧貴族)+閑雲(鶴鳴の余韻、しめ縄+剣闘士、攻撃全振り),115619.4,,0,0,1.6
護摩,ファントム4,攻撃%+攻撃%+治癒効果,ファルザン(西風、完凸)+ベネット(西風、旧貴族)+閑雲(鶴鳴の余韻、しめ縄+剣闘士、攻撃全振り),115619.4,,0,0,1.6
護摩,ファントム4,攻撃%+炎バフ+攻撃%,ファルザン(西風、完凸)+ベネット(西風、旧貴族)+閑雲(鶴鳴の余韻、しめ縄+剣闘士、攻撃全振り),115619.4,,0,0,1.6
護摩,ファントム4,攻撃%+水バフ+攻撃%,ファルザン(西風、完凸)+ベネット(西風、旧貴族)+閑雲(鶴鳴の余韻、しめ縄+剣闘士、攻撃全振り),115619.4,,0,0,1.6
護摩,ファントム4,攻撃%+雷バフ+攻撃%,ファルザン(西風、完凸)+ベネット(西風、旧貴族)+閑雲(鶴鳴の余韻、しめ縄+剣闘士、攻撃全振り),115619.4,,0,0,1.6
護摩,ファントム4,攻撃%+氷バフ+攻撃%,ファルザン(西風、完凸)+ベネット(西風、旧貴族)+閑雲(鶴鳴の余韻、しめ縄+剣闘士、攻撃全振り),115619.4,,0,0,1.6
護摩,ファントム4,攻撃%+岩バフ+攻撃%,ファルザン(西風、完凸)+ベネット(西風、旧貴族)+閑雲(鶴鳴の余韻、しめ縄+剣闘士、攻撃全振り),115619.4,,0,0,1.6
護摩,ファントム4,攻撃%+草バフ+攻撃%,ファルザン(西風、完凸)+ベネット(西風、旧貴族)+閑雲(鶴鳴の余韻、しめ縄+剣闘士、攻撃全振り),115619.4,,0,0,1.6
護摩,ファントム4,攻撃%+物理バフ+攻撃%,ファルザン(西風、完凸)+ベネット(西風、旧貴族)+閑雲(鶴鳴の余韻、しめ縄+剣闘士、攻撃全振り),115619.4,,0,0,1.6
護摩,ファントム4,元チャ+攻撃%+攻撃%,ファルザン(西風、完凸)+ベネット(西風、旧貴族)+閑雲(鶴鳴の余韻、しめ縄+剣闘士、攻撃全振り),115619.4,,0,0,1.6
護摩,辰砂4,攻撃%+攻撃%+会心率,ファルザン(西風、完凸)+閑雲(鶴鳴の余韻、しめ縄+剣闘士、攻撃全振り)+鍾離,115609.4,,0,0,1.6
護摩,辰砂4,攻撃%+攻撃%+会心ダメージ,ファルザン(西風、完凸)+閑雲(鶴鳴の余韻、しめ縄+剣闘士、攻撃全振り)+鍾離,115609.4,,0,0,1.6
護摩,辰砂4,防御%+HP%+会心率,ファルザン(西風、完凸)+フリーナ(フル)+閑雲(鶴鳴の余韻、しめ縄+剣闘士、攻撃全振り),115392.2,,0,0,1.6
護摩,辰砂4,防御%+HP%+会心ダメージ,ファルザン(西風、完凸)+フリーナ(フル)+閑雲(鶴鳴の余韻、しめ縄+剣闘士、攻撃全振り),115392.2,,0,0,1.6
護摩,辰砂4,HP%+元素熟知+会心率,ファルザン(西風、完凸)+フリーナ(フル)+閑雲(鶴鳴の余韻、しめ縄+剣闘士、攻撃全振り),115392.2,,0,0,1.6
護摩,辰砂4,HP%+元素熟知+会心ダメージ,ファルザン(西風、完凸)+フリーナ(フル)+閑雲(鶴鳴の余韻、しめ縄+剣闘士、攻撃全振り),115392.2,,0,0,1.6
護摩,辰砂4,HP%+炎バフ+会心率,ファルザン(西風、完凸)+フリーナ(フル)+閑雲(鶴鳴の余韻、しめ縄+剣闘士、攻撃全振り),115392.2,,0,0,1.6
護摩,辰砂4,HP%+炎バフ+会心ダメージ,ファルザン(西風、完凸)+フリーナ(フル)+閑雲(鶴鳴の余韻、しめ縄+剣闘士、攻撃全振り),115392.2,,0,0,1.6
護摩,辰砂4,HP%+水バフ+会心率,ファルザン(西風、完凸)+フリーナ(フル)+閑雲(鶴鳴の余韻、しめ縄+剣闘士、攻撃全振り),115392.2,,0,0,1.6
護摩,辰砂4,HP%+水バフ+会心ダメージ,ファルザン(西風、完凸)+フリーナ(フル)+閑雲(鶴鳴の余韻、しめ縄+剣闘士、攻撃全振り),115392.2,,0,0,1.6
護摩,辰砂4,HP%+雷バフ+会心率,ファルザン(西風、完凸)+フリーナ(フル)+閑雲(鶴鳴の余韻、しめ縄+剣闘士、攻撃全振り),115392.2,,0,0,1.6
護摩,辰砂4,HP%+雷バフ+会心ダメージ,ファルザン(西風、完凸)+フリーナ(フル)+閑雲(鶴鳴の余韻、しめ縄+剣闘士、攻撃全振り),115392.2,,0,0,1.6
護摩,辰砂4,HP%+氷バフ+会心率,ファルザン(西風、完凸)+フリーナ(フル)+閑雲(鶴鳴の余韻、しめ縄+剣闘士、攻撃全振り),115392.2,,0,0,1.6
護摩,辰砂4,HP%+氷バフ+会心ダメージ,ファルザン(西風、完凸)+フリーナ(フル)+閑雲(鶴鳴の余韻、しめ縄+剣闘士、攻撃全振り),115392.2,,0,0,1.6
護摩,辰砂4,HP%+岩バフ+会心率,ファルザン(西風、完凸)+フリーナ(フル)+閑雲(鶴鳴の余韻、しめ縄+剣闘士、攻撃全振り),115392.2,,0,0,1.6
護摩,辰砂4,HP%+岩バフ+会心ダメージ,ファルザン(西風、完凸)+フリーナ(フル)+閑雲(鶴鳴の余韻、しめ縄+剣闘士、攻撃全振り),115392.2,,0,0,1.6
護摩,辰砂4,HP%+草バフ+会心率,ファルザン(西風、完凸)+フリーナ(フル)+閑雲(鶴鳴の余韻、しめ縄+剣闘士、攻撃全振り),115392.2,,0,0,1.6
護摩,辰砂4,HP%+草バフ+会心ダメージ,ファルザン(西風、完凸)+フリーナ(フル)+閑雲(鶴鳴の余韻、しめ縄+剣闘士、攻撃全振り),115392.2,,0,0,1.6
護摩,辰砂4,HP%+物理バフ+会心率,ファルザン(西風、完凸)+フリーナ(フル)+閑雲(鶴鳴の余韻、しめ縄+剣闘士、攻撃全振り),115392.2,,0,0,1.6
護摩,辰砂4,HP%+物理バフ+会心ダメージ,ファルザン(西風、完凸)+フリーナ(フル)+閑雲(鶴鳴の余韻、しめ縄+剣闘士、攻撃全振り),115392.2,,0,0,1.6
護摩,辰砂4,元チャ+HP%+会心率,ファルザン(西風、完凸)+フリーナ(フル)+閑雲(鶴鳴の余韻、しめ縄+剣闘士、攻撃全振り),115392.2,,0,0,1.6
護摩,辰砂4,元チャ+HP%+会心ダメージ,ファルザン(西風、完凸)+フリーナ(フル)+閑雲(鶴鳴の余韻、しめ縄+剣闘士、攻撃全振り),115392.2,,0,0,1.6
和璞鳶,辰砂4,攻撃%+風バフ+防御%,ファルザン(西風、完凸)+ベネット(西風、旧貴族)+閑雲(鶴鳴の余韻、しめ縄+剣闘士、攻撃全振り),115182.2,,0,0,1.6
和璞鳶,辰砂4,攻撃%+風バフ+HP%,ファルザン(西風、完凸)+ベネット(西風、旧貴族)+閑雲(鶴鳴の余韻、しめ縄+剣闘士、攻撃全振り),115182.2,,0,0,1.6
和璞鳶,辰砂4,攻撃%+風バフ+元素熟知,ファルザン(西風、完凸)+ベネット(西風、旧貴族)+閑雲(鶴鳴の余韻、しめ縄+剣闘士、攻撃全振り),115182.2,,0,0,1.6
和璞鳶,辰砂4,攻撃%+風バフ+治癒効果,ファルザン(西風、完凸)+ベネット(西風、旧貴族)+閑雲(鶴鳴の余韻、しめ縄+剣闘士、攻撃全振り),115182.2,,0,0,1.6
和璞鳶,辰砂4,元チャ+風バフ+攻撃%,ファルザン(西風、完凸)+ベネット(西風、旧貴族)+閑雲(鶴鳴の余韻、しめ縄+剣闘士、攻撃全振り),115182.2,,0,0,1.6
護摩,ファントム4,攻撃%+HP%+HP%,ファルザン(西風、完凸)+フリーナ(フル)+閑雲(鶴鳴の余韻、しめ縄+剣闘士、攻撃全振り),115174.9,,0,0,1.6
和璞鳶,ファントム4,攻撃%+攻撃%+攻撃%,ファルザン(西風、完凸)+閑雲(鶴鳴の余韻、しめ縄+剣闘士、攻撃全振り)+鍾離,114879.2,,0,0,1.6
和璞鳶,ファントム4,攻撃%+攻撃%+会心率,ファルザン(西風、完凸)+閑雲(鶴鳴の余韻、しめ縄+剣闘士、攻撃全振り)+鍾離,114864.8,,0,0,1.6
和璞鳶,ファントム4,攻撃%+攻撃%+会心ダメージ,ファルザン(西風、完凸)+閑雲(鶴鳴の余韻、しめ縄+剣闘士、攻撃全振り)+鍾離,114864.8,,0,0,1.6
護摩,ファントム4,防御%+風バフ+HP%,ファルザン(西風、完凸)+フリーナ(フル)+閑雲(鶴鳴の余韻、しめ縄+剣闘士、攻撃全振り),114719.9,,0,0,1.6
護摩,ファントム4,HP%+風バフ+元素熟知,ファルザン(西風、完凸)+フリーナ(フル)+閑雲(鶴鳴の余韻、しめ縄+剣闘士、攻撃全振り),114719.9,,0,0,1.6
護摩,ファントム4,HP%+風バフ+治癒効果,ファルザン(西風、完凸)+フリーナ(フル)+閑雲(鶴鳴の余韻、しめ縄+剣闘士、攻撃全振り),114719.9,,0,0,1.6
護摩,ファントム4,元チャ+風バフ+HP%,ファルザン(西風、完凸)+フリーナ(フル)+閑雲(鶴鳴の余韻、しめ縄+剣闘士、攻撃全振り),114719.9,,0,0,1.6
和璞鳶,辰砂4,攻撃%+攻撃%+攻撃%,ファルザン(西風、完凸)+ベネット(西風、旧貴族)+閑雲(鶴鳴の余韻、しめ縄+剣闘士、攻撃全振り),114719.1,,0,0,1.6
護摩,辰砂4,HP%+風バフ+HP%,ファルザン(西風、完凸)+ベネット(西風、旧貴族)+閑雲(鶴鳴の余韻、しめ縄+剣闘士、攻撃全振り),114691.4,,0,0,1.6
護摩,ファントム4,防御%+風バフ+防御%,ファルザン(西風、完凸)+ベネット(西風、旧貴族)+閑雲(鶴鳴の余韻、しめ縄+剣闘士、攻撃全振り),114555.5,,0,0,1.6
護摩,ファントム4,防御%+風バフ+元素熟知,ファルザン(西風、完凸)+ベネット(西風、旧貴族)+閑雲(鶴鳴の余韻、しめ縄+剣闘士、攻撃全振り),114555.5,,0,0,1.6
護摩,ファントム4,防御%+風バフ+治癒効果,ファルザン(西風、完凸)+ベネット(西風、旧貴族)+閑雲(鶴鳴の余韻、しめ縄+剣闘士、攻撃全振り),114555.5,,0,0,1.6
護摩,ファントム4,元素熟知+風バフ+元素熟知,ファルザン(西風、完凸)+ベネット(西風、旧貴族)+閑雲(鶴鳴の余韻、しめ縄+剣闘士、攻撃全振り),114555.5,,0,0,1.6
護摩,ファントム4,元素熟知+風バフ+治癒効果,ファルザン(西風、完凸)+ベネット(西風、旧貴族)+閑雲(鶴鳴の余韻、しめ縄+剣闘士、攻撃全振り),114555.5,,0,0,1.6
護摩,ファントム4,元チャ+風バフ+防御%,ファルザン(西風、完凸)+ベネット(西風、旧貴族)+閑雲(鶴鳴の余韻、しめ縄+剣闘士、攻撃全振り),114555.5,,0,0,1.6
護摩,ファントム4,元チャ+風バフ+元素熟知,ファルザン(西風、完凸)+ベネット(西風、旧貴族)+閑雲(鶴鳴の余韻、しめ縄+剣闘士、攻撃全振り),114555.5,,0,0,1.6
護摩,ファントム4,元チャ+風バフ+治癒効果,ファルザン(西風、完凸)+ベネット(西風、旧貴族)+閑雲(鶴鳴の余韻、しめ縄+剣闘士、攻撃全振り),114555.5,,0,0,1.6
和璞鳶,辰砂4,攻撃%+風バフ+会心率,ファルザン(西風、完凸)+閑雲(鶴鳴の余韻、しめ縄+剣闘士、攻撃全振り),114136.7,,0,0,1.6
和璞鳶,辰砂4,攻撃%+風バフ+会心ダメージ,ファルザン(西風、完凸)+閑雲(鶴鳴の余韻、しめ縄+剣闘士、攻撃全振り),114136.7,,0,0,1.6
和璞鳶,辰砂4,攻撃%+風バフ+会心率,ファルザン(西風、完凸)+閑雲(鶴鳴の余韻、しめ縄+剣闘士、攻撃全振り)+白朮,114136.7,,0,0,1.6
和璞鳶,辰砂4,攻撃%+風バフ+会心ダメージ,ファルザン(西風、完凸)+閑雲(鶴鳴の余韻、しめ縄+剣闘士、攻撃全振り)+白朮,114136.7,,0,0,1.6
護摩,ファントム4,HP%+HP%+会心率,ファルザン(西風、完凸)+フリーナ(フル)+閑雲(鶴鳴の余韻、しめ縄+剣闘士、攻撃全振り),113897.4,,0,0,1.6
護摩,ファントム4,HP%+HP%+会心ダメージ,ファルザン(西風、完凸)+フリーナ(フル)+閑雲(鶴鳴の余韻、しめ縄+剣闘士、攻撃全振り),113897.4,,0,0,1.6
護摩,辰砂4,攻撃%+風バフ+会心率,ファルザン(西風、完凸)+閑雲(鶴鳴の余韻、しめ縄+剣闘士、攻撃全振り),113764.3,,0,0,1.6
護摩,辰砂4,攻撃%+風バフ+会心ダメージ,ファルザン(西風、完凸)+閑雲(鶴鳴の余韻、しめ縄+剣闘士、攻撃全振り),113764.3,,0,0,1.6
護摩,辰砂4,攻撃%+風バフ+会心率,ファルザン(西風、完凸)+閑雲(鶴鳴の余韻、しめ縄+剣闘士、攻撃全振り)+白朮,113764.3,,0,0,1.6
護摩,辰砂4,攻撃%+風バフ+会心ダメージ,ファルザン(西風、完凸)+閑雲(鶴鳴の余韻、しめ縄+剣闘士、攻撃全振り)+白朮,113764.3,,0,0,1.6
和璞鳶,辰砂4,攻撃%+風バフ+攻撃%,ファルザン(西風、完凸)+閑雲(鶴鳴の余韻、しめ縄+剣闘士、攻撃全振り)+鍾離,113742.9,,0,0,1.6
護摩,ファントム4,攻撃%+攻撃%+会心率,ファルザン(西風、完凸)+閑雲(鶴鳴の余韻、しめ縄+剣闘士、攻撃全振り)+鍾離,113681.7,,0,0,1.6
護摩,ファントム4,攻撃%+攻撃%+会心ダメージ,ファルザン(西風、完凸)+閑雲(鶴鳴の余韻、しめ縄+剣闘士、攻撃全振り)+鍾離,113681.7,,0,0,1.6
和璞鳶,ファントム4,防御%+風バフ+防御%,ファルザン(西風、完凸)+ベネット(西風、旧貴族)+閑雲(鶴鳴の余韻、しめ縄+剣闘士、攻撃全振り),113575.1,,0,0,1.6
和璞鳶,ファントム4,防御%+風バフ+HP%,ファルザン(西風、完凸)+ベネット(西風、旧貴族)+閑雲(鶴鳴の余韻、しめ縄+剣闘士、攻撃全振り),113575.1,,0,0,1.6
和璞鳶,ファントム4,防御%+風バフ+元素熟知,ファルザン(西風、完凸)+ベネット(西風、旧貴族)+閑雲(鶴鳴の余韻、しめ縄+剣闘士、攻撃全振り),113575.1,,0,0,1.6
和璞鳶,ファントム4,防御%+風バフ+治癒効果,ファルザン(西風、完凸)+ベネット(西風、旧貴族)+閑雲(鶴鳴の余韻、しめ縄+剣闘士、攻撃全振り),113575.1,,0,0,1.6
和璞鳶,ファントム4,HP%+風バフ+HP%,ファルザン(西風、完凸)+ベネット(西風、旧貴族)+閑雲(鶴鳴の余韻、しめ縄+剣闘士、攻撃全振り),113575.1,,0,0,1.6
和璞鳶,ファントム4,HP%+風バフ+元素熟知,ファルザン(西風、完凸)+ベネット(西風、旧貴族)+閑雲(鶴鳴の余韻、しめ縄+剣闘士、攻撃全振り),113575.1,,0,0,1.6
和璞鳶,ファントム4,HP%+風バフ+治癒効果,ファルザン(西風、完凸)+ベネット(西風、旧貴族)+閑雲(鶴鳴の余韻、しめ縄+剣闘士、攻撃全振り),113575.1,,0,0,1.6
和璞鳶,ファントム4,元素熟知+風バフ+元素熟知,ファルザン(西風、完凸)+ベネット(西風、旧貴族)+閑雲(鶴鳴の余韻、しめ縄+剣闘士、攻撃全振り),113575.1,,0,0,1.6
和璞鳶,ファントム4,元素熟知+風バフ+治癒効果,ファルザン(西風、完凸)+ベネット(西風、旧貴族)+閑雲(鶴鳴の余韻、しめ縄+剣闘士、攻撃全振り),113575.1,,0,0,1.6
和璞鳶,ファントム4,元チャ+風バフ+防御%,ファルザン(西風、完凸)+ベネット(西風、旧貴族)+閑雲(鶴鳴の余韻、しめ縄+剣闘士、攻撃全振り),113575.1,,0,0,1.6
和璞鳶,ファントム4,元チャ+風バフ+HP%,ファルザン(西風、完凸)+ベネット(西風、旧貴族)+閑雲(鶴鳴の余韻、しめ縄+剣闘士、攻撃全振り),113575.1,,0,0,1.6
和璞鳶,ファントム4,元チャ+風バフ+元素熟知,ファルザン(西風、完凸)+ベネット(西風、旧貴族)+閑雲(鶴鳴の余韻、しめ縄+剣闘士、攻撃全振り),113575.1,,0,0,1.6
和璞鳶,ファントム4,元チャ+風バフ+治癒効果,ファルザン(西風、完凸)+ベネット(西風、旧貴族)+閑雲(鶴鳴の余韻、しめ縄+剣闘士、攻撃全振り),113575.1,,0,0,1.6
護摩,辰砂4,防御%+風バフ+HP%,ファルザン(西風、完凸)+フリーナ(フル)+閑雲(鶴鳴の余韻、しめ縄+剣闘士、攻撃全振り),113518.4,,0,0,1.6
護摩,辰砂4,HP%+風バフ+元素熟知,ファルザン(西風、完凸)+フリーナ(フル)+閑雲(鶴鳴の余韻、しめ縄+剣闘士、攻撃全振り),113518.4,,0,0,1.6
護摩,辰砂4,HP%+風バフ+治癒効果,ファルザン(西風、完凸)+フリーナ(フル)+閑雲(鶴鳴の余韻、しめ縄+剣闘士、攻撃全振り),113518.4,,0,0,1.6
護摩,辰砂4,元チャ+風バフ+HP%,ファルザン(西風、完凸)+フリーナ(フル)+閑雲(鶴鳴の余韻、しめ縄+剣闘士、攻撃全振り),113518.4,,0,0,1.6
草薙の稲光,ファントム4,攻撃%+風バフ+会心率,ファルザン(西風、完凸)+フリーナ(フル)+閑雲(鶴鳴の余韻、しめ縄+剣闘士、攻撃全振り),113394.3,,0,0,1.6
草薙の稲光,ファントム4,攻撃%+風バフ+会心ダメージ,ファルザン(西風、完凸)+フリーナ(フル)+閑雲(鶴鳴の余韻、しめ縄+剣闘士、攻撃全振り),113394.3,,0,0,1.6
護摩,ファントム4,攻撃%+攻撃%+攻撃%,ファルザン(西風、完凸)+閑雲(鶴鳴の余韻、しめ縄+剣闘士、攻撃全振り)+鍾離,113370.9,,0,0,1.6
護摩,長き夜の誓い4,攻撃%+防御%+会心率,フリーナ(フル)+閑雲(鶴鳴の余韻、しめ縄+剣闘士、攻撃全振り)+鍾離,113359.3,,0,0,1.6
護摩,長き夜の誓い4,攻撃%+防御%+会心ダメージ,フリーナ(フル)+閑雲(鶴鳴の余韻、しめ縄+剣闘士、攻撃全振り)+鍾離,113359.3,,0,0,1.6
護摩,長き夜の誓い4,攻撃%+元素熟知+会心率,フリーナ(フル)+閑雲(鶴鳴の余韻、しめ縄+剣闘士、攻撃全振り)+鍾離,113359.3,,0,0,1.6
護摩,長き夜の誓い4,攻撃%+元素熟知+会心ダメージ,フリーナ(フル)+閑雲(鶴鳴の余韻、しめ縄+剣闘士、攻撃全振り)+鍾離,113359.3,,0,0,1.6
護摩,長き夜の誓い4,攻撃%+炎バフ+会心率,フリーナ(フル)+閑雲(鶴鳴の余韻、しめ縄+剣闘士、攻撃全振り)+鍾離,113359.3,,0,0,1.6
護摩,長き夜の誓い4,攻撃%+炎バフ+会心ダメージ,フリーナ(フル)+閑雲(鶴鳴の余韻、しめ縄+剣闘士、攻撃全振り)+鍾離,113359.3,,0,0,1.6
護摩,長き夜の誓い4,攻撃%+水バフ+会心率,フリーナ(フル)+閑雲(鶴鳴の余韻、しめ縄+剣闘士、攻撃全振り)+鍾離,113359.3,,0,0,1.6
護摩,長き夜の誓い4,攻撃%+水バフ+会心ダメージ,フリーナ(フル)+閑雲(鶴鳴の余韻、しめ縄+剣闘士、攻撃全振り)+鍾離,113359.3,,0,0,1.6
護摩,長き夜の誓い4,攻撃%+雷バフ+会心率,フリーナ(フル)+閑雲(鶴鳴の余韻、しめ縄+剣闘士、攻撃全振り)+鍾離,113359.3,,0,0,1.6
護摩,長き夜の誓い4,攻撃%+雷バフ+会心ダメージ,フリーナ(フル)+閑雲(鶴鳴の余韻、しめ縄+剣闘士、攻撃全振り)+鍾離,113359.3,,0,0,1.6
護摩,長き夜の誓い4,攻撃%+氷バフ+会心率,フリーナ(フル)+閑雲(鶴鳴の余韻、しめ縄+剣闘士、攻撃全振り)+鍾離,113359.3,,0,0,1.6
護摩,長き夜の誓い4,攻撃%+氷バフ+会心ダメージ,フリーナ(フル)+閑雲(鶴鳴の余韻、しめ縄+剣闘士、攻撃全振り)+鍾離,113359.3,,0,0,1.6
護摩,長き夜の誓い4,攻撃%+岩バフ+会心率,フリーナ(フル)+閑雲(鶴鳴の余韻、しめ縄+剣闘士、攻撃全振り)+鍾離,113359.3,,0,0,1.6
護摩,長き夜の誓い4,攻撃%+岩バフ+会心ダメージ,フリーナ(フル)+閑雲(鶴鳴の余韻、しめ縄+剣闘士、攻撃全振り)+鍾離,113359.3,,0,0,1.6
護摩,長き夜の誓い4,攻撃%+草バフ+会心率,フリーナ(フル)+閑雲(鶴鳴の余韻、しめ縄+剣闘士、攻撃全振り)+鍾離,113359.3,,0,0,1.6
護摩,長き夜の誓い4,攻撃%+草バフ+会心ダメージ,フリーナ(フル)+閑雲(鶴鳴の余韻、しめ縄+剣闘士、攻撃全振り)+鍾離,113359.3,,0,0,1.6
護摩,長き夜の誓い4,元チャ+攻撃%+会心率,フリーナ(フル)+閑雲(鶴鳴の余韻、しめ縄+剣闘士、攻撃全振り)+鍾離,113359.3,,0,0,1.6
護摩,長き夜の誓い4,元チャ+攻撃%+会心ダメージ,フリーナ(フル)+閑雲(鶴鳴の余韻、しめ縄+剣闘士、攻撃全振り)+鍾離,113359.3,,0,0,1.6
護摩,辰砂4,攻撃%+風バフ+会心率,フリーナ(フル)+閑雲(鶴鳴の余韻、しめ縄+剣闘士、攻撃全振り)+鍾離,113300.1,,0,0,1.6
護摩,辰砂4,攻撃%+風バフ+会心ダメージ,フリーナ(フル)+閑雲(鶴鳴の余韻、しめ縄+剣闘士、攻撃全振り)+鍾離,113300.1,,0,0,1.6
和璞鳶,辰砂4,攻撃%+風バフ+会心率,フリーナ(フル)+ベネット(西風、旧貴族)+閑雲(鶴鳴の余韻、しめ縄+剣闘士、攻撃全振り),113144.4,,0,0,1.6
和璞鳶,辰砂4,攻撃%+風バフ+会心ダメージ,フリーナ(フル)+ベネット(西風、旧貴族)+閑雲(鶴鳴の余韻、しめ縄+剣闘士、攻撃全振り),113144.4,,0,0,1.6
和璞鳶,辰砂4,攻撃%+攻撃%+防御%,ファルザン(西風、完凸)+フリーナ(フル)+閑雲(鶴鳴の余韻、しめ縄+剣闘士、攻撃全振り),113143.3,,0,0,1.6
和璞鳶,辰砂4,攻撃%+攻撃%+HP%,ファルザン(西風、完凸)+フリーナ(フル)+閑雲(鶴鳴の余韻、しめ縄+剣闘士、攻撃全振り),113143.3,,0,0,1.6
和璞鳶,辰砂4,攻撃%+攻撃%+元素熟知,ファルザン(西風、完凸)+フリーナ(フル)+閑雲(鶴鳴の余韻、しめ縄+剣闘士、攻撃全振り),113143.3,,0,0,1.6
和璞鳶,辰砂4,攻撃%+攻撃%+治癒効果,ファルザン(西風、完凸)+フリーナ(フル)+閑雲(鶴鳴の余韻、しめ縄+剣闘士、攻撃全振り),113143.3,,0,0,1.6
和璞鳶,辰砂4,攻撃%+炎バフ+攻撃%,ファルザン(西風、完凸)+フリーナ(フル)+閑雲(鶴鳴の余韻、しめ縄+剣闘士、攻撃全振り),113143.3,,0,0,1.6
和璞鳶,辰砂4,攻撃%+水バフ+攻撃%,ファルザン(西風、完凸)+フリーナ(フル)+閑雲(鶴鳴の余韻、しめ縄+剣闘士、攻撃全振り),113143.3,,0,0,1.6
和璞鳶,辰砂4,攻撃%+雷バフ+攻撃%,ファルザン(西風、完凸)+フリーナ(フル)+閑雲(鶴鳴の余韻、しめ縄+剣闘士、攻撃全振り),113143.3,,0,0,1.6
和璞鳶,辰砂4,攻撃%+氷バフ+攻撃%,ファルザン(西風、完凸)+フリーナ(フル)+閑雲(鶴鳴の余韻、しめ縄+剣闘士、攻撃全振り),113143.3,,0,0,1.6
和璞鳶,辰砂4,攻撃%+岩バフ+攻撃%,ファルザン(西風、完凸)+フリーナ(フル)+閑雲(鶴鳴の余韻、しめ縄+剣闘士、攻撃全振り),113143.3,,0,0,1.6
和璞鳶,辰砂4,攻撃%+草バフ+攻撃%,ファルザン(西風、完凸)+フリーナ(フル)+閑雲(鶴鳴の余韻、しめ縄+剣闘士、攻撃全振り),113143.3,,0,0,1.6
和璞鳶,辰砂4,攻撃%+物理バフ+攻撃%,ファルザン(西風、完凸)+フリーナ(フル)+閑雲(鶴鳴の余韻、しめ縄+剣闘士、攻撃全振り),113143.3,,0,0,1.6
和璞鳶,辰砂4,元チャ+攻撃%+攻撃%,ファルザン(西風、完凸)+フリーナ(フル)+閑雲(鶴鳴の余韻、しめ縄+剣闘士、攻撃全振り),113143.3,,0,0,1.6
和璞鳶,ファントム4,攻撃%+風バフ+攻撃%,フリーナ(フル)+ベネット(西風、旧貴族)+閑雲(鶴鳴の余韻、しめ縄+剣闘士、攻撃全振り),113084.1,,0,0,1.6
護摩,辰砂4,防御%+風バフ+会心率,ファルザン(西風、完凸)+閑雲(鶴鳴の余韻、しめ縄+剣闘士、攻撃全振り)+鍾離,113005.9,,0,0,1.6
護摩,辰砂4,防御%+風バフ+会心ダメージ,ファルザン(西風、完凸)+閑雲(鶴鳴の余韻、しめ縄+剣闘士、攻撃全振り)+鍾離,113005.9,,0,0,1.6
護摩,辰砂4,元素熟知+風バフ+会心率,ファルザン(西風、完凸)+閑雲(鶴鳴の余韻、しめ縄+剣闘士、攻撃全振り)+鍾離,113005.9,,0,0,1.6
護摩,辰砂4,元素熟知+風バフ+会心ダメージ,ファルザン(西風、完凸)+閑雲(鶴鳴の余韻、しめ縄+剣闘士、攻撃全振り)+鍾離,113005.9,,0,0,1.6
護摩,辰砂4,元チャ+風バフ+会心率,ファルザン(西風、完凸)+閑雲(鶴鳴の余韻、しめ縄+剣闘士、攻撃全振り)+鍾離,113005.9,,0,0,1.6
護摩,辰砂4,元チャ+風バフ+会心ダメージ,ファルザン(西風、完凸)+閑雲(鶴鳴の余韻、しめ縄+剣闘士、攻撃全振り)+鍾離,113005.9,,0,0,1.6
護摩,長き夜の誓い4,防御%+風バフ+会心率,フリーナ(フル)+閑雲(鶴鳴の余韻、しめ縄+剣闘士、攻撃全振り)+鍾離,113000.8,,0,0,1.6
護摩,長き夜の誓い4,防御%+風バフ+会心ダメージ,フリーナ(フル)+閑雲(鶴鳴の余韻、しめ縄+剣闘士、攻撃全振り)+鍾離,113000.8,,0,0,1.6
護摩,長き夜の誓い4,元素熟知+風バフ+会心率,フリーナ(フル)+閑雲(鶴鳴の余韻、しめ縄+剣闘士、攻撃全振り)+鍾離,113000.8,,0,0,1.6
護摩,長き夜の誓い4,元素熟知+風バフ+会心ダメージ,フリーナ(フル)+閑雲(鶴鳴の余韻、しめ縄+剣闘士、攻撃全振り)+鍾離,113000.8,,0,0,1.6
護摩,長き夜の誓い4,元チャ+風バフ+会心率,フリーナ(フル)+閑雲(鶴鳴の余韻、しめ縄+剣闘士、攻撃全振り)+鍾離,113000.8,,0,0,1.6
護摩,長き夜の誓い4,元チャ+風バフ+会心ダメージ,フリーナ(フル)+閑雲(鶴鳴の余韻、しめ縄+剣闘士、攻撃全振り)+鍾離,113000.8,,0,0,1.6
護摩,辰砂4,HP%+HP%+会心率,ファルザン(西風、完凸)+ベネット(西風、旧貴族)+閑雲(鶴鳴の余韻、しめ縄+剣闘士、攻撃全振り),112962.5,,0,0,1.6
護摩,辰砂4,HP%+HP%+会心ダメージ,ファルザン(西風、完凸)+ベネット(西風、旧貴族)+閑雲(鶴鳴の余韻、しめ縄+剣闘士、攻撃全振り),112962.5,,0,0,1.6
護摩,ファントム4,攻撃%+風バフ+HP%,ファルザン(西風、完凸)+閑雲(鶴鳴の余韻、しめ縄+剣闘士、攻撃全振り)+鍾離,112747.3,,0,0,1.6
護摩,辰砂4,防御%+防御%+会心率,ファルザン(西風、完凸)+フリーナ(フル)+閑雲(鶴鳴の余韻、しめ縄+剣闘士、攻撃全振り),112739.3,,0,0,1.6
護摩,辰砂4,防御%+防御%+会心ダメージ,ファルザン(西風、完凸)+フリーナ(フル)+閑雲(鶴鳴の余韻、しめ縄+剣闘士、攻撃全振り),112739.3,,0,0,1.6
護摩,辰砂4,防御%+元素熟知+会心率,ファルザン(西風、完凸)+フリーナ(フル)+閑雲(鶴鳴の余韻、しめ縄+剣闘士、攻撃全振り),112739.3,,0,0,1.6
護摩,辰砂4,防御%+元素熟知+会心ダメージ,ファルザン(西風、完凸)+フリーナ(フル)+閑雲(鶴鳴の余韻、しめ縄+剣闘士、攻撃全振り),112739.3,,0,0,1.6
護摩,辰砂4,防御%+炎バフ+会心率,ファルザン(西風、完凸)+フリーナ(フル)+閑雲(鶴鳴の余韻、しめ縄+剣闘士、攻撃全振り),112739.3,,0,0,1.6
護摩,辰砂4,防御%+炎バフ+会心ダメージ,ファルザン(西風、完凸)+フリーナ(フル)+閑雲(鶴鳴の余韻、しめ縄+剣闘士、攻撃全振り),112739.3,,0,0,1.6
護摩,辰砂4,防御%+水バフ+会心率,ファルザン(西風、完凸)+フリーナ(フル)+閑雲(鶴鳴の余韻、しめ縄+剣闘士、攻撃全振り),112739.3,,0,0,1.6
護摩,辰砂4,防御%+水バフ+会心ダメージ,ファルザン(西風、完凸)+フリーナ(フル)+閑雲(鶴鳴の余韻、しめ縄+剣闘士、攻撃全振り),112739.3,,0,0,1.6
護摩,辰砂4,防御%+雷バフ+会心率,ファルザン(西風、完凸)+フリーナ(フル)+閑雲(鶴鳴の余韻、しめ縄+剣闘士、攻撃全振り),112739.3,,0,0,1.6
護摩,辰砂4,防御%+雷バフ+会心ダメージ,ファルザン(西風、完凸)+フリーナ(フル)+閑雲(鶴鳴の余韻、しめ縄+剣闘士、攻撃全振り),112739.3,,0,0,1.6
護摩,辰砂4,防御%+氷バフ+会心率,ファルザン(西風、完凸)+フリーナ(フル)+閑雲(鶴鳴の余韻、しめ縄+剣闘士、攻撃全振り),112739.3,,0,0,1.6
護摩,辰砂4,防御%+氷バフ+会心ダメージ,ファルザン(西風、完凸)+フリーナ(フル)+閑雲(鶴鳴の余韻、しめ縄+剣闘士、攻撃全振り),112739.3,,0,0,1.6
護摩,辰砂4,防御%+岩バフ+会心率,ファルザン(西風、完凸)+フリーナ(フル)+閑雲(鶴鳴の余韻、しめ縄+剣闘士、攻撃全振り),112739.3,,0,0,1.6
護摩,辰砂4,防御%+岩バフ+会心ダメージ,ファルザン(西風、完凸)+フリーナ(フル)+閑雲(鶴鳴の余韻、しめ縄+剣闘士、攻撃全振り),112739.3,,0,0,1.6
護摩,辰砂4,防御%+草バフ+会心率,ファルザン(西風、完凸)+フリーナ(フル)+閑雲(鶴鳴の余韻、しめ縄+剣闘士、攻撃全振り),112739.3,,0,0,1.6
護摩,辰砂4,防御%+草バフ+会心ダメージ,ファルザン(西風、完凸)+フリーナ(フル)+閑雲(鶴鳴の余韻、しめ縄+剣闘士、攻撃全振り),112739.3,,0,0,1.6
護摩,辰砂4,防御%+物理バフ+会心率,ファルザン(西風、完凸)+フリーナ(フル)+閑雲(鶴鳴の余韻、しめ縄+剣闘士、攻撃全振り),112739.3,,0,0,1.6
護摩,辰砂4,防御%+物理バフ+会心ダメージ,ファルザン(西風、完凸)+フリーナ(フル)+閑雲(鶴鳴の余韻、しめ縄+剣闘士、攻撃全振り),112739.3,,0,0,1.6
護摩,辰砂4,元素熟知+元素熟知+会心率,ファルザン(西風、完凸)+フリーナ(フル)+閑雲(鶴鳴の余韻、しめ縄+剣闘士、攻撃全振り),112739.3,,0,0,1.6
護摩,辰砂4,元素熟知+元素熟知+会心ダメージ,ファルザン(西風、完凸)+フリーナ(フル)+閑雲(鶴鳴の余韻、しめ縄+剣闘士、攻撃全振り),112739.3,,0,0,1.6
護摩,辰砂4,元素熟知+炎バフ+会心率,ファルザン(西風、完凸)+フリーナ(フル)+閑雲(鶴鳴の余韻、しめ縄+剣闘士、攻撃全振り),112739.3,,0,0,1.6
護摩,辰砂4,元素熟知+炎バフ+会心ダメージ,ファルザン(西風、完凸)+フリーナ(フル)+閑雲(鶴鳴の余韻、しめ縄+剣闘士、攻撃全振り),112739.3,,0,0,1.6
護摩,辰砂4,元素熟知+水バフ+会心率,ファルザン(西風、完凸)+フリーナ(フル)+閑雲(鶴鳴の余韻、しめ縄+剣闘士、攻撃全振り),112739.3,,0,0,1.6
護摩,辰砂4,元素熟知+水バフ+会心ダメージ,ファルザン(西風、完凸)+フリーナ(フル)+閑雲(鶴鳴の余韻、しめ縄+剣闘士、攻撃全振り),112739.3,,0,0,1.6
護摩,辰砂4,元素熟知+雷バフ+会心率,ファルザン(西風、完凸)+フリーナ(フル)+閑雲(鶴鳴の余韻、しめ縄+剣闘士、攻撃全振り),112739.3,,0,0,1.6
護摩,辰砂4,元素熟知+雷バフ+会心ダメージ,ファルザン(西風、完凸)+フリーナ(フル)+閑雲(鶴鳴の余韻、しめ縄+剣闘士、攻撃全振り),112739.3,,0,0,1.6
護摩,辰砂4,元素熟知+氷バフ+会心率,ファルザン(西風、完凸)+フリーナ(フル)+閑雲(鶴鳴の余韻、しめ縄+剣闘士、攻撃全振り),112739.3,,0,0,1.6
護摩,辰砂4,元素熟知+氷バフ+会心ダメージ,ファルザン(西風、完凸)+フリーナ(フル)+閑雲(鶴鳴の余韻、しめ縄+剣闘士、攻撃全振り),112739.3,,0,0,1.6
護摩,辰砂4,元素熟知+岩バフ+会心率,ファルザン(西風、完凸)+フリーナ(フル)+閑雲(鶴鳴の余韻、しめ縄+剣闘士、攻撃全振り),112739.3,,0,0,1.6
護摩,辰砂4,元素熟知+岩バフ+会心ダメージ,ファルザン(西風、完凸)+フリーナ(フル)+閑雲(鶴鳴の余韻、しめ縄+剣闘士、攻撃全振り),112739.3,,0,0,1.6
護摩,辰砂4,元素熟知+草バフ+会心率,ファルザン(西風、完凸)+フリーナ(フル)+閑雲(鶴鳴の余韻、しめ縄+剣闘士、攻撃全振り),112739.3,,0,0,1.6
護摩,辰砂4,元素熟知+草バフ+会心ダメージ,ファルザン(西風、完凸)+フリーナ(フル)+閑雲(鶴鳴の余韻、しめ縄+剣闘士、攻撃全振り),112739.3,,0,0,1.6
護摩,辰砂4,元素熟知+物理バフ+会心率,ファルザン(西風、完凸)+フリーナ(フル)+閑雲(鶴鳴の余韻、しめ縄+剣闘士、攻撃全振り),112739.3,,0,0,1.6
護摩,辰砂4,元素熟知+物理バフ+会心ダメージ,ファルザン(西風、完凸)+フリーナ(フル)+閑雲(鶴鳴の余韻、しめ縄+剣闘士、攻撃全振り),112739.3,,0,0,1.6
護摩,辰砂4,元チャ+防御%+会心率,ファルザン(西風、完凸)+フリーナ(フル)+閑雲(鶴鳴の余韻、しめ縄+剣闘士、攻撃全振り),112739.3,,0,0,1.6
護摩,辰砂4,元チャ+防御%+会心ダメージ,ファルザン(西風、完凸)+フリーナ(フル)+閑雲(鶴鳴の余韻、しめ縄+剣闘士、攻撃全振り),112739.3,,0,0,1.6
護摩,辰砂4,元チャ+元素熟知+会心率,ファルザン(西風、完凸)+フリーナ(フル)+閑雲(鶴鳴の余韻、しめ縄+剣闘士、攻撃全振り),112739.3,,0,0,1.6
護摩,辰砂4,元チャ+元素熟知+会心ダメージ,ファルザン(西風、完凸)+フリーナ(フル)+閑雲(鶴鳴の余韻、しめ縄+剣闘士、攻撃全振り),112739.3,,0,0,1.6
護摩,辰砂4,元チャ+炎バフ+会心率,ファルザン(西風、完凸)+フリーナ(フル)+閑雲(鶴鳴の余韻、しめ縄+剣闘士、攻撃全振り),112739.3,,0,0,1.6
護摩,辰砂4,元チャ+炎バフ+会心ダメージ,ファルザン(西風、完凸)+フリーナ(フル)+閑雲(鶴鳴の余韻、しめ縄+剣闘士、攻撃全振り),112739.3,,0,0,1.6
護摩,辰砂4,元チャ+水バフ+会心率,ファルザン(西風、完凸)+フリーナ(フル)+閑雲(鶴鳴の余韻、しめ縄+剣闘士、攻撃全振り),112739.3,,0,0,1.6
護摩,辰砂4,元チャ+水バフ+会心ダメージ,ファルザン(西風、完凸)+フリーナ(フル)+閑雲(鶴鳴の余韻、しめ縄+剣闘士、攻撃全振り),112739.3,,0,0,1.6
護摩,辰砂4,元チャ+雷バフ+会心率,ファルザン(西風、完凸)+フリーナ(フル)+閑雲(鶴鳴の余韻、しめ縄+剣闘士、攻撃全振り),112739.3,,0,0,1.6
護摩,辰砂4,元チャ+雷バフ+会心ダメージ,ファルザン(西風、完凸)+フリーナ(フル)+閑雲(鶴鳴の余韻、しめ縄+剣闘士、攻撃全振り),112739.3,,0,0,1.6
護摩,辰砂4,元チャ+氷バフ+会心率,ファルザン(西風、完凸)+フリーナ(フル)+閑雲(鶴鳴の余韻、しめ縄+剣闘士、攻撃全振り),112739.3,,0,0,1.6
護摩,辰砂4,元チャ+氷バフ+会心ダメージ,ファルザン(西風、完凸)+フリーナ(フル)+閑雲(鶴鳴の余韻、しめ縄+剣闘士、攻撃全振り),112739.3,,0,0,1.6
護摩,辰砂4,元チャ+岩バフ+会心率,ファルザン(西風、完凸)+フリーナ(フル)+閑雲(鶴鳴の余韻、しめ縄+剣闘士、攻撃全振り),112739.3,,0,0,1.6
護摩,辰砂4,元チャ+岩バフ+会心ダメージ,ファルザン(西風、完凸)+フリーナ(フル)+閑雲(鶴鳴の余韻、しめ縄+剣闘士、攻撃全振り),112739.3,,0,0,1.6
護摩,辰砂4,元チャ+草バフ+会心率,ファルザン(西風、完凸)+フリーナ(フル)+閑雲(鶴鳴の余韻、しめ縄+剣闘士、攻撃全振り),112739.3,,0,0,1.6
護摩,辰砂4,元チャ+草バフ+会心ダメージ,ファルザン(西風、完凸)+フリーナ(フル)+閑雲(鶴鳴の余韻、しめ縄+剣闘士、攻撃全振り),112739.3,,0,0,1.6
護摩,辰砂4,元チャ+物理バフ+会心率,ファルザン(西風、完凸)+フリーナ(フル)+閑雲(鶴鳴の余韻、しめ縄+剣闘士、攻撃全振り),112739.3,,0,0,1.6
護摩,辰砂4,元チャ+物理バフ+会心ダメージ,ファルザン(西風、完凸)+フリーナ(フル)+閑雲(鶴鳴の余韻、しめ縄+剣闘士、攻撃全振り),112739.3,,0,0,1.6
和璞鳶,辰砂4,防御%+風バフ+会心率,ファルザン(西風、完凸)+閑雲(鶴鳴の余韻、しめ縄+剣闘士、攻撃全振り)+鍾離,112627.6,,0,0,1.6
和璞鳶,辰砂4,防御%+風バフ+会心ダメージ,ファルザン(西風、完凸)+閑雲(鶴鳴の余韻、しめ縄+剣闘士、攻撃全振り)+鍾離,112627.6,,0,0,1.6
和璞鳶,辰砂4,HP%+風バフ+会心率,ファルザン(西風、完凸)+閑雲(鶴鳴の余韻、しめ縄+剣闘士、攻撃全振り)+鍾離,112627.6,,0,0,1.6
和璞鳶,辰砂4,HP%+風バフ+会心ダメージ,ファルザン(西風、完凸)+閑雲(鶴鳴の余韻、しめ縄+剣闘士、攻撃全振り)+鍾離,112627.6,,0,0,1.6
和璞鳶,辰砂4,元素熟知+風バフ+会心率,ファルザン(西風、完凸)+閑雲(鶴鳴の余韻、しめ縄+剣闘士、攻撃全振り)+鍾離,112627.6,,0,0,1.6
和璞鳶,辰砂4,元素熟知+風バフ+会心ダメージ,ファルザン(西風、完凸)+閑雲(鶴鳴の余韻、しめ縄+剣闘士、攻撃全振り)+鍾離,112627.6,,0,0,1.6
和璞鳶,辰砂4,元チャ+風バフ+会心率,ファルザン(西風、完凸)+閑雲(鶴鳴の余韻、しめ縄+剣闘士、攻撃全振り)+鍾離,112627.6,,0,0,1.6
和璞鳶,辰砂4,元チャ+風バフ+会心ダメージ,ファルザン(西風、完凸)+閑雲(鶴鳴の余韻、しめ縄+剣闘士、攻撃全振り)+鍾離,112627.6,,0,0,1.6
護摩,辰砂4,防御%+風バフ+HP%,ファルザン(西風、完凸)+ベネット(西風、旧貴族)+閑雲(鶴鳴の余韻、しめ縄+剣闘士、攻撃全振り),112575.3,,0,0,1.6
護摩,辰砂4,HP%+風バフ+元素熟知,ファルザン(西風、完凸)+ベネット(西風、旧貴族)+閑雲(鶴鳴の余韻、しめ縄+剣闘士、攻撃全振り),112575.3,,0,0,1.6
護摩,辰砂4,HP%+風バフ+治癒効果,ファルザン(西風、完凸)+ベネット(西風、旧貴族)+閑雲(鶴鳴の余韻、しめ縄+剣闘士、攻撃全振り),112575.3,,0,0,1.6
護摩,辰砂4,元チャ+風バフ+HP%,ファルザン(西風、完凸)+ベネット(西風、旧貴族)+閑雲(鶴鳴の余韻、しめ縄+剣闘士、攻撃全振り),112575.3,,0,0,1.6
護摩,長き夜の誓い4,攻撃%+風バフ+攻撃%,フリーナ(フル)+閑雲(鶴鳴の余韻、しめ縄+剣闘士、攻撃全振り)+鍾離,112509.2,,0,0,1.6
護摩,ファントム4,攻撃%+防御%+HP%,ファルザン(西風、完凸)+フリーナ(フル)+閑雲(鶴鳴の余韻、しめ縄+剣闘士、攻撃全振り),112481.4,,0,0,1.6
護摩,ファントム4,攻撃%+HP%+元素熟知,ファルザン(西風、完凸)+フリーナ(フル)+閑雲(鶴鳴の余韻、しめ縄+剣闘士、攻撃全振り),112481.4,,0,0,1.6
護摩,ファントム4,攻撃%+HP%+治癒効果,ファルザン(西風、完凸)+フリーナ(フル)+閑雲(鶴鳴の余韻、しめ縄+剣闘士、攻撃全振り),112481.4,,0,0,1.6
護摩,ファントム4,攻撃%+炎バフ+HP%,ファルザン(西風、完凸)+フリーナ(フル)+閑雲(鶴鳴の余韻、しめ縄+剣闘士、攻撃全振り),112481.4,,0,0,1.6
護摩,ファントム4,攻撃%+水バフ+HP%,ファルザン(西風、完凸)+フリーナ(フル)+閑雲(鶴鳴の余韻、しめ縄+剣闘士、攻撃全振り),112481.4,,0,0,1.6
護摩,ファントム4,攻撃%+雷バフ+HP%,ファルザン(西風、完凸)+フリーナ(フル)+閑雲(鶴鳴の余韻、しめ縄+剣闘士、攻撃全振り),112481.4,,0,0,1.6
護摩,ファントム4,攻撃%+氷バフ+HP%,ファルザン(西風、完凸)+フリーナ(フル)+閑雲(鶴鳴の余韻、しめ縄+剣闘士、攻撃全振り),112481.4,,0,0,1.6
護摩,ファントム4,攻撃%+岩バフ+HP%,ファルザン(西風、完凸)+フリーナ(フル)+閑雲(鶴鳴の余韻、しめ縄+剣闘士、攻撃全振り),112481.4,,0,0,1.6
護摩,ファントム4,攻撃%+草バフ+HP%,ファルザン(西風、完凸)+フリーナ(フル)+閑雲(鶴鳴の余韻、しめ縄+剣闘士、攻撃全振り),112481.4,,0,0,1.6
護摩,ファントム4,攻撃%+物理バフ+HP%,ファルザン(西風、完凸)+フリーナ(フル)+閑雲(鶴鳴の余韻、しめ縄+剣闘士、攻撃全振り),112481.4,,0,0,1.6
護摩,ファントム4,元チャ+攻撃%+HP%,ファルザン(西風、完凸)+フリーナ(フル)+閑雲(鶴鳴の余韻、しめ縄+剣闘士、攻撃全振り),112481.4,,0,0,1.6
和璞鳶,ファントム4,攻撃%+風バフ+会心率,フリーナ(フル)+ベネット(西風、旧貴族)+閑雲(鶴鳴の余韻、しめ縄+剣闘士、攻撃全振り),112165.1,,0,0,1.6
護摩,辰砂4,攻撃%+HP%+HP%,ファルザン(西風、完凸)+フリーナ(フル)+閑雲(鶴鳴の余韻、しめ縄+剣闘士、攻撃全振り),112094,,0,0,1.6
和璞鳶,辰砂4,防御%+防御%+会心率,ファルザン(西風、完凸)+フリーナ(フル)+閑雲(鶴鳴の余韻、しめ縄+剣闘士、攻撃全振り),112033.8,,0,0,1.6
和璞鳶,辰砂4,防御%+防御%+会心ダメージ,ファルザン(西風、完凸)+フリーナ(フル)+閑雲(鶴鳴の余韻、しめ縄+剣闘士、攻撃全振り),112033.8,,0,0,1.6
和璞鳶,辰砂4,防御%+HP%+会心率,ファルザン(西風、完凸)+フリーナ(フル)+閑雲(鶴鳴の余韻、しめ縄+剣闘士、攻撃全振り),112033.8,,0,0,1.6
和璞鳶,辰砂4,防御%+HP%+会心ダメージ,ファルザン(西風、完凸)+フリーナ(フル)+閑雲(鶴鳴の余韻、しめ縄+剣闘士、攻撃全振り),112033.8,,0,0,1.6
和璞鳶,辰砂4,防御%+元素熟知+会心率,ファルザン(西風、完凸)+フリーナ(フル)+閑雲(鶴鳴の余韻、しめ縄+剣闘士、攻撃全振り),112033.8,,0,0,1.6
和璞鳶,辰砂4,防御%+元素熟知+会心ダメージ,ファルザン(西風、完凸)+フリーナ(フル)+閑雲(鶴鳴の余韻、しめ縄+剣闘士、攻撃全振り),112033.8,,0,0,1.6
和璞鳶,辰砂4,防御%+炎バフ+会心率,ファルザン(西風、完凸)+フリーナ(フル)+閑雲(鶴鳴の余韻、しめ縄+剣闘士、攻撃全振り),112033.8,,0,0,1.6
和璞鳶,辰砂4,防御%+炎バフ+会心ダメージ,ファルザン(西風、完凸)+フリーナ(フル)+閑雲(鶴鳴の余韻、しめ縄+剣闘士、攻撃全振り),112033.8,,0,0,1.6
和璞鳶,辰砂4,防御%+水バフ+会心率,ファルザン(西風、完凸)+フリーナ(フル)+閑雲(鶴鳴の余韻、しめ縄+剣闘士、攻撃全振り),112033.8,,0,0,1.6
和璞鳶,辰砂4,防御%+水バフ+会心ダメージ,ファルザン(西風、完凸)+フリーナ(フル)+閑雲(鶴鳴の余韻、しめ縄+剣闘士、攻撃全振り),112033.8,,0,0,1.6
和璞鳶,辰砂4,防御%+雷バフ+会心率,ファルザン(西風、完凸)+フリーナ(フル)+閑雲(鶴鳴の余韻、しめ縄+剣闘士、攻撃全振り),112033.8,,0,0,1.6
和璞鳶,辰砂4,防御%+雷バフ+会心ダメージ,ファルザン(西風、完凸)+フリーナ(フル)+閑雲(鶴鳴の余韻、しめ縄+剣闘士、攻撃全振り),112033.8,,0,0,1.6
和璞鳶,辰砂4,防御%+氷バフ+会心率,ファルザン(西風、完凸)+フリーナ(フル)+閑雲(鶴鳴の余韻、しめ縄+剣闘士、攻撃全振り),112033.8,,0,0,1.6
和璞鳶,辰砂4,防御%+氷バフ+会心ダメージ,ファルザン(西風、完凸)+フリーナ(フル)+閑雲(鶴鳴の余韻、しめ縄+剣闘士、攻撃全振り),112033.8,,0,0,1.6
和璞鳶,辰砂4,防御%+岩バフ+会心率,ファルザン(西風、完凸)+フリーナ(フル)+閑雲(鶴鳴の余韻、しめ縄+剣闘士、攻撃全振り),112033.8,,0,0,1.6
和璞鳶,辰砂4,防御%+岩バフ+会心ダメージ,ファルザン(西風、完凸)+フリーナ(フル)+閑雲(鶴鳴の余韻、しめ縄+剣闘士、攻撃全振り),112033.8,,0,0,1.6
和璞鳶,辰砂4,防御%+草バフ+会心率,ファルザン(西風、完凸)+フリーナ(フル)+閑雲(鶴鳴の余韻、しめ縄+剣闘士、攻撃全振り),112033.8,,0,0,1.6
和璞鳶,辰砂4,防御%+草バフ+会心ダメージ,ファルザン(西風、完凸)+フリーナ(フル)+閑雲(鶴鳴の余韻、しめ縄+剣闘士、攻撃全振り),112033.8,,0,0,1.6
和璞鳶,辰砂4,防御%+物理バフ+会心率,ファルザン(西風、完凸)+フリーナ(フル)+閑雲(鶴鳴の余韻、しめ縄+剣闘士、攻撃全振り),112033.8,,0,0,1.6
和璞鳶,辰砂4,防御%+物理バフ+会心ダメージ,ファルザン(西風、完凸)+フリーナ(フル)+閑雲(鶴鳴の余韻、しめ縄+剣闘士、攻撃全振り),112033.8,,0,0,1.6
和璞鳶,辰砂4,HP%+HP%+会心率,ファルザン(西風、完凸)+フリーナ(フル)+閑雲(鶴鳴の余韻、しめ縄+剣闘士、攻撃全振り),112033.8,,0,0,1.6
和璞鳶,辰砂4,HP%+HP%+会心ダメージ,ファルザン(西風、完凸)+フリーナ(フル)+閑雲(鶴鳴の余韻、しめ縄+剣闘士、攻撃全振り),112033.8,,0,0,1.6
和璞鳶,辰砂4,HP%+元素熟知+会心率,ファルザン(西風、完凸)+フリーナ(フル)+閑雲(鶴鳴の余韻、しめ縄+剣闘士、攻撃全振り),112033.8,,0,0,1.6
和璞鳶,辰砂4,HP%+元素熟知+会心ダメージ,ファルザン(西風、完凸)+フリーナ(フル)+閑雲(鶴鳴の余韻、しめ縄+剣闘士、攻撃全振り),112033.8,,0,0,1.6
和璞鳶,辰砂4,HP%+炎バフ+会心率,ファルザン(西風、完凸)+フリーナ(フル)+閑雲(鶴鳴の余韻、しめ縄+剣闘士、攻撃全振り),112033.8,,0,0,1.6
和璞鳶,辰砂4,HP%+炎バフ+会心ダメージ,ファルザン(西風、完凸)+フリーナ(フル)+閑雲(鶴鳴の余韻、しめ縄+剣闘士、攻撃全振り),112033.8,,0,0,1.6
和璞鳶,辰砂4,HP%+水バフ+会心率,ファルザン(西風、完凸)+フリーナ(フル)+閑雲(鶴鳴の余韻、しめ縄+剣闘士、攻撃全振り),112033.8,,0,0,1.6
和璞鳶,辰砂4,HP%+水バフ+会心ダメージ,ファルザン(西風、完凸)+フリーナ(フル)+閑雲(鶴鳴の余韻、しめ縄+剣闘士、攻撃全振り),112033.8,,0,0,1.6
和璞鳶,辰砂4,HP%+雷バフ+会心率,ファルザン(西風、完凸)+フリーナ(フル)+閑雲(鶴鳴の余韻、しめ縄+剣闘士、攻撃全振り),112033.8,,0,0,1.6
和璞鳶,辰砂4,HP%+雷バフ+会心ダメージ,ファルザン(西風、完凸)+フリーナ(フル)+閑雲(鶴鳴の余韻、しめ縄+剣闘士、攻撃全振り),112033.8,,0,0,1.6
和璞鳶,辰砂4,HP%+氷バフ+会心率,ファルザン(西風、完凸)+フリーナ(フル)+閑雲(鶴鳴の余韻、しめ縄+剣闘士、攻撃全振り),112033.8,,0,0,1.6
和璞鳶,辰砂4,HP%+氷バフ+会心ダメージ,ファルザン(西風、完凸)+フリーナ(フル)+閑雲(鶴鳴の余韻、しめ縄+剣闘士、攻撃全振り),112033.8,,0,0,1.6
和璞鳶,辰砂4,HP%+岩バフ+会心率,ファルザン(西風、完凸)+フリーナ(フル)+閑雲(鶴鳴の余韻、しめ縄+剣闘士、攻撃全振り),112033.8,,0,0,1.6
和璞鳶,辰砂4,HP%+岩バフ+会心ダメージ,ファルザン(西風、完凸)+フリーナ(フル)+閑雲(鶴鳴の余韻、しめ縄+剣闘士、攻撃全振り),112033.8,,0,0,1.6
和璞鳶,辰砂4,HP%+草バフ+会心率,ファルザン(西風、完凸)+フリーナ(フル)+閑雲(鶴鳴の余韻、しめ縄+剣闘士、攻撃全振り),112033.8,,0,0,1.6
和璞鳶,辰砂4,HP%+草バフ+会心ダメージ,ファルザン(西風、完凸)+フリーナ(フル)+閑雲(鶴鳴の余韻、しめ縄+剣闘士、攻撃全振り),112033.8,,0,0,1.6
和璞鳶,辰砂4,HP%+物理バフ+会心率,ファルザン(西風、完凸)+フリーナ(フル)+閑雲(鶴鳴の余韻、しめ縄+剣闘士、攻撃全振り),112033.8,,0,0,1.6
和璞鳶,辰砂4,HP%+物理バフ+会心ダメージ,ファルザン(西風、完凸)+フリーナ(フル)+閑雲(鶴鳴の余韻、しめ縄+剣闘士、攻撃全振り),112033.8,,0,0,1.6
和璞鳶,辰砂4,元素熟知+元素熟知+会心率,ファルザン(西風、完凸)+フリーナ(フル)+閑雲(鶴鳴の余韻、しめ縄+剣闘士、攻撃全振り),112033.8,,0,0,1.6
和璞鳶,辰砂4,元素熟知+元素熟知+会心ダメージ,ファルザン(西風、完凸)+フリーナ(フル)+閑雲(鶴鳴の余韻、しめ縄+剣闘士、攻撃全振り),112033.8,,0,0,1.6
和璞鳶,辰砂4,元素熟知+炎バフ+会心率,ファルザン(西風、完凸)+フリーナ(フル)+閑雲(鶴鳴の余韻、しめ縄+剣闘士、攻撃全振り),112033.8,,0,0,1.6
和璞鳶,辰砂4,元素熟知+炎バフ+会心ダメージ,ファルザン(西風、完凸)+フリーナ(フル)+閑雲(鶴鳴の余韻、しめ縄+剣闘士、攻撃全振り),112033.8,,0,0,1.6
和璞鳶,辰砂4,元素熟知+水バフ+会心率,ファルザン(西風、完凸)+フリーナ(フル)+閑雲(鶴鳴の余韻、しめ縄+剣闘士、攻撃全振り),112033.8,,0,0,1.6
和璞鳶,辰砂4,元素熟知+水バフ+会心ダメージ,ファルザン(西風、完凸)+フリーナ(フル)+閑雲(鶴鳴の余韻、しめ縄+剣闘士、攻撃全振り),112033.8,,0,0,1.6
和璞鳶,辰砂4,元素熟知+雷バフ+会心率,ファルザン(西風、完凸)+フリーナ(フル)+閑雲(鶴鳴の余韻、しめ縄+剣闘士、攻撃全振り),112033.8,,0,0,1.6
和璞鳶,辰砂4,元素熟知+雷バフ+会心ダメージ,ファルザン(西風、完凸)+フリーナ(フル)+閑雲(鶴鳴の余韻、しめ縄+剣闘士、攻撃全振り),112033.8,,0,0,1.6
和璞鳶,辰砂4,元素熟知+氷バフ+会心率,ファルザン(西風、完凸)+フリーナ(フル)+閑雲(鶴鳴の余韻、しめ縄+剣闘士、攻撃全振り),112033.8,,0,0,1.6
和璞鳶,辰砂4,元素熟知+氷バフ+会心ダメージ,ファルザン(西風、完凸)+フリーナ(フル)+閑雲(鶴鳴の余韻、しめ縄+剣闘士、攻撃全振り),112033.8,,0,0,1.6
和璞鳶,辰砂4,元素熟知+岩バフ+会心率,ファルザン(西風、完凸)+フリーナ(フル)+閑雲(鶴鳴の余韻、しめ縄+剣闘士、攻撃全振り),112033.8,,0,0,1.6
和璞鳶,辰砂4,元素熟知+岩バフ+会心ダメージ,ファルザン(西風、完凸)+フリーナ(フル)+閑雲(鶴鳴の余韻、しめ縄+剣闘士、攻撃全振り),112033.8,,0,0,1.6
和璞鳶,辰砂4,元素熟知+草バフ+会心率,ファルザン(西風、完凸)+フリーナ(フル)+閑雲(鶴鳴の余韻、しめ縄+剣闘士、攻撃全振り),112033.8,,0,0,1.6
和璞鳶,辰砂4,元素熟知+草バフ+会心ダメージ,ファルザン(西風、完凸)+フリーナ(フル)+閑雲(鶴鳴の余韻、しめ縄+剣闘士、攻撃全振り),112033.8,,0,0,1.6
和璞鳶,辰砂4,元素熟知+物理バフ+会心率,ファルザン(西風、完凸)+フリーナ(フル)+閑雲(鶴鳴の余韻、しめ縄+剣闘士、攻撃全振り),112033.8,,0,0,1.6
和璞鳶,辰砂4,元素熟知+物理バフ+会心ダメージ,ファルザン(西風、完凸)+フリーナ(フル)+閑雲(鶴鳴の余韻、しめ縄+剣闘士、攻撃全振り),112033.8,,0,0,1.6
和璞鳶,辰砂4,元チャ+防御%+会心率,ファルザン(西風、完凸)+フリーナ(フル)+閑雲(鶴鳴の余韻、しめ縄+剣闘士、攻撃全振り),112033.8,,0,0,1.6
和璞鳶,辰砂4,元チャ+防御%+会心ダメージ,ファルザン(西風、完凸)+フリーナ(フル)+閑雲(鶴鳴の余韻、しめ縄+剣闘士、攻撃全振り),112033.8,,0,0,1.6
和璞鳶,辰砂4,元チャ+HP%+会心率,ファルザン(西風、完凸)+フリーナ(フル)+閑雲(鶴鳴の余韻、しめ縄+剣闘士、攻撃全振り),112033.8,,0,0,1.6
和璞鳶,辰砂4,元チャ+HP%+会心ダメージ,ファルザン(西風、完凸)+フリーナ(フル)+閑雲(鶴鳴の余韻、しめ縄+剣闘士、攻撃全振り),112033.8,,0,0,1.6
和璞鳶,辰砂4,元チャ+元素熟知+会心率,ファルザン(西風、完凸)+フリーナ(フル)+閑雲(鶴鳴の余韻、しめ縄+剣闘士、攻撃全振り),112033.8,,0,0,1.6
和璞鳶,辰砂4,元チャ+元素熟知+会心ダメージ,ファルザン(西風、完凸)+フリーナ(フル)+閑雲(鶴鳴の余韻、しめ縄+剣闘士、攻撃全振り),112033.8,,0,0,1.6
和璞鳶,辰砂4,元チャ+炎バフ+会心率,ファルザン(西風、完凸)+フリーナ(フル)+閑雲(鶴鳴の余韻、しめ縄+剣闘士、攻撃全振り),112033.8,,0,0,1.6
和璞鳶,辰砂4,元チャ+炎バフ+会心ダメージ,ファルザン(西風、完凸)+フリーナ(フル)+閑雲(鶴鳴の余韻、しめ縄+剣闘士、攻撃全振り),112033.8,,0,0,1.6
和璞鳶,辰砂4,元チャ+水バフ+会心率,ファルザン(西風、完凸)+フリーナ(フル)+閑雲(鶴鳴の余韻、しめ縄+剣闘士、攻撃全振り),112033.8,,0,0,1.6
和璞鳶,辰砂4,元チャ+水バフ+会心ダメージ,ファルザン(西風、完凸)+フリーナ(フル)+閑雲(鶴鳴の余韻、しめ縄+剣闘士、攻撃全振り),112033.8,,0,0,1.6
和璞鳶,辰砂4,元チャ+雷バフ+会心率,ファルザン(西風、完凸)+フリーナ(フル)+閑雲(鶴鳴の余韻、しめ縄+剣闘士、攻撃全振り),112033.8,,0,0,1.6
和璞鳶,辰砂4,元チャ+雷バフ+会心ダメージ,ファルザン(西風、完凸)+フリーナ(フル)+閑雲(鶴鳴の余韻、しめ縄+剣闘士、攻撃全振り),112033.8,,0,0,1.6
和璞鳶,辰砂4,元チャ+氷バフ+会心率,ファルザン(西風、完凸)+フリーナ(フル)+閑雲(鶴鳴の余韻、しめ縄+剣闘士、攻撃全振り),112033.8,,0,0,1.6
和璞鳶,辰砂4,元チャ+氷バフ+会心ダメージ,ファルザン(西風、完凸)+フリーナ(フル)+閑雲(鶴鳴の余韻、しめ縄+剣闘士、攻撃全振り),112033.8,,0,0,1.6
和璞鳶,辰砂4,元チャ+岩バフ+会心率,ファルザン(西風、完凸)+フリーナ(フル)+閑雲(鶴鳴の余韻、しめ縄+剣闘士、攻撃全振り),112033.8,,0,0,1.6
和璞鳶,辰砂4,元チャ+岩バフ+会心ダメージ,ファルザン(西風、完凸)+フリーナ(フル)+閑雲(鶴鳴の余韻、しめ縄+剣闘士、攻撃全振り),112033.8,,0,0,1.6
和璞鳶,辰砂4,元チャ+草バフ+会心率,ファルザン(西風、完凸)+フリーナ(フル)+閑雲(鶴鳴の余韻、しめ縄+剣闘士、攻撃全振り),112033.8,,0,0,1.6
和璞鳶,辰砂4,元チャ+草バフ+会心ダメージ,ファルザン(西風、完凸)+フリーナ(フル)+閑雲(鶴鳴の余韻、しめ縄+剣闘士、攻撃全振り),112033.8,,0,0,1.6
和璞鳶,辰砂4,元チャ+物理バフ+会心率,ファルザン(西風、完凸)+フリーナ(フル)+閑雲(鶴鳴の余韻、しめ縄+剣闘士、攻撃全振り),112033.8,,0,0,1.6
和璞鳶,辰砂4,元チャ+物理バフ+会心ダメージ,ファルザン(西風、完凸)+フリーナ(フル)+閑雲(鶴鳴の余韻、しめ縄+剣闘士、攻撃全振り),112033.8,,0,0,1.6
護摩,ファントム4,HP%+HP%+会心率,ファルザン(西風、完凸)+ベネット(西風、旧貴族)+閑雲(鶴鳴の余韻、しめ縄+剣闘士、攻撃全振り),111982.9,,0,0,1.6
護摩,ファントム4,HP%+HP%+会心ダメージ,ファルザン(西風、完凸)+ベネット(西風、旧貴族)+閑雲(鶴鳴の余韻、しめ縄+剣闘士、攻撃全振り),111982.9,,0,0,1.6
和璞鳶,ファントム4,攻撃%+攻撃%+会心ダメージ,フリーナ(フル)+ベネット(西風、旧貴族)+閑雲(鶴鳴の余韻、しめ縄+剣闘士、攻撃全振り),111975.5,,0,0,1.6
護摩,ファントム4,防御%+風バフ+防御%,ファルザン(西風、完凸)+フリーナ(フル)+閑雲(鶴鳴の余韻、しめ縄+剣闘士、攻撃全振り),111667.6,,0,0,1.6
護摩,ファントム4,防御%+風バフ+元素熟知,ファルザン(西風、完凸)+フリーナ(フル)+閑雲(鶴鳴の余韻、しめ縄+剣闘士、攻撃全振り),111667.6,,0,0,1.6
護摩,ファントム4,防御%+風バフ+治癒効果,ファルザン(西風、完凸)+フリーナ(フル)+閑雲(鶴鳴の余韻、しめ縄+剣闘士、攻撃全振り),111667.6,,0,0,1.6
護摩,ファントム4,元素熟知+風バフ+元素熟知,ファルザン(西風、完凸)+フリーナ(フル)+閑雲(鶴鳴の余韻、しめ縄+剣闘士、攻撃全振り),111667.6,,0,0,1.6
護摩,ファントム4,元素熟知+風バフ+治癒効果,ファルザン(西風、完凸)+フリーナ(フル)+閑雲(鶴鳴の余韻、しめ縄+剣闘士、攻撃全振り),111667.6,,0,0,1.6
護摩,ファントム4,元チャ+風バフ+防御%,ファルザン(西風、完凸)+フリーナ(フル)+閑雲(鶴鳴の余韻、しめ縄+剣闘士、攻撃全振り),111667.6,,0,0,1.6
護摩,ファントム4,元チャ+風バフ+元素熟知,ファルザン(西風、完凸)+フリーナ(フル)+閑雲(鶴鳴の余韻、しめ縄+剣闘士、攻撃全振り),111667.6,,0,0,1.6
護摩,ファントム4,元チャ+風バフ+治癒効果,ファルザン(西風、完凸)+フリーナ(フル)+閑雲(鶴鳴の余韻、しめ縄+剣闘士、攻撃全振り),111667.6,,0,0,1.6
草薙の稲光,辰砂4,攻撃%+風バフ+会心ダメージ,ファルザン(西風、完凸)+フリーナ(フル)+閑雲(鶴鳴の余韻、しめ縄+剣闘士、攻撃全振り),111460.3,,0,0,1.6
草薙の稲光,辰砂4,攻撃%+風バフ+会心率,ファルザン(西風、完凸)+フリーナ(フル)+閑雲(鶴鳴の余韻、しめ縄+剣闘士、攻撃全振り),111460.2,,0,0,1.6
護摩,ファントム4,攻撃%+攻撃%+会心率,フリーナ(フル)+ベネット(西風、旧貴族)+閑雲(鶴鳴の余韻、しめ縄+剣闘士、攻撃全振り),111365,,0,0,1.6
護摩,ファントム4,攻撃%+攻撃%+会心ダメージ,フリーナ(フル)+ベネット(西風、旧貴族)+閑雲(鶴鳴の余韻、しめ縄+剣闘士、攻撃全振り),111365,,0,0,1.6
護摩,辰砂4,攻撃%+攻撃%+HP%,ファルザン(西風、完凸)+ベネット(西風、旧貴族)+閑雲(鶴鳴の余韻、しめ縄+剣闘士、攻撃全振り),111364.8,,0,0,1.6
和璞鳶,ファントム4,攻撃%+風バフ+攻撃%,ファルザン(西風、完凸)+閑雲(鶴鳴の余韻、しめ縄+剣闘士、攻撃全振り),111342.5,,0,0,1.6
和璞鳶,ファントム4,攻撃%+風バフ+攻撃%,ファルザン(西風、完凸)+閑雲(鶴鳴の余韻、しめ縄+剣闘士、攻撃全振り)+白朮,111342.5,,0,0,1.6
草薙の稲光,ファントム4,攻撃%+攻撃%+会心率,ファルザン(西風、完凸)+フリーナ(フル)+閑雲(鶴鳴の余韻、しめ縄+剣闘士、攻撃全振り),111242.2,,0,0,1.6
草薙の稲光,ファントム4,攻撃%+攻撃%+会心ダメージ,ファルザン(西風、完凸)+フリーナ(フル)+閑雲(鶴鳴の余韻、しめ縄+剣闘士、攻撃全振り),111242.2,,0,0,1.6
護摩,ファントム4,攻撃%+風バフ+攻撃%,ファルザン(西風、完凸)+閑雲(鶴鳴の余韻、しめ縄+剣闘士、攻撃全振り),111208.4,,0,0,1.6
護摩,ファントム4,攻撃%+風バフ+攻撃%,ファルザン(西風、完凸)+閑雲(鶴鳴の余韻、しめ縄+剣闘士、攻撃全振り)+白朮,111208.4,,0,0,1.6
護摩,ファントム4,HP%+風バフ+会心率,ファルザン(西風、完凸)+閑雲(鶴鳴の余韻、しめ縄+剣闘士、攻撃全振り)+鍾離,111207.9,,0,0,1.6
護摩,ファントム4,HP%+風バフ+会心ダメージ,ファルザン(西風、完凸)+閑雲(鶴鳴の余韻、しめ縄+剣闘士、攻撃全振り)+鍾離,111207.9,,0,0,1.6
護摩,ファントム4,攻撃%+風バフ+攻撃%,フリーナ(フル)+閑雲(鶴鳴の余韻、しめ縄+剣闘士、攻撃全振り)+鍾離,111043.6,,0,0,1.6
護摩,ファントム4,攻撃%+HP%+HP%,ファルザン(西風、完凸)+ベネット(西風、旧貴族)+閑雲(鶴鳴の余韻、しめ縄+剣闘士、攻撃全振り),111017.7,,0,0,1.6
護摩,ファントム4,防御%+HP%+会心率,ファルザン(西風、完凸)+フリーナ(フル)+閑雲(鶴鳴の余韻、しめ縄+剣闘士、攻撃全振り),110945.6,,0,0,1.6
護摩,ファントム4,防御%+HP%+会心ダメージ,ファルザン(西風、完凸)+フリーナ(フル)+閑雲(鶴鳴の余韻、しめ縄+剣闘士、攻撃全振り),110945.6,,0,0,1.6
護摩,ファントム4,HP%+元素熟知+会心率,ファルザン(西風、完凸)+フリーナ(フル)+閑雲(鶴鳴の余韻、しめ縄+剣闘士、攻撃全振り),110945.6,,0,0,1.6
護摩,ファントム4,HP%+元素熟知+会心ダメージ,ファルザン(西風、完凸)+フリーナ(フル)+閑雲(鶴鳴の余韻、しめ縄+剣闘士、攻撃全振り),110945.6,,0,0,1.6
護摩,ファントム4,HP%+炎バフ+会心率,ファルザン(西風、完凸)+フリーナ(フル)+閑雲(鶴鳴の余韻、しめ縄+剣闘士、攻撃全振り),110945.6,,0,0,1.6
護摩,ファントム4,HP%+炎バフ+会心ダメージ,ファルザン(西風、完凸)+フリーナ(フル)+閑雲(鶴鳴の余韻、しめ縄+剣闘士、攻撃全振り),110945.6,,0,0,1.6
護摩,ファントム4,HP%+水バフ+会心率,ファルザン(西風、完凸)+フリーナ(フル)+閑雲(鶴鳴の余韻、しめ縄+剣闘士、攻撃全振り),110945.6,,0,0,1.6
護摩,ファントム4,HP%+水バフ+会心ダメージ,ファルザン(西風、完凸)+フリーナ(フル)+閑雲(鶴鳴の余韻、しめ縄+剣闘士、攻撃全振り),110945.6,,0,0,1.6
護摩,ファントム4,HP%+雷バフ+会心率,ファルザン(西風、完凸)+フリーナ(フル)+閑雲(鶴鳴の余韻、しめ縄+剣闘士、攻撃全振り),110945.6,,0,0,1.6
護摩,ファントム4,HP%+雷バフ+会心ダメージ,ファルザン(西風、完凸)+フリーナ(フル)+閑雲(鶴鳴の余韻、しめ縄+剣闘士、攻撃全振り),110945.6,,0,0,1.6
護摩,ファントム4,HP%+氷バフ+会心率,ファルザン(西風、完凸)+フリーナ(フル)+閑雲(鶴鳴の余韻、しめ縄+剣闘士、攻撃全振り),110945.6,,0,0,1.6
護摩,ファントム4,HP%+氷バフ+会心ダメージ,ファルザン(西風、完凸)+フリーナ(フル)+閑雲(鶴鳴の余韻、しめ縄+剣闘士、攻撃全振り),110945.6,,0,0,1.6
護摩,ファントム4,HP%+岩バフ+会心率,ファルザン(西風、完凸)+フリーナ(フル)+閑雲(鶴鳴の余韻、しめ縄+剣闘士、攻撃全振り),110945.6,,0,0,1.6
護摩,ファントム4,HP%+岩バフ+会心ダメージ,ファルザン(西風、完凸)+フリーナ(フル)+閑雲(鶴鳴の余韻、しめ縄+剣闘士、攻撃全振り),110945.6,,0,0,1.6
護摩,ファントム4,HP%+草バフ+会心率,ファルザン(西風、完凸)+フリーナ(フル)+閑雲(鶴鳴の余韻、しめ縄+剣闘士、攻撃全振り),110945.6,,0,0,1.6
護摩,ファントム4,HP%+草バフ+会心ダメージ,ファルザン(西風、完凸)+フリーナ(フル)+閑雲(鶴鳴の余韻、しめ縄+剣闘士、攻撃全振り),110945.6,,0,0,1.6
護摩,ファントム4,HP%+物理バフ+会心率,ファルザン(西風、完凸)+フリーナ(フル)+閑雲(鶴鳴の余韻、しめ縄+剣闘士、攻撃全振り),110945.6,,0,0,1.6
護摩,ファントム4,HP%+物理バフ+会心ダメージ,ファルザン(西風、完凸)+フリーナ(フル)+閑雲(鶴鳴の余韻、しめ縄+剣闘士、攻撃全振り),110945.6,,0,0,1.6
護摩,ファントム4,元チャ+HP%+会心率,ファルザン(西風、完凸)+フリーナ(フル)+閑雲(鶴鳴の余韻、しめ縄+剣闘士、攻撃全振り),110945.6,,0,0,1.6
護摩,ファントム4,元チャ+HP%+会心ダメージ,ファルザン(西風、完凸)+フリーナ(フル)+閑雲(鶴鳴の余韻、しめ縄+剣闘士、攻撃全振り),110945.6,,0,0,1.6
護摩,辰砂4,防御%+風バフ+防御%,ファルザン(西風、完凸)+フリーナ(フル)+閑雲(鶴鳴の余韻、しめ縄+剣闘士、攻撃全振り),110908.6,,0,0,1.6
護摩,辰砂4,防御%+風バフ+元素熟知,ファルザン(西風、完凸)+フリーナ(フル)+閑雲(鶴鳴の余韻、しめ縄+剣闘士、攻撃全振り),110908.6,,0,0,1.6
護摩,辰砂4,防御%+風バフ+治癒効果,ファルザン(西風、完凸)+フリーナ(フル)+閑雲(鶴鳴の余韻、しめ縄+剣闘士、攻撃全振り),110908.6,,0,0,1.6
護摩,辰砂4,元素熟知+風バフ+元素熟知,ファルザン(西風、完凸)+フリーナ(フル)+閑雲(鶴鳴の余韻、しめ縄+剣闘士、攻撃全振り),110908.6,,0,0,1.6
護摩,辰砂4,元素熟知+風バフ+治癒効果,ファルザン(西風、完凸)+フリーナ(フル)+閑雲(鶴鳴の余韻、しめ縄+剣闘士、攻撃全振り),110908.6,,0,0,1.6
護摩,辰砂4,元チャ+風バフ+防御%,ファルザン(西風、完凸)+フリーナ(フル)+閑雲(鶴鳴の余韻、しめ縄+剣闘士、攻撃全振り),110908.6,,0,0,1.6
護摩,辰砂4,元チャ+風バフ+元素熟知,ファルザン(西風、完凸)+フリーナ(フル)+閑雲(鶴鳴の余韻、しめ縄+剣闘士、攻撃全振り),110908.6,,0,0,1.6
護摩,辰砂4,元チャ+風バフ+治癒効果,ファルザン(西風、完凸)+フリーナ(フル)+閑雲(鶴鳴の余韻、しめ縄+剣闘士、攻撃全振り),110908.6,,0,0,1.6
護摩,ファントム4,攻撃%+風バフ+会心率,フリーナ(フル)+閑雲(鶴鳴の余韻、しめ縄+剣闘士、攻撃全振り)+鍾離,110898.4,,0,0,1.6
護摩,ファントム4,攻撃%+風バフ+会心ダメージ,フリーナ(フル)+閑雲(鶴鳴の余韻、しめ縄+剣闘士、攻撃全振り)+鍾離,110898.4,,0,0,1.6
護摩,辰砂4,防御%+HP%+会心率,ファルザン(西風、完凸)+ベネット(西風、旧貴族)+閑雲(鶴鳴の余韻、しめ縄+剣闘士、攻撃全振り),110878.2,,0,0,1.6
護摩,辰砂4,防御%+HP%+会心ダメージ,ファルザン(西風、完凸)+ベネット(西風、旧貴族)+閑雲(鶴鳴の余韻、しめ縄+剣闘士、攻撃全振り),110878.2,,0,0,1.6
護摩,辰砂4,HP%+元素熟知+会心率,ファルザン(西風、完凸)+ベネット(西風、旧貴族)+閑雲(鶴鳴の余韻、しめ縄+剣闘士、攻撃全振り),110878.2,,0,0,1.6
護摩,辰砂4,HP%+元素熟知+会心ダメージ,ファルザン(西風、完凸)+ベネット(西風、旧貴族)+閑雲(鶴鳴の余韻、しめ縄+剣闘士、攻撃全振り),110878.2,,0,0,1.6
護摩,辰砂4,HP%+炎バフ+会心率,ファルザン(西風、完凸)+ベネット(西風、旧貴族)+閑雲(鶴鳴の余韻、しめ縄+剣闘士、攻撃全振り),110878.2,,0,0,1.6
護摩,辰砂4,HP%+炎バフ+会心ダメージ,ファルザン(西風、完凸)+ベネット(西風、旧貴族)+閑雲(鶴鳴の余韻、しめ縄+剣闘士、攻撃全振り),110878.2,,0,0,1.6
護摩,辰砂4,HP%+水バフ+会心率,ファルザン(西風、完凸)+ベネット(西風、旧貴族)+閑雲(鶴鳴の余韻、しめ縄+剣闘士、攻撃全振り),110878.2,,0,0,1.6
護摩,辰砂4,HP%+水バフ+会心ダメージ,ファルザン(西風、完凸)+ベネット(西風、旧貴族)+閑雲(鶴鳴の余韻、しめ縄+剣闘士、攻撃全振り),110878.2,,0,0,1.6
護摩,辰砂4,HP%+雷バフ+会心率,ファルザン(西風、完凸)+ベネット(西風、旧貴族)+閑雲(鶴鳴の余韻、しめ縄+剣闘士、攻撃全振り),110878.2,,0,0,1.6
護摩,辰砂4,HP%+雷バフ+会心ダメージ,ファルザン(西風、完凸)+ベネット(西風、旧貴族)+閑雲(鶴鳴の余韻、しめ縄+剣闘士、攻撃全振り),110878.2,,0,0,1.6
護摩,辰砂4,HP%+氷バフ+会心率,ファルザン(西風、完凸)+ベネット(西風、旧貴族)+閑雲(鶴鳴の余韻、しめ縄+剣闘士、攻撃全振り),110878.2,,0,0,1.6
護摩,辰砂4,HP%+氷バフ+会心ダメージ,ファルザン(西風、完凸)+ベネット(西風、旧貴族)+閑雲(鶴鳴の余韻、しめ縄+剣闘士、攻撃全振り),110878.2,,0,0,1.6
護摩,辰砂4,HP%+岩バフ+会心率,ファルザン(西風、完凸)+ベネット(西風、旧貴族)+閑雲(鶴鳴の余韻、しめ縄+剣闘士、攻撃全振り),110878.2,,0,0,1.6
護摩,辰砂4,HP%+岩バフ+会心ダメージ,ファルザン(西風、完凸)+ベネット(西風、旧貴族)+閑雲(鶴鳴の余韻、しめ縄+剣闘士、攻撃全振り),110878.2,,0,0,1.6
護摩,辰砂4,HP%+草バフ+会心率,ファルザン(西風、完凸)+ベネット(西風、旧貴族)+閑雲(鶴鳴の余韻、しめ縄+剣闘士、攻撃全振り),110878.2,,0,0,1.6
護摩,辰砂4,HP%+草バフ+会心ダメージ,ファルザン(西風、完凸)+ベネット(西風、旧貴族)+閑雲(鶴鳴の余韻、しめ縄+剣闘士、攻撃全振り),110878.2,,0,0,1.6
護摩,辰砂4,HP%+物理バフ+会心率,ファルザン(西風、完凸)+ベネット(西風、旧貴族)+閑雲(鶴鳴の余韻、しめ縄+剣闘士、攻撃全振り),110878.2,,0,0,1.6
護摩,辰砂4,HP%+物理バフ+会心ダメージ,ファルザン(西風、完凸)+ベネット(西風、旧貴族)+閑雲(鶴鳴の余韻、しめ縄+剣闘士、攻撃全振り),110878.2,,0,0,1.6
護摩,辰砂4,元チャ+HP%+会心率,ファルザン(西風、完凸)+ベネット(西風、旧貴族)+閑雲(鶴鳴の余韻、しめ縄+剣闘士、攻撃全振り),110878.2,,0,0,1.6
護摩,辰砂4,元チャ+HP%+会心ダメージ,ファルザン(西風、完凸)+ベネット(西風、旧貴族)+閑雲(鶴鳴の余韻、しめ縄+剣闘士、攻撃全振り),110878.2,,0,0,1.6
護摩,辰砂4,HP%+風バフ+会心率,フリーナ(フル)+ベネット(西風、旧貴族)+閑雲(鶴鳴の余韻、しめ縄+剣闘士、攻撃全振り),110837.2,,0,0,1.6
護摩,辰砂4,HP%+風バフ+会心ダメージ,フリーナ(フル)+ベネット(西風、旧貴族)+閑雲(鶴鳴の余韻、しめ縄+剣闘士、攻撃全振り),110837.2,,0,0,1.6
護摩,長き夜の誓い4,攻撃%+攻撃%+攻撃%,フリーナ(フル)+閑雲(鶴鳴の余韻、しめ縄+剣闘士、攻撃全振り)+鍾離,110669,,0,0,1.6
草薙の稲光,辰砂4,攻撃%+風バフ+会心率,ファルザン(西風、完凸)+ベネット(西風、旧貴族)+閑雲(鶴鳴の余韻、しめ縄+剣闘士、攻撃全振り),110629.1,,0,0,1.6
草薙の稲光,辰砂4,攻撃%+風バフ+会心ダメージ,ファルザン(西風、完凸)+ベネット(西風、旧貴族)+閑雲(鶴鳴の余韻、しめ縄+剣闘士、攻撃全振り),110629.1,,0,0,1.6
草薙の稲光,ファントム4,攻撃%+風バフ+攻撃%,ファルザン(西風、完凸)+ベネット(西風、旧貴族)+閑雲(鶴鳴の余韻、しめ縄+剣闘士、攻撃全振り),110619.1,,0,0,1.6
草薙の稲光,ファントム4,攻撃%+風バフ+攻撃%,ファルザン(西風、完凸)+フリーナ(フル)+閑雲(鶴鳴の余韻、しめ縄+剣闘士、攻撃全振り),110603.4,,0,0,1.6
護摩,ファントム4,攻撃%+風バフ+会心率,ファルザン(西風、完凸)+閑雲(鶴鳴の余韻、しめ縄+剣闘士、攻撃全振り),110550.7,,0,0,1.6
護摩,ファントム4,攻撃%+風バフ+会心ダメージ,ファルザン(西風、完凸)+閑雲(鶴鳴の余韻、しめ縄+剣闘士、攻撃全振り),110550.7,,0,0,1.6
護摩,ファントム4,攻撃%+風バフ+会心率,ファルザン(西風、完凸)+閑雲(鶴鳴の余韻、しめ縄+剣闘士、攻撃全振り)+白朮,110550.7,,0,0,1.6
護摩,ファントム4,攻撃%+風バフ+会心ダメージ,ファルザン(西風、完凸)+閑雲(鶴鳴の余韻、しめ縄+剣闘士、攻撃全振り)+白朮,110550.7,,0,0,1.6
護摩,ファントム4,HP%+風バフ+会心率,フリーナ(フル)+ベネット(西風、旧貴族)+閑雲(鶴鳴の余韻、しめ縄+剣闘士、攻撃全振り),110459.5,,0,0,1.6
護摩,ファントム4,HP%+風バフ+会心ダメージ,フリーナ(フル)+ベネット(西風、旧貴族)+閑雲(鶴鳴の余韻、しめ縄+剣闘士、攻撃全振り),110459.5,,0,0,1.6
護摩,辰砂4,防御%+風バフ+防御%,ファルザン(西風、完凸)+ベネット(西風、旧貴族)+閑雲(鶴鳴の余韻、しめ縄+剣闘士、攻撃全振り),110459.2,,0,0,1.6
護摩,辰砂4,防御%+風バフ+元素熟知,ファルザン(西風、完凸)+ベネット(西風、旧貴族)+閑雲(鶴鳴の余韻、しめ縄+剣闘士、攻撃全振り),110459.2,,0,0,1.6
護摩,辰砂4,防御%+風バフ+治癒効果,ファルザン(西風、完凸)+ベネット(西風、旧貴族)+閑雲(鶴鳴の余韻、しめ縄+剣闘士、攻撃全振り),110459.2,,0,0,1.6
護摩,辰砂4,元素熟知+風バフ+元素熟知,ファルザン(西風、完凸)+ベネット(西風、旧貴族)+閑雲(鶴鳴の余韻、しめ縄+剣闘士、攻撃全振り),110459.2,,0,0,1.6
護摩,辰砂4,元素熟知+風バフ+治癒効果,ファルザン(西風、完凸)+ベネット(西風、旧貴族)+閑雲(鶴鳴の余韻、しめ縄+剣闘士、攻撃全振り),110459.2,,0,0,1.6
護摩,辰砂4,元チャ+風バフ+防御%,ファルザン(西風、完凸)+ベネット(西風、旧貴族)+閑雲(鶴鳴の余韻、しめ縄+剣闘士、攻撃全振り),110459.2,,0,0,1.6
護摩,辰砂4,元チャ+風バフ+元素熟知,ファルザン(西風、完凸)+ベネット(西風、旧貴族)+閑雲(鶴鳴の余韻、しめ縄+剣闘士、攻撃全振り),110459.2,,0,0,1.6
護摩,辰砂4,元チャ+風バフ+治癒効果,ファルザン(西風、完凸)+ベネット(西風、旧貴族)+閑雲(鶴鳴の余韻、しめ縄+剣闘士、攻撃全振り),110459.2,,0,0,1.6
和璞鳶,ファントム4,攻撃%+風バフ+会心率,ファルザン(西風、完凸)+閑雲(鶴鳴の余韻、しめ縄+剣闘士、攻撃全振り),110228.5,,0,0,1.6
和璞鳶,ファントム4,攻撃%+風バフ+会心ダメージ,ファルザン(西風、完凸)+閑雲(鶴鳴の余韻、しめ縄+剣闘士、攻撃全振り),110228.5,,0,0,1.6
和璞鳶,ファントム4,攻撃%+風バフ+会心率,ファルザン(西風、完凸)+閑雲(鶴鳴の余韻、しめ縄+剣闘士、攻撃全振り)+白朮,110228.5,,0,0,1.6
和璞鳶,ファントム4,攻撃%+風バフ+会心ダメージ,ファルザン(西風、完凸)+閑雲(鶴鳴の余韻、しめ縄+剣闘士、攻撃全振り)+白朮,110228.5,,0,0,1.6
護摩,辰砂4,攻撃%+風バフ+HP%,ファルザン(西風、完凸)+閑雲(鶴鳴の余韻、しめ縄+剣闘士、攻撃全振り)+鍾離,110050.5,,0,0,1.6
護摩,ファントム4,攻撃%+風バフ+防御%,ファルザン(西風、完凸)+閑雲(鶴鳴の余韻、しめ縄+剣闘士、攻撃全振り)+鍾離,110047.4,,0,0,1.6
護摩,ファントム4,攻撃%+風バフ+元素熟知,ファルザン(西風、完凸)+閑雲(鶴鳴の余韻、しめ縄+剣闘士、攻撃全振り)+鍾離,110047.4,,0,0,1.6
護摩,ファントム4,攻撃%+風バフ+治癒効果,ファルザン(西風、完凸)+閑雲(鶴鳴の余韻、しめ縄+剣闘士、攻撃全振り)+鍾離,110047.4,,0,0,1.6
護摩,ファントム4,元チャ+風バフ+攻撃%,ファルザン(西風、完凸)+閑雲(鶴鳴の余韻、しめ縄+剣闘士、攻撃全振り)+鍾離,110047.4,,0,0,1.6
護摩,辰砂4,攻撃%+攻撃%+会心率,フリーナ(フル)+ベネット(西風、旧貴族)+閑雲(鶴鳴の余韻、しめ縄+剣闘士、攻撃全振り),110045,,0,0,1.6
護摩,辰砂4,攻撃%+攻撃%+会心ダメージ,フリーナ(フル)+ベネット(西風、旧貴族)+閑雲(鶴鳴の余韻、しめ縄+剣闘士、攻撃全振り),110045,,0,0,1.6
和璞鳶,ファントム4,攻撃%+風バフ+会心ダメージ,フリーナ(フル)+閑雲(鶴鳴の余韻、しめ縄+剣闘士、攻撃全振り)+鍾離,109906.7,,0,0,1.6
護摩,辰砂+長き夜の誓い,攻撃%+風バフ+会心率,フリーナ(フル)+閑雲(鶴鳴の余韻、しめ縄+剣闘士、攻撃全振り)+鍾離,109843,,0,0,1.6
護摩,辰砂+長き夜の誓い,攻撃%+風バフ+会心ダメージ,フリーナ(フル)+閑雲(鶴鳴の余韻、しめ縄+剣闘士、攻撃全振り)+鍾離,109843,,0,0,1.6
護摩,辰砂4,攻撃%+防御%+HP%,ファルザン(西風、完凸)+フリーナ(フル)+閑雲(鶴鳴の余韻、しめ縄+剣闘士、攻撃全振り),109790.9,,0,0,1.6
護摩,辰砂4,攻撃%+HP%+元素熟知,ファルザン(西風、完凸)+フリーナ(フル)+閑雲(鶴鳴の余韻、しめ縄+剣闘士、攻撃全振り),109790.9,,0,0,1.6
護摩,辰砂4,攻撃%+HP%+治癒効果,ファルザン(西風、完凸)+フリーナ(フル)+閑雲(鶴鳴の余韻、しめ縄+剣闘士、攻撃全振り),109790.9,,0,0,1.6
護摩,辰砂4,攻撃%+炎バフ+HP%,ファルザン(西風、完凸)+フリーナ(フル)+閑雲(鶴鳴の余韻、しめ縄+剣闘士、攻撃全振り),109790.9,,0,0,1.6
護摩,辰砂4,攻撃%+水バフ+HP%,ファルザン(西風、完凸)+フリーナ(フル)+閑雲(鶴鳴の余韻、しめ縄+剣闘士、攻撃全振り),109790.9,,0,0,1.6
護摩,辰砂4,攻撃%+雷バフ+HP%,ファルザン(西風、完凸)+フリーナ(フル)+閑雲(鶴鳴の余韻、しめ縄+剣闘士、攻撃全振り),109790.9,,0,0,1.6
護摩,辰砂4,攻撃%+氷バフ+HP%,ファルザン(西風、完凸)+フリーナ(フル)+閑雲(鶴鳴の余韻、しめ縄+剣闘士、攻撃全振り),109790.9,,0,0,1.6
護摩,辰砂4,攻撃%+岩バフ+HP%,ファルザン(西風、完凸)+フリーナ(フル)+閑雲(鶴鳴の余韻、しめ縄+剣闘士、攻撃全振り),109790.9,,0,0,1.6
護摩,辰砂4,攻撃%+草バフ+HP%,ファルザン(西風、完凸)+フリーナ(フル)+閑雲(鶴鳴の余韻、しめ縄+剣闘士、攻撃全振り),109790.9,,0,0,1.6
護摩,辰砂4,攻撃%+物理バフ+HP%,ファルザン(西風、完凸)+フリーナ(フル)+閑雲(鶴鳴の余韻、しめ縄+剣闘士、攻撃全振り),109790.9,,0,0,1.6
護摩,辰砂4,元チャ+攻撃%+HP%,ファルザン(西風、完凸)+フリーナ(フル)+閑雲(鶴鳴の余韻、しめ縄+剣闘士、攻撃全振り),109790.9,,0,0,1.6
護摩,ファントム4,攻撃%+防御%+防御%,ファルザン(西風、完凸)+フリーナ(フル)+閑雲(鶴鳴の余韻、しめ縄+剣闘士、攻撃全振り),109787.8,,0,0,1.6
護摩,ファントム4,攻撃%+防御%+元素熟知,ファルザン(西風、完凸)+フリーナ(フル)+閑雲(鶴鳴の余韻、しめ縄+剣闘士、攻撃全振り),109787.8,,0,0,1.6
護摩,ファントム4,攻撃%+防御%+治癒効果,ファルザン(西風、完凸)+フリーナ(フル)+閑雲(鶴鳴の余韻、しめ縄+剣闘士、攻撃全振り),109787.8,,0,0,1.6
護摩,ファントム4,攻撃%+元素熟知+元素熟知,ファルザン(西風、完凸)+フリーナ(フル)+閑雲(鶴鳴の余韻、しめ縄+剣闘士、攻撃全振り),109787.8,,0,0,1.6
護摩,ファントム4,攻撃%+元素熟知+治癒効果,ファルザン(西風、完凸)+フリーナ(フル)+閑雲(鶴鳴の余韻、しめ縄+剣闘士、攻撃全振り),109787.8,,0,0,1.6
護摩,ファントム4,攻撃%+炎バフ+防御%,ファルザン(西風、完凸)+フリーナ(フル)+閑雲(鶴鳴の余韻、しめ縄+剣闘士、攻撃全振り),109787.8,,0,0,1.6
護摩,ファントム4,攻撃%+炎バフ+元素熟知,ファルザン(西風、完凸)+フリーナ(フル)+閑雲(鶴鳴の余韻、しめ縄+剣闘士、攻撃全振り),109787.8,,0,0,1.6
護摩,ファントム4,攻撃%+炎バフ+治癒効果,ファルザン(西風、完凸)+フリーナ(フル)+閑雲(鶴鳴の余韻、しめ縄+剣闘士、攻撃全振り),109787.8,,0,0,1.6
護摩,ファントム4,攻撃%+水バフ+防御%,ファルザン(西風、完凸)+フリーナ(フル)+閑雲(鶴鳴の余韻、しめ縄+剣闘士、攻撃全振り),109787.8,,0,0,1.6
護摩,ファントム4,攻撃%+水バフ+元素熟知,ファルザン(西風、完凸)+フリーナ(フル)+閑雲(鶴鳴の余韻、しめ縄+剣闘士、攻撃全振り),109787.8,,0,0,1.6
護摩,ファントム4,攻撃%+水バフ+治癒効果,ファルザン(西風、完凸)+フリーナ(フル)+閑雲(鶴鳴の余韻、しめ縄+剣闘士、攻撃全振り),109787.8,,0,0,1.6
護摩,ファントム4,攻撃%+雷バフ+防御%,ファルザン(西風、完凸)+フリーナ(フル)+閑雲(鶴鳴の余韻、しめ縄+剣闘士、攻撃全振り),109787.8,,0,0,1.6
護摩,ファントム4,攻撃%+雷バフ+元素熟知,ファルザン(西風、完凸)+フリーナ(フル)+閑雲(鶴鳴の余韻、しめ縄+剣闘士、攻撃全振り),109787.8,,0,0,1.6
護摩,ファントム4,攻撃%+雷バフ+治癒効果,ファルザン(西風、完凸)+フリーナ(フル)+閑雲(鶴鳴の余韻、しめ縄+剣闘士、攻撃全振り),109787.8,,0,0,1.6
護摩,ファントム4,攻撃%+氷バフ+防御%,ファルザン(西風、完凸)+フリーナ(フル)+閑雲(鶴鳴の余韻、しめ縄+剣闘士、攻撃全振り),109787.8,,0,0,1.6
護摩,ファントム4,攻撃%+氷バフ+元素熟知,ファルザン(西風、完凸)+フリーナ(フル)+閑雲(鶴鳴の余韻、しめ縄+剣闘士、攻撃全振り),109787.8,,0,0,1.6
護摩,ファントム4,攻撃%+氷バフ+治癒効果,ファルザン(西風、完凸)+フリーナ(フル)+閑雲(鶴鳴の余韻、しめ縄+剣闘士、攻撃全振り),109787.8,,0,0,1.6
護摩,ファントム4,攻撃%+岩バフ+防御%,ファルザン(西風、完凸)+フリーナ(フル)+閑雲(鶴鳴の余韻、しめ縄+剣闘士、攻撃全振り),109787.8,,0,0,1.6
護摩,ファントム4,攻撃%+岩バフ+元素熟知,ファルザン(西風、完凸)+フリーナ(フル)+閑雲(鶴鳴の余韻、しめ縄+剣闘士、攻撃全振り),109787.8,,0,0,1.6
護摩,ファントム4,攻撃%+岩バフ+治癒効果,ファルザン(西風、完凸)+フリーナ(フル)+閑雲(鶴鳴の余韻、しめ縄+剣闘士、攻撃全振り),109787.8,,0,0,1.6
護摩,ファントム4,攻撃%+草バフ+防御%,ファルザン(西風、完凸)+フリーナ(フル)+閑雲(鶴鳴の余韻、しめ縄+剣闘士、攻撃全振り),109787.8,,0,0,1.6
護摩,ファントム4,攻撃%+草バフ+元素熟知,ファルザン(西風、完凸)+フリーナ(フル)+閑雲(鶴鳴の余韻、しめ縄+剣闘士、攻撃全振り),109787.8,,0,0,1.6
護摩,ファントム4,攻撃%+草バフ+治癒効果,ファルザン(西風、完凸)+フリーナ(フル)+閑雲(鶴鳴の余韻、しめ縄+剣闘士、攻撃全振り),109787.8,,0,0,1.6
護摩,ファントム4,攻撃%+物理バフ+防御%,ファルザン(西風、完凸)+フリーナ(フル)+閑雲(鶴鳴の余韻、しめ縄+剣闘士、攻撃全振り),109787.8,,0,0,1.6
護摩,ファントム4,攻撃%+物理バフ+元素熟知,ファルザン(西風、完凸)+フリーナ(フル)+閑雲(鶴鳴の余韻、しめ縄+剣闘士、攻撃全振り),109787.8,,0,0,1.6
護摩,ファントム4,攻撃%+物理バフ+治癒効果,ファルザン(西風、完凸)+フリーナ(フル)+閑雲(鶴鳴の余韻、しめ縄+剣闘士、攻撃全振り),109787.8,,0,0,1.6
護摩,ファントム4,元チャ+攻撃%+防御%,ファルザン(西風、完凸)+フリーナ(フル)+閑雲(鶴鳴の余韻、しめ縄+剣闘士、攻撃全振り),109787.8,,0,0,1.6
護摩,ファントム4,元チャ+攻撃%+元素熟知,ファルザン(西風、完凸)+フリーナ(フル)+閑雲(鶴鳴の余韻、しめ縄+剣闘士、攻撃全振り),109787.8,,0,0,1.6
護摩,ファントム4,元チャ+攻撃%+治癒効果,ファルザン(西風、完凸)+フリーナ(フル)+閑雲(鶴鳴の余韻、しめ縄+剣闘士、攻撃全振り),109787.8,,0,0,1.6
護摩,ファントム4,元チャ+炎バフ+攻撃%,ファルザン(西風、完凸)+フリーナ(フル)+閑雲(鶴鳴の余韻、しめ縄+剣闘士、攻撃全振り),109787.8,,0,0,1.6
護摩,ファントム4,元チャ+水バフ+攻撃%,ファルザン(西風、完凸)+フリーナ(フル)+閑雲(鶴鳴の余韻、しめ縄+剣闘士、攻撃全振り),109787.8,,0,0,1.6
護摩,ファントム4,元チャ+雷バフ+攻撃%,ファルザン(西風、完凸)+フリーナ(フル)+閑雲(鶴鳴の余韻、しめ縄+剣闘士、攻撃全振り),109787.8,,0,0,1.6
護摩,ファントム4,元チャ+氷バフ+攻撃%,ファルザン(西風、完凸)+フリーナ(フル)+閑雲(鶴鳴の余韻、しめ縄+剣闘士、攻撃全振り),109787.8,,0,0,1.6
護摩,ファントム4,元チャ+岩バフ+攻撃%,ファルザン(西風、完凸)+フリーナ(フル)+閑雲(鶴鳴の余韻、しめ縄+剣闘士、攻撃全振り),109787.8,,0,0,1.6
護摩,ファントム4,元チャ+草バフ+攻撃%,ファルザン(西風、完凸)+フリーナ(フル)+閑雲(鶴鳴の余韻、しめ縄+剣闘士、攻撃全振り),109787.8,,0,0,1.6
護摩,ファントム4,元チャ+物理バフ+攻撃%,ファルザン(西風、完凸)+フリーナ(フル)+閑雲(鶴鳴の余韻、しめ縄+剣闘士、攻撃全振り),109787.8,,0,0,1.6
護摩,ファントム4,防御%+HP%+会心率,ファルザン(西風、完凸)+ベネット(西風、旧貴族)+閑雲(鶴鳴の余韻、しめ縄+剣闘士、攻撃全振り),109663.7,,0,0,1.6
護摩,ファントム4,防御%+HP%+会心ダメージ,ファルザン(西風、完凸)+ベネット(西風、旧貴族)+閑雲(鶴鳴の余韻、しめ縄+剣闘士、攻撃全振り),109663.7,,0,0,1.6
護摩,ファントム4,HP%+元素熟知+会心率,ファルザン(西風、完凸)+ベネット(西風、旧貴族)+閑雲(鶴鳴の余韻、しめ縄+剣闘士、攻撃全振り),109663.7,,0,0,1.6
護摩,ファントム4,HP%+元素熟知+会心ダメージ,ファルザン(西風、完凸)+ベネット(西風、旧貴族)+閑雲(鶴鳴の余韻、しめ縄+剣闘士、攻撃全振り),109663.7,,0,0,1.6
護摩,ファントム4,HP%+炎バフ+会心率,ファルザン(西風、完凸)+ベネット(西風、旧貴族)+閑雲(鶴鳴の余韻、しめ縄+剣闘士、攻撃全振り),109663.7,,0,0,1.6
護摩,ファントム4,HP%+炎バフ+会心ダメージ,ファルザン(西風、完凸)+ベネット(西風、旧貴族)+閑雲(鶴鳴の余韻、しめ縄+剣闘士、攻撃全振り),109663.7,,0,0,1.6
護摩,ファントム4,HP%+水バフ+会心率,ファルザン(西風、完凸)+ベネット(西風、旧貴族)+閑雲(鶴鳴の余韻、しめ縄+剣闘士、攻撃全振り),109663.7,,0,0,1.6
護摩,ファントム4,HP%+水バフ+会心ダメージ,ファルザン(西風、完凸)+ベネット(西風、旧貴族)+閑雲(鶴鳴の余韻、しめ縄+剣闘士、攻撃全振り),109663.7,,0,0,1.6
護摩,ファントム4,HP%+雷バフ+会心率,ファルザン(西風、完凸)+ベネット(西風、旧貴族)+閑雲(鶴鳴の余韻、しめ縄+剣闘士、攻撃全振り),109663.7,,0,0,1.6
護摩,ファントム4,HP%+雷バフ+会心ダメージ,ファルザン(西風、完凸)+ベネット(西風、旧貴族)+閑雲(鶴鳴の余韻、しめ縄+剣闘士、攻撃全振り),109663.7,,0,0,1.6
護摩,ファントム4,HP%+氷バフ+会心率,ファルザン(西風、完凸)+ベネット(西風、旧貴族)+閑雲(鶴鳴の余韻、しめ縄+剣闘士、攻撃全振り),109663.7,,0,0,1.6
護摩,ファントム4,HP%+氷バフ+会心ダメージ,ファルザン(西風、完凸)+ベネット(西風、旧貴族)+閑雲(鶴鳴の余韻、しめ縄+剣闘士、攻撃全振り),109663.7,,0,0,1.6
護摩,ファントム4,HP%+岩バフ+会心率,ファルザン(西風、完凸)+ベネット(西風、旧貴族)+閑雲(鶴鳴の余韻、しめ縄+剣闘士、攻撃全振り),109663.7,,0,0,1.6
護摩,ファントム4,HP%+岩バフ+会心ダメージ,ファルザン(西風、完凸)+ベネット(西風、旧貴族)+閑雲(鶴鳴の余韻、しめ縄+剣闘士、攻撃全振り),109663.7,,0,0,1.6
護摩,ファントム4,HP%+草バフ+会心率,ファルザン(西風、完凸)+ベネット(西風、旧貴族)+閑雲(鶴鳴の余韻、しめ縄+剣闘士、攻撃全振り),109663.7,,0,0,1.6
護摩,ファントム4,HP%+草バフ+会心ダメージ,ファルザン(西風、完凸)+ベネット(西風、旧貴族)+閑雲(鶴鳴の余韻、しめ縄+剣闘士、攻撃全振り),109663.7,,0,0,1.6
護摩,ファントム4,HP%+物理バフ+会心率,ファルザン(西風、完凸)+ベネット(西風、旧貴族)+閑雲(鶴鳴の余韻、しめ縄+剣闘士、攻撃全振り),109663.7,,0,0,1.6
護摩,ファントム4,HP%+物理バフ+会心ダメージ,ファルザン(西風、完凸)+ベネット(西風、旧貴族)+閑雲(鶴鳴の余韻、しめ縄+剣闘士、攻撃全振り),109663.7,,0,0,1.6
護摩,ファントム4,元チャ+HP%+会心率,ファルザン(西風、完凸)+ベネット(西風、旧貴族)+閑雲(鶴鳴の余韻、しめ縄+剣闘士、攻撃全振り),109663.7,,0,0,1.6
護摩,ファントム4,元チャ+HP%+会心ダメージ,ファルザン(西風、完凸)+ベネット(西風、旧貴族)+閑雲(鶴鳴の余韻、しめ縄+剣闘士、攻撃全振り),109663.7,,0,0,1.6
護摩,辰砂4,攻撃%+攻撃%+防御%,ファルザン(西風、完凸)+ベネット(西風、旧貴族)+閑雲(鶴鳴の余韻、しめ縄+剣闘士、攻撃全振り),109555.4,,0,0,1.6
護摩,辰砂4,攻撃%+攻撃%+元素熟知,ファルザン(西風、完凸)+ベネット(西風、旧貴族)+閑雲(鶴鳴の余韻、しめ縄+剣闘士、攻撃全振り),109555.4,,0,0,1.6
護摩,辰砂4,攻撃%+攻撃%+治癒効果,ファルザン(西風、完凸)+ベネット(西風、旧貴族)+閑雲(鶴鳴の余韻、しめ縄+剣闘士、攻撃全振り),109555.4,,0,0,1.6
護摩,辰砂4,攻撃%+炎バフ+攻撃%,ファルザン(西風、完凸)+ベネット(西風、旧貴族)+閑雲(鶴鳴の余韻、しめ縄+剣闘士、攻撃全振り),109555.4,,0,0,1.6
護摩,辰砂4,攻撃%+水バフ+攻撃%,ファルザン(西風、完凸)+ベネット(西風、旧貴族)+閑雲(鶴鳴の余韻、しめ縄+剣闘士、攻撃全振り),109555.4,,0,0,1.6
護摩,辰砂4,攻撃%+雷バフ+攻撃%,ファルザン(西風、完凸)+ベネット(西風、旧貴族)+閑雲(鶴鳴の余韻、しめ縄+剣闘士、攻撃全振り),109555.4,,0,0,1.6
護摩,辰砂4,攻撃%+氷バフ+攻撃%,ファルザン(西風、完凸)+ベネット(西風、旧貴族)+閑雲(鶴鳴の余韻、しめ縄+剣闘士、攻撃全振り),109555.4,,0,0,1.6
護摩,辰砂4,攻撃%+岩バフ+攻撃%,ファルザン(西風、完凸)+ベネット(西風、旧貴族)+閑雲(鶴鳴の余韻、しめ縄+剣闘士、攻撃全振り),109555.4,,0,0,1.6
護摩,辰砂4,攻撃%+草バフ+攻撃%,ファルザン(西風、完凸)+ベネット(西風、旧貴族)+閑雲(鶴鳴の余韻、しめ縄+剣闘士、攻撃全振り),109555.4,,0,0,1.6
護摩,辰砂4,攻撃%+物理バフ+攻撃%,ファルザン(西風、完凸)+ベネット(西風、旧貴族)+閑雲(鶴鳴の余韻、しめ縄+剣闘士、攻撃全振り),109555.4,,0,0,1.6
護摩,辰砂4,元チャ+攻撃%+攻撃%,ファルザン(西風、完凸)+ベネット(西風、旧貴族)+閑雲(鶴鳴の余韻、しめ縄+剣闘士、攻撃全振り),109555.4,,0,0,1.6
和璞鳶,ファントム4,攻撃%+風バフ+会心ダメージ,ベネット(西風、旧貴族)+閑雲(鶴鳴の余韻、しめ縄+剣闘士、攻撃全振り)+鍾離,109499.1,,0,0,1.6
和璞鳶,辰砂4,防御%+防御%+会心率,ファルザン(西風、完凸)+ベネット(西風、旧貴族)+閑雲(鶴鳴の余韻、しめ縄+剣闘士、攻撃全振り),109451.4,,0,0,1.6
和璞鳶,辰砂4,防御%+防御%+会心ダメージ,ファルザン(西風、完凸)+ベネット(西風、旧貴族)+閑雲(鶴鳴の余韻、しめ縄+剣闘士、攻撃全振り),109451.4,,0,0,1.6
和璞鳶,辰砂4,防御%+HP%+会心率,ファルザン(西風、完凸)+ベネット(西風、旧貴族)+閑雲(鶴鳴の余韻、しめ縄+剣闘士、攻撃全振り),109451.4,,0,0,1.6
和璞鳶,辰砂4,防御%+HP%+会心ダメージ,ファルザン(西風、完凸)+ベネット(西風、旧貴族)+閑雲(鶴鳴の余韻、しめ縄+剣闘士、攻撃全振り),109451.4,,0,0,1.6
和璞鳶,辰砂4,防御%+元素熟知+会心率,ファルザン(西風、完凸)+ベネット(西風、旧貴族)+閑雲(鶴鳴の余韻、しめ縄+剣闘士、攻撃全振り),109451.4,,0,0,1.6
和璞鳶,辰砂4,防御%+元素熟知+会心ダメージ,ファルザン(西風、完凸)+ベネット(西風、旧貴族)+閑雲(鶴鳴の余韻、しめ縄+剣闘士、攻撃全振り),109451.4,,0,0,1.6
和璞鳶,辰砂4,防御%+炎バフ+会心率,ファルザン(西風、完凸)+ベネット(西風、旧貴族)+閑雲(鶴鳴の余韻、しめ縄+剣闘士、攻撃全振り),109451.4,,0,0,1.6
和璞鳶,辰砂4,防御%+炎バフ+会心ダメージ,ファルザン(西風、完凸)+ベネット(西風、旧貴族)+閑雲(鶴鳴の余韻、しめ縄+剣闘士、攻撃全振り),109451.4,,0,0,1.6
和璞鳶,辰砂4,防御%+水バフ+会心率,ファルザン(西風、完凸)+ベネット(西風、旧貴族)+閑雲(鶴鳴の余韻、しめ縄+剣闘士、攻撃全振り),109451.4,,0,0,1.6
和璞鳶,辰砂4,防御%+水バフ+会心ダメージ,ファルザン(西風、完凸)+ベネット(西風、旧貴族)+閑雲(鶴鳴の余韻、しめ縄+剣闘士、攻撃全振り),109451.4,,0,0,1.6
和璞鳶,辰砂4,防御%+雷バフ+会心率,ファルザン(西風、完凸)+ベネット(西風、旧貴族)+閑雲(鶴鳴の余韻、しめ縄+剣闘士、攻撃全振り),109451.4,,0,0,1.6
和璞鳶,辰砂4,防御%+雷バフ+会心ダメージ,ファルザン(西風、完凸)+ベネット(西風、旧貴族)+閑雲(鶴鳴の余韻、しめ縄+剣闘士、攻撃全振り),109451.4,,0,0,1.6
和璞鳶,辰砂4,防御%+氷バフ+会心率,ファルザン(西風、完凸)+ベネット(西風、旧貴族)+閑雲(鶴鳴の余韻、しめ縄+剣闘士、攻撃全振り),109451.4,,0,0,1.6
和璞鳶,辰砂4,防御%+氷バフ+会心ダメージ,ファルザン(西風、完凸)+ベネット(西風、旧貴族)+閑雲(鶴鳴の余韻、しめ縄+剣闘士、攻撃全振り),109451.4,,0,0,1.6
和璞鳶,辰砂4,防御%+岩バフ+会心率,ファルザン(西風、完凸)+ベネット(西風、旧貴族)+閑雲(鶴鳴の余韻、しめ縄+剣闘士、攻撃全振り),109451.4,,0,0,1.6
和璞鳶,辰砂4,防御%+岩バフ+会心ダメージ,ファルザン(西風、完凸)+ベネット(西風、旧貴族)+閑雲(鶴鳴の余韻、しめ縄+剣闘士、攻撃全振り),109451.4,,0,0,1.6
和璞鳶,辰砂4,防御%+草バフ+会心率,ファルザン(西風、完凸)+ベネット(西風、旧貴族)+閑雲(鶴鳴の余韻、しめ縄+剣闘士、攻撃全振り),109451.4,,0,0,1.6
和璞鳶,辰砂4,防御%+草バフ+会心ダメージ,ファルザン(西風、完凸)+ベネット(西風、旧貴族)+閑雲(鶴鳴の余韻、しめ縄+剣闘士、攻撃全振り),109451.4,,0,0,1.6
和璞鳶,辰砂4,防御%+物理バフ+会心率,ファルザン(西風、完凸)+ベネット(西風、旧貴族)+閑雲(鶴鳴の余韻、しめ縄+剣闘士、攻撃全振り),109451.4,,0,0,1.6
和璞鳶,辰砂4,防御%+物理バフ+会心ダメージ,ファルザン(西風、完凸)+ベネット(西風、旧貴族)+閑雲(鶴鳴の余韻、しめ縄+剣闘士、攻撃全振り),109451.4,,0,0,1.6
和璞鳶,辰砂4,HP%+HP%+会心率,ファルザン(西風、完凸)+ベネット(西風、旧貴族)+閑雲(鶴鳴の余韻、しめ縄+剣闘士、攻撃全振り),109451.4,,0,0,1.6
和璞鳶,辰砂4,HP%+HP%+会心ダメージ,ファルザン(西風、完凸)+ベネット(西風、旧貴族)+閑雲(鶴鳴の余韻、しめ縄+剣闘士、攻撃全振り),109451.4,,0,0,1.6
和璞鳶,辰砂4,HP%+元素熟知+会心率,ファルザン(西風、完凸)+ベネット(西風、旧貴族)+閑雲(鶴鳴の余韻、しめ縄+剣闘士、攻撃全振り),109451.4,,0,0,1.6
和璞鳶,辰砂4,HP%+元素熟知+会心ダメージ,ファルザン(西風、完凸)+ベネット(西風、旧貴族)+閑雲(鶴鳴の余韻、しめ縄+剣闘士、攻撃全振り),109451.4,,0,0,1.6
和璞鳶,辰砂4,HP%+炎バフ+会心率,ファルザン(西風、完凸)+ベネット(西風、旧貴族)+閑雲(鶴鳴の余韻、しめ縄+剣闘士、攻撃全振り),109451.4,,0,0,1.6
和璞鳶,辰砂4,HP%+炎バフ+会心ダメージ,ファルザン(西風、完凸)+ベネット(西風、旧貴族)+閑雲(鶴鳴の余韻、しめ縄+剣闘士、攻撃全振り),109451.4,,0,0,1.6
和璞鳶,辰砂4,HP%+水バフ+会心率,ファルザン(西風、完凸)+ベネット(西風、旧貴族)+閑雲(鶴鳴の余韻、しめ縄+剣闘士、攻撃全振り),109451.4,,0,0,1.6
和璞鳶,辰砂4,HP%+水バフ+会心ダメージ,ファルザン(西風、完凸)+ベネット(西風、旧貴族)+閑雲(鶴鳴の余韻、しめ縄+剣闘士、攻撃全振り),109451.4,,0,0,1.6
和璞鳶,辰砂4,HP%+雷バフ+会心率,ファルザン(西風、完凸)+ベネット(西風、旧貴族)+閑雲(鶴鳴の余韻、しめ縄+剣闘士、攻撃全振り),109451.4,,0,0,1.6
和璞鳶,辰砂4,HP%+雷バフ+会心ダメージ,ファルザン(西風、完凸)+ベネット(西風、旧貴族)+閑雲(鶴鳴の余韻、しめ縄+剣闘士、攻撃全振り),109451.4,,0,0,1.6
和璞鳶,辰砂4,HP%+氷バフ+会心率,ファルザン(西風、完凸)+ベネット(西風、旧貴族)+閑雲(鶴鳴の余韻、しめ縄+剣闘士、攻撃全振り),109451.4,,0,0,1.6
和璞鳶,辰砂4,HP%+氷バフ+会心ダメージ,ファルザン(西風、完凸)+ベネット(西風、旧貴族)+閑雲(鶴鳴の余韻、しめ縄+剣闘士、攻撃全振り),109451.4,,0,0,1.6
和璞鳶,辰砂4,HP%+岩バフ+会心率,ファルザン(西風、完凸)+ベネット(西風、旧貴族)+閑雲(鶴鳴の余韻、しめ縄+剣闘士、攻撃全振り),109451.4,,0,0,1.6
和璞鳶,辰砂4,HP%+岩バフ+会心ダメージ,ファルザン(西風、完凸)+ベネット(西風、旧貴族)+閑雲(鶴鳴の余韻、しめ縄+剣闘士、攻撃全振り),109451.4,,0,0,1.6
和璞鳶,辰砂4,HP%+草バフ+会心率,ファルザン(西風、完凸)+ベネット(西風、旧貴族)+閑雲(鶴鳴の余韻、しめ縄+剣闘士、攻撃全振り),109451.4,,0,0,1.6
和璞鳶,辰砂4,HP%+草バフ+会心ダメージ,ファルザン(西風、完凸)+ベネット(西風、旧貴族)+閑雲(鶴鳴の余韻、しめ縄+剣闘士、攻撃全振り),109451.4,,0,0,1.6
和璞鳶,辰砂4,HP%+物理バフ+会心率,ファルザン(西風、完凸)+ベネット(西風、旧貴族)+閑雲(鶴鳴の余韻、しめ縄+剣闘士、攻撃全振り),109451.4,,0,0,1.6
和璞鳶,辰砂4,HP%+物理バフ+会心ダメージ,ファルザン(西風、完凸)+ベネット(西風、旧貴族)+閑雲(鶴鳴の余韻、しめ縄+剣闘士、攻撃全振り),109451.4,,0,0,1.6
和璞鳶,辰砂4,元素熟知+元素熟知+会心率,ファルザン(西風、完凸)+ベネット(西風、旧貴族)+閑雲(鶴鳴の余韻、しめ縄+剣闘士、攻撃全振り),109451.4,,0,0,1.6
和璞鳶,辰砂4,元素熟知+元素熟知+会心ダメージ,ファルザン(西風、完凸)+ベネット(西風、旧貴族)+閑雲(鶴鳴の余韻、しめ縄+剣闘士、攻撃全振り),109451.4,,0,0,1.6
和璞鳶,辰砂4,元素熟知+炎バフ+会心率,ファルザン(西風、完凸)+ベネット(西風、旧貴族)+閑雲(鶴鳴の余韻、しめ縄+剣闘士、攻撃全振り),109451.4,,0,0,1.6
和璞鳶,辰砂4,元素熟知+炎バフ+会心ダメージ,ファルザン(西風、完凸)+ベネット(西風、旧貴族)+閑雲(鶴鳴の余韻、しめ縄+剣闘士、攻撃全振り),109451.4,,0,0,1.6
和璞鳶,辰砂4,元素熟知+水バフ+会心率,ファルザン(西風、完凸)+ベネット(西風、旧貴族)+閑雲(鶴鳴の余韻、しめ縄+剣闘士、攻撃全振り),109451.4,,0,0,1.6
和璞鳶,辰砂4,元素熟知+水バフ+会心ダメージ,ファルザン(西風、完凸)+ベネット(西風、旧貴族)+閑雲(鶴鳴の余韻、しめ縄+剣闘士、攻撃全振り),109451.4,,0,0,1.6
和璞鳶,辰砂4,元素熟知+雷バフ+会心率,ファルザン(西風、完凸)+ベネット(西風、旧貴族)+閑雲(鶴鳴の余韻、しめ縄+剣闘士、攻撃全振り),109451.4,,0,0,1.6
和璞鳶,辰砂4,元素熟知+雷バフ+会心ダメージ,ファルザン(西風、完凸)+ベネット(西風、旧貴族)+閑雲(鶴鳴の余韻、しめ縄+剣闘士、攻撃全振り),109451.4,,0,0,1.6
和璞鳶,辰砂4,元素熟知+氷バフ+会心率,ファルザン(西風、完凸)+ベネット(西風、旧貴族)+閑雲(鶴鳴の余韻、しめ縄+剣闘士、攻撃全振り),109451.4,,0,0,1.6
和璞鳶,辰砂4,元素熟知+氷バフ+会心ダメージ,ファルザン(西風、完凸)+ベネット(西風、旧貴族)+閑雲(鶴鳴の余韻、しめ縄+剣闘士、攻撃全振り),109451.4,,0,0,1.6
和璞鳶,辰砂4,元素熟知+岩バフ+会心率,ファルザン(西風、完凸)+ベネット(西風、旧貴族)+閑雲(鶴鳴の余韻、しめ縄+剣闘士、攻撃全振り),109451.4,,0,0,1.6
和璞鳶,辰砂4,元素熟知+岩バフ+会心ダメージ,ファルザン(西風、完凸)+ベネット(西風、旧貴族)+閑雲(鶴鳴の余韻、しめ縄+剣闘士、攻撃全振り),109451.4,,0,0,1.6
和璞鳶,辰砂4,元素熟知+草バフ+会心率,ファルザン(西風、完凸)+ベネット(西風、旧貴族)+閑雲(鶴鳴の余韻、しめ縄+剣闘士、攻撃全振り),109451.4,,0,0,1.6
和璞鳶,辰砂4,元素熟知+草バフ+会心ダメージ,ファルザン(西風、完凸)+ベネット(西風、旧貴族)+閑雲(鶴鳴の余韻、しめ縄+剣闘士、攻撃全振り),109451.4,,0,0,1.6
和璞鳶,辰砂4,元素熟知+物理バフ+会心率,ファルザン(西風、完凸)+ベネット(西風、旧貴族)+閑雲(鶴鳴の余韻、しめ縄+剣闘士、攻撃全振り),109451.4,,0,0,1.6
和璞鳶,辰砂4,元素熟知+物理バフ+会心ダメージ,ファルザン(西風、完凸)+ベネット(西風、旧貴族)+閑雲(鶴鳴の余韻、しめ縄+剣闘士、攻撃全振り),109451.4,,0,0,1.6
和璞鳶,辰砂4,元チャ+防御%+会心率,ファルザン(西風、完凸)+ベネット(西風、旧貴族)+閑雲(鶴鳴の余韻、しめ縄+剣闘士、攻撃全振り),109451.4,,0,0,1.6
和璞鳶,辰砂4,元チャ+防御%+会心ダメージ,ファルザン(西風、完凸)+ベネット(西風、旧貴族)+閑雲(鶴鳴の余韻、しめ縄+剣闘士、攻撃全振り),109451.4,,0,0,1.6
和璞鳶,辰砂4,元チャ+HP%+会心率,ファルザン(西風、完凸)+ベネット(西風、旧貴族)+閑雲(鶴鳴の余韻、しめ縄+剣闘士、攻撃全振り),109451.4,,0,0,1.6
和璞鳶,辰砂4,元チャ+HP%+会心ダメージ,ファルザン(西風、完凸)+ベネット(西風、旧貴族)+閑雲(鶴鳴の余韻、しめ縄+剣闘士、攻撃全振り),109451.4,,0,0,1.6
和璞鳶,辰砂4,元チャ+元素熟知+会心率,ファルザン(西風、完凸)+ベネット(西風、旧貴族)+閑雲(鶴鳴の余韻、しめ縄+剣闘士、攻撃全振り),109451.4,,0,0,1.6
和璞鳶,辰砂4,元チャ+元素熟知+会心ダメージ,ファルザン(西風、完凸)+ベネット(西風、旧貴族)+閑雲(鶴鳴の余韻、しめ縄+剣闘士、攻撃全振り),109451.4,,0,0,1.6
和璞鳶,辰砂4,元チャ+炎バフ+会心率,ファルザン(西風、完凸)+ベネット(西風、旧貴族)+閑雲(鶴鳴の余韻、しめ縄+剣闘士、攻撃全振り),109451.4,,0,0,1.6
和璞鳶,辰砂4,元チャ+炎バフ+会心ダメージ,ファルザン(西風、完凸)+ベネット(西風、旧貴族)+閑雲(鶴鳴の余韻、しめ縄+剣闘士、攻撃全振り),109451.4,,0,0,1.6
和璞鳶,辰砂4,元チャ+水バフ+会心率,ファルザン(西風、完凸)+ベネット(西風、旧貴族)+閑雲(鶴鳴の余韻、しめ縄+剣闘士、攻撃全振り),109451.4,,0,0,1.6
和璞鳶,辰砂4,元チャ+水バフ+会心ダメージ,ファルザン(西風、完凸)+ベネット(西風、旧貴族)+閑雲(鶴鳴の余韻、しめ縄+剣闘士、攻撃全振り),109451.4,,0,0,1.6
和璞鳶,辰砂4,元チャ+雷バフ+会心率,ファルザン(西風、完凸)+ベネット(西風、旧貴族)+閑雲(鶴鳴の余韻、しめ縄+剣闘士、攻撃全振り),109451.4,,0,0,1.6
和璞鳶,辰砂4,元チャ+雷バフ+会心ダメージ,ファルザン(西風、完凸)+ベネット(西風、旧貴族)+閑雲(鶴鳴の余韻、しめ縄+剣闘士、攻撃全振り),109451.4,,0,0,1.6
和璞鳶,辰砂4,元チャ+氷バフ+会心率,ファルザン(西風、完凸)+ベネット(西風、旧貴族)+閑雲(鶴鳴の余韻、しめ縄+剣闘士、攻撃全振り),109451.4,,0,0,1.6
和璞鳶,辰砂4,元チャ+氷バフ+会心ダメージ,ファルザン(西風、完凸)+ベネット(西風、旧貴族)+閑雲(鶴鳴の余韻、しめ縄+剣闘士、攻撃全振り),109451.4,,0,0,1.6
和璞鳶,辰砂4,元チャ+岩バフ+会心率,ファルザン(西風、完凸)+ベネット(西風、旧貴族)+閑雲(鶴鳴の余韻、しめ縄+剣闘士、攻撃全振り),109451.4,,0,0,1.6
和璞鳶,辰砂4,元チャ+岩バフ+会心ダメージ,ファルザン(西風、完凸)+ベネット(西風、旧貴族)+閑雲(鶴鳴の余韻、しめ縄+剣闘士、攻撃全振り),109451.4,,0,0,1.6
和璞鳶,辰砂4,元チャ+草バフ+会心率,ファルザン(西風、完凸)+ベネット(西風、旧貴族)+閑雲(鶴鳴の余韻、しめ縄+剣闘士、攻撃全振り),109451.4,,0,0,1.6
和璞鳶,辰砂4,元チャ+草バフ+会心ダメージ,ファルザン(西風、完凸)+ベネット(西風、旧貴族)+閑雲(鶴鳴の余韻、しめ縄+剣闘士、攻撃全振り),109451.4,,0,0,1.6
和璞鳶,辰砂4,元チャ+物理バフ+会心率,ファルザン(西風、完凸)+ベネット(西風、旧貴族)+閑雲(鶴鳴の余韻、しめ縄+剣闘士、攻撃全振り),109451.4,,0,0,1.6
和璞鳶,辰砂4,元チャ+物理バフ+会心ダメージ,ファルザン(西風、完凸)+ベネット(西風、旧貴族)+閑雲(鶴鳴の余韻、しめ縄+剣闘士、攻撃全振り),109451.4,,0,0,1.6
和璞鳶,ファントム4,攻撃%+風バフ+防御%,ファルザン(西風、完凸)+閑雲(鶴鳴の余韻、しめ縄+剣闘士、攻撃全振り)+鍾離,109390.6,,0,0,1.6
和璞鳶,ファントム4,攻撃%+風バフ+HP%,ファルザン(西風、完凸)+閑雲(鶴鳴の余韻、しめ縄+剣闘士、攻撃全振り)+鍾離,109390.6,,0,0,1.6
和璞鳶,ファントム4,攻撃%+風バフ+元素熟知,ファルザン(西風、完凸)+閑雲(鶴鳴の余韻、しめ縄+剣闘士、攻撃全振り)+鍾離,109390.6,,0,0,1.6
和璞鳶,ファントム4,攻撃%+風バフ+治癒効果,ファルザン(西風、完凸)+閑雲(鶴鳴の余韻、しめ縄+剣闘士、攻撃全振り)+鍾離,109390.6,,0,0,1.6
和璞鳶,ファントム4,元チャ+風バフ+攻撃%,ファルザン(西風、完凸)+閑雲(鶴鳴の余韻、しめ縄+剣闘士、攻撃全振り)+鍾離,109390.6,,0,0,1.6
和璞鳶,ファントム4,防御%+風バフ+防御%,ファルザン(西風、完凸)+フリーナ(フル)+閑雲(鶴鳴の余韻、しめ縄+剣闘士、攻撃全振り),109268.4,,0,0,1.6
和璞鳶,ファントム4,防御%+風バフ+HP%,ファルザン(西風、完凸)+フリーナ(フル)+閑雲(鶴鳴の余韻、しめ縄+剣闘士、攻撃全振り),109268.4,,0,0,1.6
和璞鳶,ファントム4,防御%+風バフ+元素熟知,ファルザン(西風、完凸)+フリーナ(フル)+閑雲(鶴鳴の余韻、しめ縄+剣闘士、攻撃全振り),109268.4,,0,0,1.6
和璞鳶,ファントム4,防御%+風バフ+治癒効果,ファルザン(西風、完凸)+フリーナ(フル)+閑雲(鶴鳴の余韻、しめ縄+剣闘士、攻撃全振り),109268.4,,0,0,1.6
和璞鳶,ファントム4,HP%+風バフ+HP%,ファルザン(西風、完凸)+フリーナ(フル)+閑雲(鶴鳴の余韻、しめ縄+剣闘士、攻撃全振り),109268.4,,0,0,1.6
和璞鳶,ファントム4,HP%+風バフ+元素熟知,ファルザン(西風、完凸)+フリーナ(フル)+閑雲(鶴鳴の余韻、しめ縄+剣闘士、攻撃全振り),109268.4,,0,0,1.6
和璞鳶,ファントム4,HP%+風バフ+治癒効果,ファルザン(西風、完凸)+フリーナ(フル)+閑雲(鶴鳴の余韻、しめ縄+剣闘士、攻撃全振り),109268.4,,0,0,1.6
和璞鳶,ファントム4,元素熟知+風バフ+元素熟知,ファルザン(西風、完凸)+フリーナ(フル)+閑雲(鶴鳴の余韻、しめ縄+剣闘士、攻撃全振り),109268.4,,0,0,1.6
和璞鳶,ファントム4,元素熟知+風バフ+治癒効果,ファルザン(西風、完凸)+フリーナ(フル)+閑雲(鶴鳴の余韻、しめ縄+剣闘士、攻撃全振り),109268.4,,0,0,1.6
和璞鳶,ファントム4,元チャ+風バフ+防御%,ファルザン(西風、完凸)+フリーナ(フル)+閑雲(鶴鳴の余韻、しめ縄+剣闘士、攻撃全振り),109268.4,,0,0,1.6
和璞鳶,ファントム4,元チャ+風バフ+HP%,ファルザン(西風、完凸)+フリーナ(フル)+閑雲(鶴鳴の余韻、しめ縄+剣闘士、攻撃全振り),109268.4,,0,0,1.6
和璞鳶,ファントム4,元チャ+風バフ+元素熟知,ファルザン(西風、完凸)+フリーナ(フル)+閑雲(鶴鳴の余韻、しめ縄+剣闘士、攻撃全振り),109268.4,,0,0,1.6
和璞鳶,ファントム4,元チャ+風バフ+治癒効果,ファルザン(西風、完凸)+フリーナ(フル)+閑雲(鶴鳴の余韻、しめ縄+剣闘士、攻撃全振り),109268.4,,0,0,1.6
護摩,ファントム4,攻撃%+風バフ+HP%,フリーナ(フル)+ベネット(西風、旧貴族)+閑雲(鶴鳴の余韻、しめ縄+剣闘士、攻撃全振り),109155.6,,0,0,1.6
護摩,ファントム4,攻撃%+風バフ+会心率,ベネット(西風、旧貴族)+閑雲(鶴鳴の余韻、しめ縄+剣闘士、攻撃全振り)+鍾離,109123.3,,0,0,1.6
護摩,ファントム4,攻撃%+風バフ+会心ダメージ,ベネット(西風、旧貴族)+閑雲(鶴鳴の余韻、しめ縄+剣闘士、攻撃全振り)+鍾離,109123.3,,0,0,1.6
護摩,ファントム4,攻撃%+防御%+HP%,ファルザン(西風、完凸)+ベネット(西風、旧貴族)+閑雲(鶴鳴の余韻、しめ縄+剣闘士、攻撃全振り),108901.5,,0,0,1.6
護摩,ファントム4,攻撃%+HP%+元素熟知,ファルザン(西風、完凸)+ベネット(西風、旧貴族)+閑雲(鶴鳴の余韻、しめ縄+剣闘士、攻撃全振り),108901.5,,0,0,1.6
護摩,ファントム4,攻撃%+HP%+治癒効果,ファルザン(西風、完凸)+ベネット(西風、旧貴族)+閑雲(鶴鳴の余韻、しめ縄+剣闘士、攻撃全振り),108901.5,,0,0,1.6
護摩,ファントム4,攻撃%+炎バフ+HP%,ファルザン(西風、完凸)+ベネット(西風、旧貴族)+閑雲(鶴鳴の余韻、しめ縄+剣闘士、攻撃全振り),108901.5,,0,0,1.6
護摩,ファントム4,攻撃%+水バフ+HP%,ファルザン(西風、完凸)+ベネット(西風、旧貴族)+閑雲(鶴鳴の余韻、しめ縄+剣闘士、攻撃全振り),108901.5,,0,0,1.6
護摩,ファントム4,攻撃%+雷バフ+HP%,ファルザン(西風、完凸)+ベネット(西風、旧貴族)+閑雲(鶴鳴の余韻、しめ縄+剣闘士、攻撃全振り),108901.5,,0,0,1.6
護摩,ファントム4,攻撃%+氷バフ+HP%,ファルザン(西風、完凸)+ベネット(西風、旧貴族)+閑雲(鶴鳴の余韻、しめ縄+剣闘士、攻撃全振り),108901.5,,0,0,1.6
護摩,ファントム4,攻撃%+岩バフ+HP%,ファルザン(西風、完凸)+ベネット(西風、旧貴族)+閑雲(鶴鳴の余韻、しめ縄+剣闘士、攻撃全振り),108901.5,,0,0,1.6
護摩,ファントム4,攻撃%+草バフ+HP%,ファルザン(西風、完凸)+ベネット(西風、旧貴族)+閑雲(鶴鳴の余韻、しめ縄+剣闘士、攻撃全振り),108901.5,,0,0,1.6
