武器,聖遺物セット,聖遺物メイン,バフキャラ,合計期待値,攻撃力,倍率,加算,バフ合計,バフ共通,バフ落下,耐性ダウン,熟知,率ダメ,サブステ,スコア
ヴィヴィッド・ハート,黒曜の秘典4,攻撃%+雷バフ+攻撃%,シロネン(灰燼、2色以上)+ベネット(西風、旧貴族)+万葉(翠緑),133485,3640.36,7.32,0,0.85,0.85,0,-0.76,0,1.00:2.25,0.48:0.63,1.6
ヴィヴィッド・ハート,黒曜の秘典+長き夜の誓い,攻撃%+雷バフ+会心ダメージ,シロネン(灰燼、2色以上)+ベネット(西風、旧貴族)+万葉(翠緑),128019,3160.38,7.32,0,1.1,0.85,0.25,-0.76,0,1.00:2.24,0.80:0.00,1.6
ヴィヴィッド・ハート,黒曜の秘典4,攻撃%+雷バフ+会心率,シロネン(灰燼、2色以上)+ベネット(西風、旧貴族)+万葉(翠緑),126965,3160.38,7.32,0,0.85,0.85,0,-0.76,0,1.00:2.56,0.33:0.94,1.6
ヴィヴィッド・ハート,黒曜の秘典4,攻撃%+雷バフ+会心ダメージ,シロネン(灰燼、2色以上)+ベネット(西風、旧貴族)+万葉(翠緑),126965,3160.38,7.32,0,0.85,0.85,0,-0.76,0,1.00:2.56,0.64:0.32,1.6
ヴィヴィッド・ハート,黒曜の秘典+長き夜の誓い,攻撃%+雷バフ+会心率,シロネン(灰燼、2色以上)+ベネット(西風、旧貴族)+万葉(翠緑),124881,3160.38,7.32,0,1.1,0.85,0.25,-0.76,0,1.00:2.16,0.53:0.54,1.6
ヴィヴィッド・ハート,黒曜の秘典+長き夜の誓い,攻撃%+雷バフ+攻撃%,シロネン(灰燼、2色以上)+ベネット(西風、旧貴族)+万葉(翠緑),123493,3640.36,7.32,0,1.1,0.85,0.25,-0.76,0,0.93:1.85,0.68:0.23,1.6
ヴィヴィッド・ハート,黒曜の秘典4,攻撃%+雷バフ+攻撃%,シロネン(灰燼、2色以上)+閑雲(鶴鳴の余韻、灰燼+絶縁、メイン原チャ)+万葉(翠緑),122647,2589.36,7.32,6400,0.73,0.45,0.28,-0.76,0,1.00:2.31,0.45:0.69,1.6
ヴィヴィッド・ハート,黒曜の秘典4,攻撃%+攻撃%+攻撃%,シロネン(灰燼、2色以上)+ベネット(西風、旧貴族)+万葉(翠緑),120685,4120.34,7.32,0,0.85,0.85,0,-0.76,0,1.00:2.25,0.48:0.63,1.6
ヴィヴィッド・ハート,黒曜の秘典+長き夜の誓い,攻撃%+攻撃%+会心ダメージ,シロネン(灰燼、2色以上)+ベネット(西風、旧貴族)+万葉(翠緑),120682,3640.36,7.32,0,1.1,0.85,0.25,-0.76,0,1.00:2.24,0.80:0.00,1.6
ヴィヴィッド・ハート,黒曜の秘典4,攻撃%+雷バフ+攻撃%,イアンサ(灰燼、爆発lv10)+シロネン(灰燼、2色以上)+万葉(翠緑),120247,3279.36,7.32,0,0.85,0.85,0,-0.76,0,1.00:2.25,0.48:0.63,1.6
ヴィヴィッド・ハート,黒曜の秘典+長き夜の誓い,攻撃%+攻撃%+会心率,シロネン(灰燼、2色以上)+ベネット(西風、旧貴族)+万葉(翠緑),117723,3640.36,7.32,0,1.1,0.85,0.25,-0.76,0,1.00:2.16,0.53:0.54,1.6
ヴィヴィッド・ハート,黒曜の秘典4,攻撃%+雷バフ+攻撃%,イアンサ(灰燼、爆発lv10)+シロネン(灰燼、2色以上)+ベネット(西風、旧貴族),117433,4330.36,7.32,0,0.55,0.55,0,-0.36,0,1.00:2.25,0.48:0.63,1.6
ヴィヴィッド・ハート,黒曜の秘典4,攻撃%+雷バフ+攻撃%,シロネン(灰燼、2色以上)+ベネット(西風、旧貴族)+閑雲(鶴鳴の余韻、灰燼+絶縁、メイン原チャ),117268,3640.36,7.32,6400,0.43,0.15,0.28,-0.36,0,1.00:2.31,0.45:0.69,1.6
ヴィヴィッド・ハート,黒曜の秘典+長き夜の誓い,攻撃%+雷バフ+会心ダメージ,イアンサ(灰燼、爆発lv10)+シロネン(灰燼、2色以上)+ベネット(西風、旧貴族),117022,3850.38,7.32,0,0.8,0.55,0.25,-0.36,0,1.00:2.24,0.80:0.00,1.6
ヴィヴィッド・ハート,黒曜の秘典4,攻撃%+攻撃%+会心率,シロネン(灰燼、2色以上)+ベネット(西風、旧貴族)+万葉(翠緑),116822,3640.36,7.32,0,0.85,0.85,0,-0.76,0,1.00:2.56,0.33:0.94,1.6
ヴィヴィッド・ハート,黒曜の秘典4,攻撃%+攻撃%+会心ダメージ,シロネン(灰燼、2色以上)+ベネット(西風、旧貴族)+万葉(翠緑),116822,3640.36,7.32,0,0.85,0.85,0,-0.76,0,1.00:2.56,0.64:0.32,1.6
ヴィヴィッド・ハート,黒曜の秘典+長き夜の誓い,攻撃%+雷バフ+攻撃%,シロネン(灰燼、2色以上)+閑雲(鶴鳴の余韻、灰燼+絶縁、メイン原チャ)+万葉(翠緑),116662,2589.36,7.32,6400,0.98,0.45,0.53,-0.76,0,0.96:1.91,0.65:0.29,1.6
ヴィヴィッド・ハート,黒曜の秘典+長き夜の誓い,攻撃%+雷バフ+会心ダメージ,シロネン(灰燼、2色以上)+ベネット(西風、旧貴族)+閑雲(鶴鳴の余韻、灰燼+絶縁、メイン原チャ),116130,3160.38,7.32,6400,0.6799999,0.15,0.53,-0.36,0,1.00:2.24,0.80:0.00,1.6
ヴィヴィッド・ハート,黒曜の秘典4,攻撃%+雷バフ+防御%,シロネン(灰燼、2色以上)+ベネット(西風、旧貴族)+万葉(翠緑),115885,3160.38,7.32,0,0.85,0.85,0,-0.76,0,1.00:2.25,0.48:0.63,1.6
ヴィヴィッド・ハート,黒曜の秘典4,攻撃%+雷バフ+HP%,シロネン(灰燼、2色以上)+ベネット(西風、旧貴族)+万葉(翠緑),115885,3160.38,7.32,0,0.85,0.85,0,-0.76,0,1.00:2.25,0.48:0.63,1.6
ヴィヴィッド・ハート,黒曜の秘典4,攻撃%+雷バフ+元素熟知,シロネン(灰燼、2色以上)+ベネット(西風、旧貴族)+万葉(翠緑),115885,3160.38,7.32,0,0.85,0.85,0,-0.76,187,1.00:2.25,0.48:0.63,1.6
ヴィヴィッド・ハート,黒曜の秘典4,攻撃%+雷バフ+治癒効果,シロネン(灰燼、2色以上)+ベネット(西風、旧貴族)+万葉(翠緑),115885,3160.38,7.32,0,0.85,0.85,0,-0.76,0,1.00:2.25,0.48:0.63,1.6
ヴィヴィッド・ハート,黒曜の秘典4,元チャ+雷バフ+攻撃%,シロネン(灰燼、2色以上)+ベネット(西風、旧貴族)+万葉(翠緑),115885,3160.38,7.32,0,0.85,0.85,0,-0.76,0,1.00:2.25,0.48:0.63,1.6
ヴィヴィッド・ハート,黒曜の秘典4,攻撃%+雷バフ+会心率,シロネン(灰燼、2色以上)+閑雲(鶴鳴の余韻、灰燼+絶縁、メイン原チャ)+万葉(翠緑),115570,2109.38,7.32,6400,0.73,0.45,0.28,-0.76,0,1.00:2.62,0.30:1.00,1.6
ヴィヴィッド・ハート,黒曜の秘典4,攻撃%+雷バフ+会心ダメージ,シロネン(灰燼、2色以上)+閑雲(鶴鳴の余韻、灰燼+絶縁、メイン原チャ)+万葉(翠緑),115570,2109.38,7.32,6400,0.73,0.45,0.28,-0.76,0,1.00:2.62,0.61:0.38,1.6
ヴィヴィッド・ハート,黒曜の秘典+長き夜の誓い,攻撃%+雷バフ+会心率,シロネン(灰燼、2色以上)+ベネット(西風、旧貴族)+閑雲(鶴鳴の余韻、灰燼+絶縁、メイン原チャ),115432,3160.38,7.32,6400,0.6799999,0.15,0.53,-0.36,0,1.00:2.22,0.50:0.60,1.6
ヴィヴィッド・ハート,黒曜の秘典+長き夜の誓い,攻撃%+雷バフ+会心ダメージ,シロネン(灰燼、2色以上)+閑雲(鶴鳴の余韻、灰燼+絶縁、メイン原チャ)+万葉(翠緑),115210,2109.38,7.32,6400,0.98,0.45,0.53,-0.76,0,1.00:2.24,0.80:0.00,1.6
ヴィヴィッド・ハート,黒曜の秘典4,攻撃%+雷バフ+会心率,シロネン(灰燼、2色以上)+ベネット(西風、旧貴族)+閑雲(鶴鳴の余韻、灰燼+絶縁、メイン原チャ),114640,3160.38,7.32,6400,0.43,0.15,0.28,-0.36,0,1.00:2.62,0.30:1.00,1.6
ヴィヴィッド・ハート,黒曜の秘典4,攻撃%+雷バフ+会心ダメージ,シロネン(灰燼、2色以上)+ベネット(西風、旧貴族)+閑雲(鶴鳴の余韻、灰燼+絶縁、メイン原チャ),114640,3160.38,7.32,6400,0.43,0.15,0.28,-0.36,0,1.00:2.62,0.61:0.38,1.6
ヴィヴィッド・ハート,黒曜の秘典+長き夜の誓い,攻撃%+雷バフ+会心率,シロネン(灰燼、2色以上)+閑雲(鶴鳴の余韻、灰燼+絶縁、メイン原チャ)+万葉(翠緑),114517,2109.38,7.32,6400,0.98,0.45,0.53,-0.76,0,1.00:2.22,0.50:0.60,1.6
ヴィヴィッド・ハート,黒曜の秘典4,攻撃%+雷バフ+会心率,イアンサ(灰燼、爆発lv10)+シロネン(灰燼、2色以上)+ベネット(西風、旧貴族),114401,3850.38,7.32,0,0.55,0.55,0,-0.36,0,1.00:2.56,0.33:0.94,1.6
ヴィヴィッド・ハート,黒曜の秘典4,攻撃%+雷バフ+会心ダメージ,イアンサ(灰燼、爆発lv10)+シロネン(灰燼、2色以上)+ベネット(西風、旧貴族),114401,3850.38,7.32,0,0.55,0.55,0,-0.36,0,1.00:2.56,0.64:0.32,1.6
ヴィヴィッド・ハート,黒曜の秘典+長き夜の誓い,攻撃%+攻撃%+攻撃%,シロネン(灰燼、2色以上)+ベネット(西風、旧貴族)+万葉(翠緑),114391,4120.34,7.32,0,1.1,0.85,0.25,-0.76,0,0.93:1.85,0.68:0.23,1.6
ヴィヴィッド・ハート,黒曜の秘典+長き夜の誓い,攻撃%+雷バフ+会心率,イアンサ(灰燼、爆発lv10)+シロネン(灰燼、2色以上)+ベネット(西風、旧貴族),114153,3850.38,7.32,0,0.8,0.55,0.25,-0.36,0,1.00:2.16,0.53:0.54,1.6
ヴィヴィッド・ハート,黒曜の秘典+長き夜の誓い,攻撃%+雷バフ+会心ダメージ,イアンサ(灰燼、爆発lv10)+シロネン(灰燼、2色以上)+万葉(翠緑),113396,2799.38,7.32,0,1.1,0.85,0.25,-0.76,0,1.00:2.24,0.80:0.00,1.6
ヴィヴィッド・ハート,黒曜の秘典+長き夜の誓い,攻撃%+雷バフ+攻撃%,シロネン(灰燼、2色以上)+ベネット(西風、旧貴族)+閑雲(鶴鳴の余韻、灰燼+絶縁、メイン原チャ),113350,3640.36,7.32,6400,0.6799999,0.15,0.53,-0.36,0,0.96:1.91,0.65:0.29,1.6
ヴィヴィッド・ハート,黒曜の秘典4,攻撃%+雷バフ+会心率,イアンサ(灰燼、爆発lv10)+シロネン(灰燼、2色以上)+万葉(翠緑),112463,2799.38,7.32,0,0.85,0.85,0,-0.76,0,1.00:2.56,0.33:0.94,1.6
ヴィヴィッド・ハート,黒曜の秘典4,攻撃%+雷バフ+会心ダメージ,イアンサ(灰燼、爆発lv10)+シロネン(灰燼、2色以上)+万葉(翠緑),112463,2799.38,7.32,0,0.85,0.85,0,-0.76,0,1.00:2.56,0.64:0.32,1.6
ヴィヴィッド・ハート,黒曜の秘典+長き夜の誓い,攻撃%+雷バフ+攻撃%,イアンサ(灰燼、爆発lv10)+シロネン(灰燼、2色以上)+万葉(翠緑),111247,3279.36,7.32,0,1.1,0.85,0.25,-0.76,0,0.93:1.85,0.68:0.23,1.6
ヴィヴィッド・ハート,黒曜の秘典+長き夜の誓い,攻撃%+雷バフ+会心率,イアンサ(灰燼、爆発lv10)+シロネン(灰燼、2色以上)+万葉(翠緑),110616,2799.38,7.32,0,1.1,0.85,0.25,-0.76,0,1.00:2.16,0.53:0.54,1.6
ヴィヴィッド・ハート,黒曜の秘典+長き夜の誓い,攻撃%+雷バフ+攻撃%,イアンサ(灰燼、爆発lv10)+シロネン(灰燼、2色以上)+ベネット(西風、旧貴族),110218,4330.36,7.32,0,0.8,0.55,0.25,-0.36,0,0.93:1.85,0.68:0.23,1.6
ヴィヴィッド・ハート,黒曜の秘典4,攻撃%+攻撃%+攻撃%,イアンサ(灰燼、爆発lv10)+シロネン(灰燼、2色以上)+万葉(翠緑),110111,3759.34,7.32,0,0.85,0.85,0,-0.76,0,1.00:2.25,0.48:0.63,1.6
ヴィヴィッド・ハート,黒曜の秘典4,攻撃%+攻撃%+攻撃%,シロネン(灰燼、2色以上)+閑雲(鶴鳴の余韻、灰燼+絶縁、メイン原チャ)+万葉(翠緑),110010,3069.34,7.32,6400,0.73,0.45,0.28,-0.76,0,1.00:2.31,0.45:0.69,1.6
ヴィヴィッド・ハート,黒曜の秘典+長き夜の誓い,攻撃%+攻撃%+会心ダメージ,イアンサ(灰燼、爆発lv10)+シロネン(灰燼、2色以上)+万葉(翠緑),108714,3279.36,7.32,0,1.1,0.85,0.25,-0.76,0,1.00:2.24,0.80:0.00,1.6
ヴィヴィッド・ハート,黒曜の秘典+長き夜の誓い,防御%+雷バフ+会心ダメージ,シロネン(灰燼、2色以上)+ベネット(西風、旧貴族)+万葉(翠緑),108576,2680.4,7.32,0,1.1,0.85,0.25,-0.76,0,1.00:2.24,0.80:0.00,1.6
ヴィヴィッド・ハート,黒曜の秘典+長き夜の誓い,HP%+雷バフ+会心ダメージ,シロネン(灰燼、2色以上)+ベネット(西風、旧貴族)+万葉(翠緑),108576,2680.4,7.32,0,1.1,0.85,0.25,-0.76,0,1.00:2.24,0.80:0.00,1.6
ヴィヴィッド・ハート,黒曜の秘典+長き夜の誓い,元素熟知+雷バフ+会心ダメージ,シロネン(灰燼、2色以上)+ベネット(西風、旧貴族)+万葉(翠緑),108576,2680.4,7.32,0,1.1,0.85,0.25,-0.76,187,1.00:2.24,0.80:0.00,1.6
ヴィヴィッド・ハート,黒曜の秘典+長き夜の誓い,元チャ+雷バフ+会心ダメージ,シロネン(灰燼、2色以上)+ベネット(西風、旧貴族)+万葉(翠緑),108576,2680.4,7.32,0,1.1,0.85,0.25,-0.76,0,1.00:2.24,0.80:0.00,1.6
ヴィヴィッド・ハート,黒曜の秘典+長き夜の誓い,攻撃%+攻撃%+会心ダメージ,シロネン(灰燼、2色以上)+閑雲(鶴鳴の余韻、灰燼+絶縁、メイン原チャ)+万葉(翠緑),108263,2589.36,7.32,6400,0.98,0.45,0.53,-0.76,0,1.00:2.24,0.80:0.00,1.6
ヴィヴィッド・ハート,黒曜の秘典4,攻撃%+雷バフ+攻撃%,イアンサ(灰燼、爆発lv10)+シロネン(灰燼、2色以上)+閑雲(鶴鳴の余韻、灰燼+絶縁、メイン原チャ),107891,3279.36,7.32,6400,0.43,0.15,0.28,-0.36,0,1.00:2.31,0.45:0.69,1.6
ヴィヴィッド・ハート,黒曜の秘典4,防御%+雷バフ+会心率,シロネン(灰燼、2色以上)+ベネット(西風、旧貴族)+万葉(翠緑),107683,2680.4,7.32,0,0.85,0.85,0,-0.76,0,1.00:2.56,0.33:0.94,1.6
ヴィヴィッド・ハート,黒曜の秘典4,防御%+雷バフ+会心ダメージ,シロネン(灰燼、2色以上)+ベネット(西風、旧貴族)+万葉(翠緑),107683,2680.4,7.32,0,0.85,0.85,0,-0.76,0,1.00:2.56,0.64:0.32,1.6
ヴィヴィッド・ハート,黒曜の秘典4,HP%+雷バフ+会心率,シロネン(灰燼、2色以上)+ベネット(西風、旧貴族)+万葉(翠緑),107683,2680.4,7.32,0,0.85,0.85,0,-0.76,0,1.00:2.56,0.33:0.94,1.6
ヴィヴィッド・ハート,黒曜の秘典4,HP%+雷バフ+会心ダメージ,シロネン(灰燼、2色以上)+ベネット(西風、旧貴族)+万葉(翠緑),107683,2680.4,7.32,0,0.85,0.85,0,-0.76,0,1.00:2.56,0.64:0.32,1.6
ヴィヴィッド・ハート,黒曜の秘典4,元素熟知+雷バフ+会心率,シロネン(灰燼、2色以上)+ベネット(西風、旧貴族)+万葉(翠緑),107683,2680.4,7.32,0,0.85,0.85,0,-0.76,187,1.00:2.56,0.33:0.94,1.6
ヴィヴィッド・ハート,黒曜の秘典4,元素熟知+雷バフ+会心ダメージ,シロネン(灰燼、2色以上)+ベネット(西風、旧貴族)+万葉(翠緑),107683,2680.4,7.32,0,0.85,0.85,0,-0.76,187,1.00:2.56,0.64:0.32,1.6
ヴィヴィッド・ハート,黒曜の秘典4,元チャ+雷バフ+会心率,シロネン(灰燼、2色以上)+ベネット(西風、旧貴族)+万葉(翠緑),107683,2680.4,7.32,0,0.85,0.85,0,-0.76,0,1.00:2.56,0.33:0.94,1.6
ヴィヴィッド・ハート,黒曜の秘典4,元チャ+雷バフ+会心ダメージ,シロネン(灰燼、2色以上)+ベネット(西風、旧貴族)+万葉(翠緑),107683,2680.4,7.32,0,0.85,0.85,0,-0.76,0,1.00:2.56,0.64:0.32,1.6
ヴィヴィッド・ハート,黒曜の秘典+長き夜の誓い,攻撃%+攻撃%+会心率,シロネン(灰燼、2色以上)+閑雲(鶴鳴の余韻、灰燼+絶縁、メイン原チャ)+万葉(翠緑),107612,2589.36,7.32,6400,0.98,0.45,0.53,-0.76,0,1.00:2.22,0.50:0.60,1.6
ヴィヴィッド・ハート,黒曜の秘典+長き夜の誓い,攻撃%+攻撃%+攻撃%,シロネン(灰燼、2色以上)+閑雲(鶴鳴の余韻、灰燼+絶縁、メイン原チャ)+万葉(翠緑),107523,3069.34,7.32,6400,0.98,0.45,0.53,-0.76,0,0.96:1.91,0.65:0.29,1.6
ヴィヴィッド・ハート,黒曜の秘典+長き夜の誓い,攻撃%+雷バフ+防御%,シロネン(灰燼、2色以上)+ベネット(西風、旧貴族)+万葉(翠緑),107210,3160.38,7.32,0,1.1,0.85,0.25,-0.76,0,0.93:1.85,0.68:0.23,1.6
ヴィヴィッド・ハート,黒曜の秘典+長き夜の誓い,攻撃%+雷バフ+HP%,シロネン(灰燼、2色以上)+ベネット(西風、旧貴族)+万葉(翠緑),107210,3160.38,7.32,0,1.1,0.85,0.25,-0.76,0,0.93:1.85,0.68:0.23,1.6
ヴィヴィッド・ハート,黒曜の秘典+長き夜の誓い,攻撃%+雷バフ+元素熟知,シロネン(灰燼、2色以上)+ベネット(西風、旧貴族)+万葉(翠緑),107210,3160.38,7.32,0,1.1,0.85,0.25,-0.76,187,0.93:1.85,0.68:0.23,1.6
ヴィヴィッド・ハート,黒曜の秘典+長き夜の誓い,攻撃%+雷バフ+治癒効果,シロネン(灰燼、2色以上)+ベネット(西風、旧貴族)+万葉(翠緑),107210,3160.38,7.32,0,1.1,0.85,0.25,-0.76,0,0.93:1.85,0.68:0.23,1.6
ヴィヴィッド・ハート,黒曜の秘典+長き夜の誓い,元チャ+雷バフ+攻撃%,シロネン(灰燼、2色以上)+ベネット(西風、旧貴族)+万葉(翠緑),107210,3160.38,7.32,0,1.1,0.85,0.25,-0.76,0,0.93:1.85,0.68:0.23,1.6
ヴィヴィッド・ハート,黒曜の秘典4,攻撃%+攻撃%+防御%,シロネン(灰燼、2色以上)+ベネット(西風、旧貴族)+万葉(翠緑),106626,3640.36,7.32,0,0.85,0.85,0,-0.76,0,1.00:2.25,0.48:0.63,1.6
ヴィヴィッド・ハート,黒曜の秘典4,攻撃%+攻撃%+HP%,シロネン(灰燼、2色以上)+ベネット(西風、旧貴族)+万葉(翠緑),106626,3640.36,7.32,0,0.85,0.85,0,-0.76,0,1.00:2.25,0.48:0.63,1.6
ヴィヴィッド・ハート,黒曜の秘典4,攻撃%+攻撃%+元素熟知,シロネン(灰燼、2色以上)+ベネット(西風、旧貴族)+万葉(翠緑),106626,3640.36,7.32,0,0.85,0.85,0,-0.76,187,1.00:2.25,0.48:0.63,1.6
ヴィヴィッド・ハート,黒曜の秘典4,攻撃%+攻撃%+治癒効果,シロネン(灰燼、2色以上)+ベネット(西風、旧貴族)+万葉(翠緑),106626,3640.36,7.32,0,0.85,0.85,0,-0.76,0,1.00:2.25,0.48:0.63,1.6
ヴィヴィッド・ハート,黒曜の秘典4,攻撃%+炎バフ+攻撃%,シロネン(灰燼、2色以上)+ベネット(西風、旧貴族)+万葉(翠緑),106626,3640.36,7.32,0,0.85,0.85,0,-0.76,0,1.00:2.25,0.48:0.63,1.6
ヴィヴィッド・ハート,黒曜の秘典4,攻撃%+水バフ+攻撃%,シロネン(灰燼、2色以上)+ベネット(西風、旧貴族)+万葉(翠緑),106626,3640.36,7.32,0,0.85,0.85,0,-0.76,0,1.00:2.25,0.48:0.63,1.6
ヴィヴィッド・ハート,黒曜の秘典4,攻撃%+氷バフ+攻撃%,シロネン(灰燼、2色以上)+ベネット(西風、旧貴族)+万葉(翠緑),106626,3640.36,7.32,0,0.85,0.85,0,-0.76,0,1.00:2.25,0.48:0.63,1.6
ヴィヴィッド・ハート,黒曜の秘典4,攻撃%+岩バフ+攻撃%,シロネン(灰燼、2色以上)+ベネット(西風、旧貴族)+万葉(翠緑),106626,3640.36,7.32,0,0.85,0.85,0,-0.76,0,1.00:2.25,0.48:0.63,1.6
ヴィヴィッド・ハート,黒曜の秘典4,攻撃%+風バフ+攻撃%,シロネン(灰燼、2色以上)+ベネット(西風、旧貴族)+万葉(翠緑),106626,3640.36,7.32,0,0.85,0.85,0,-0.76,0,1.00:2.25,0.48:0.63,1.6
ヴィヴィッド・ハート,黒曜の秘典4,攻撃%+草バフ+攻撃%,シロネン(灰燼、2色以上)+ベネット(西風、旧貴族)+万葉(翠緑),106626,3640.36,7.32,0,0.85,0.85,0,-0.76,0,1.00:2.25,0.48:0.63,1.6
ヴィヴィッド・ハート,黒曜の秘典4,攻撃%+物理バフ+攻撃%,シロネン(灰燼、2色以上)+ベネット(西風、旧貴族)+万葉(翠緑),106626,3640.36,7.32,0,0.85,0.85,0,-0.76,0,1.00:2.25,0.48:0.63,1.6
ヴィヴィッド・ハート,黒曜の秘典4,元チャ+攻撃%+攻撃%,シロネン(灰燼、2色以上)+ベネット(西風、旧貴族)+万葉(翠緑),106626,3640.36,7.32,0,0.85,0.85,0,-0.76,0,1.00:2.25,0.48:0.63,1.6
ヴィヴィッド・ハート,黒曜の秘典+長き夜の誓い,攻撃%+攻撃%+会心率,イアンサ(灰燼、爆発lv10)+シロネン(灰燼、2色以上)+万葉(翠緑),106049,3279.36,7.32,0,1.1,0.85,0.25,-0.76,0,1.00:2.16,0.53:0.54,1.6
ヴィヴィッド・ハート,黒曜の秘典+長き夜の誓い,防御%+雷バフ+会心率,シロネン(灰燼、2色以上)+ベネット(西風、旧貴族)+万葉(翠緑),105914,2680.4,7.32,0,1.1,0.85,0.25,-0.76,0,1.00:2.16,0.53:0.54,1.6
ヴィヴィッド・ハート,黒曜の秘典+長き夜の誓い,HP%+雷バフ+会心率,シロネン(灰燼、2色以上)+ベネット(西風、旧貴族)+万葉(翠緑),105914,2680.4,7.32,0,1.1,0.85,0.25,-0.76,0,1.00:2.16,0.53:0.54,1.6
ヴィヴィッド・ハート,黒曜の秘典+長き夜の誓い,元素熟知+雷バフ+会心率,シロネン(灰燼、2色以上)+ベネット(西風、旧貴族)+万葉(翠緑),105914,2680.4,7.32,0,1.1,0.85,0.25,-0.76,187,1.00:2.16,0.53:0.54,1.6
ヴィヴィッド・ハート,黒曜の秘典+長き夜の誓い,元チャ+雷バフ+会心率,シロネン(灰燼、2色以上)+ベネット(西風、旧貴族)+万葉(翠緑),105914,2680.4,7.32,0,1.1,0.85,0.25,-0.76,0,1.00:2.16,0.53:0.54,1.6
ヴィヴィッド・ハート,黒曜の秘典+長き夜の誓い,攻撃%+雷バフ+会心ダメージ,イアンサ(灰燼、爆発lv10)+シロネン(灰燼、2色以上)+閑雲(鶴鳴の余韻、灰燼+絶縁、メイン原チャ),105740,2799.38,7.32,6400,0.6799999,0.15,0.53,-0.36,0,1.00:2.24,0.80:0.00,1.6
ヴィヴィッド・ハート,黒曜の秘典4,攻撃%+攻撃%+会心率,シロネン(灰燼、2色以上)+閑雲(鶴鳴の余韻、灰燼+絶縁、メイン原チャ)+万葉(翠緑),105692,2589.36,7.32,6400,0.73,0.45,0.28,-0.76,0,1.00:2.62,0.30:1.00,1.6
ヴィヴィッド・ハート,黒曜の秘典4,攻撃%+攻撃%+会心ダメージ,シロネン(灰燼、2色以上)+閑雲(鶴鳴の余韻、灰燼+絶縁、メイン原チャ)+万葉(翠緑),105692,2589.36,7.32,6400,0.73,0.45,0.28,-0.76,0,1.00:2.62,0.61:0.38,1.6
ヴィヴィッド・ハート,黒曜の秘典4,攻撃%+雷バフ+防御%,シロネン(灰燼、2色以上)+閑雲(鶴鳴の余韻、灰燼+絶縁、メイン原チャ)+万葉(翠緑),105651,2109.38,7.32,6400,0.73,0.45,0.28,-0.76,0,1.00:2.31,0.45:0.69,1.6
ヴィヴィッド・ハート,黒曜の秘典4,攻撃%+雷バフ+HP%,シロネン(灰燼、2色以上)+閑雲(鶴鳴の余韻、灰燼+絶縁、メイン原チャ)+万葉(翠緑),105651,2109.38,7.32,6400,0.73,0.45,0.28,-0.76,0,1.00:2.31,0.45:0.69,1.6
ヴィヴィッド・ハート,黒曜の秘典4,攻撃%+雷バフ+元素熟知,シロネン(灰燼、2色以上)+閑雲(鶴鳴の余韻、灰燼+絶縁、メイン原チャ)+万葉(翠緑),105651,2109.38,7.32,6400,0.73,0.45,0.28,-0.76,187,1.00:2.31,0.45:0.69,1.6
ヴィヴィッド・ハート,黒曜の秘典4,攻撃%+雷バフ+治癒効果,シロネン(灰燼、2色以上)+閑雲(鶴鳴の余韻、灰燼+絶縁、メイン原チャ)+万葉(翠緑),105651,2109.38,7.32,6400,0.73,0.45,0.28,-0.76,0,1.00:2.31,0.45:0.69,1.6
ヴィヴィッド・ハート,黒曜の秘典4,元チャ+雷バフ+攻撃%,シロネン(灰燼、2色以上)+閑雲(鶴鳴の余韻、灰燼+絶縁、メイン原チャ)+万葉(翠緑),105651,2109.38,7.32,6400,0.73,0.45,0.28,-0.76,0,1.00:2.31,0.45:0.69,1.6
ヴィヴィッド・ハート,黒曜の秘典4,攻撃%+攻撃%+会心率,イアンサ(灰燼、爆発lv10)+シロネン(灰燼、2色以上)+万葉(翠緑),105237,3279.36,7.32,0,0.85,0.85,0,-0.76,0,1.00:2.56,0.33:0.94,1.6
ヴィヴィッド・ハート,黒曜の秘典4,攻撃%+攻撃%+会心ダメージ,イアンサ(灰燼、爆発lv10)+シロネン(灰燼、2色以上)+万葉(翠緑),105237,3279.36,7.32,0,0.85,0.85,0,-0.76,0,1.00:2.56,0.64:0.32,1.6
ヴィヴィッド・ハート,黒曜の秘典+長き夜の誓い,攻撃%+雷バフ+会心率,イアンサ(灰燼、爆発lv10)+シロネン(灰燼、2色以上)+閑雲(鶴鳴の余韻、灰燼+絶縁、メイン原チャ),105104,2799.38,7.32,6400,0.6799999,0.15,0.53,-0.36,0,1.00:2.22,0.50:0.60,1.6
ヴィヴィッド・ハート,黒曜の秘典4,攻撃%+雷バフ+防御%,シロネン(灰燼、2色以上)+ベネット(西風、旧貴族)+閑雲(鶴鳴の余韻、灰燼+絶縁、メイン原チャ),104800,3160.38,7.32,6400,0.43,0.15,0.28,-0.36,0,1.00:2.31,0.45:0.69,1.6
ヴィヴィッド・ハート,黒曜の秘典4,攻撃%+雷バフ+HP%,シロネン(灰燼、2色以上)+ベネット(西風、旧貴族)+閑雲(鶴鳴の余韻、灰燼+絶縁、メイン原チャ),104800,3160.38,7.32,6400,0.43,0.15,0.28,-0.36,0,1.00:2.31,0.45:0.69,1.6
ヴィヴィッド・ハート,黒曜の秘典4,攻撃%+雷バフ+元素熟知,シロネン(灰燼、2色以上)+ベネット(西風、旧貴族)+閑雲(鶴鳴の余韻、灰燼+絶縁、メイン原チャ),104800,3160.38,7.32,6400,0.43,0.15,0.28,-0.36,187,1.00:2.31,0.45:0.69,1.6
ヴィヴィッド・ハート,黒曜の秘典4,攻撃%+雷バフ+治癒効果,シロネン(灰燼、2色以上)+ベネット(西風、旧貴族)+閑雲(鶴鳴の余韻、灰燼+絶縁、メイン原チャ),104800,3160.38,7.32,6400,0.43,0.15,0.28,-0.36,0,1.00:2.31,0.45:0.69,1.6
ヴィヴィッド・ハート,黒曜の秘典4,元チャ+雷バフ+攻撃%,シロネン(灰燼、2色以上)+ベネット(西風、旧貴族)+閑雲(鶴鳴の余韻、灰燼+絶縁、メイン原チャ),104800,3160.38,7.32,6400,0.43,0.15,0.28,-0.36,0,1.00:2.31,0.45:0.69,1.6
ヴィヴィッド・ハート,黒曜の秘典+長き夜の誓い,攻撃%+防御%+会心ダメージ,シロネン(灰燼、2色以上)+ベネット(西風、旧貴族)+万葉(翠緑),104770,3160.38,7.32,0,1.1,0.85,0.25,-0.76,0,1.00:2.24,0.80:0.00,1.6
ヴィヴィッド・ハート,黒曜の秘典+長き夜の誓い,攻撃%+HP%+会心ダメージ,シロネン(灰燼、2色以上)+ベネット(西風、旧貴族)+万葉(翠緑),104770,3160.38,7.32,0,1.1,0.85,0.25,-0.76,0,1.00:2.24,0.80:0.00,1.6
ヴィヴィッド・ハート,黒曜の秘典+長き夜の誓い,攻撃%+元素熟知+会心ダメージ,シロネン(灰燼、2色以上)+ベネット(西風、旧貴族)+万葉(翠緑),104770,3160.38,7.32,0,1.1,0.85,0.25,-0.76,187,1.00:2.24,0.80:0.00,1.6
ヴィヴィッド・ハート,黒曜の秘典+長き夜の誓い,攻撃%+炎バフ+会心ダメージ,シロネン(灰燼、2色以上)+ベネット(西風、旧貴族)+万葉(翠緑),104770,3160.38,7.32,0,1.1,0.85,0.25,-0.76,0,1.00:2.24,0.80:0.00,1.6
ヴィヴィッド・ハート,黒曜の秘典+長き夜の誓い,攻撃%+水バフ+会心ダメージ,シロネン(灰燼、2色以上)+ベネット(西風、旧貴族)+万葉(翠緑),104770,3160.38,7.32,0,1.1,0.85,0.25,-0.76,0,1.00:2.24,0.80:0.00,1.6
ヴィヴィッド・ハート,黒曜の秘典+長き夜の誓い,攻撃%+氷バフ+会心ダメージ,シロネン(灰燼、2色以上)+ベネット(西風、旧貴族)+万葉(翠緑),104770,3160.38,7.32,0,1.1,0.85,0.25,-0.76,0,1.00:2.24,0.80:0.00,1.6
ヴィヴィッド・ハート,黒曜の秘典+長き夜の誓い,攻撃%+岩バフ+会心ダメージ,シロネン(灰燼、2色以上)+ベネット(西風、旧貴族)+万葉(翠緑),104770,3160.38,7.32,0,1.1,0.85,0.25,-0.76,0,1.00:2.24,0.80:0.00,1.6
ヴィヴィッド・ハート,黒曜の秘典+長き夜の誓い,攻撃%+風バフ+会心ダメージ,シロネン(灰燼、2色以上)+ベネット(西風、旧貴族)+万葉(翠緑),104770,3160.38,7.32,0,1.1,0.85,0.25,-0.76,0,1.00:2.24,0.80:0.00,1.6
ヴィヴィッド・ハート,黒曜の秘典+長き夜の誓い,攻撃%+草バフ+会心ダメージ,シロネン(灰燼、2色以上)+ベネット(西風、旧貴族)+万葉(翠緑),104770,3160.38,7.32,0,1.1,0.85,0.25,-0.76,0,1.00:2.24,0.80:0.00,1.6
ヴィヴィッド・ハート,黒曜の秘典+長き夜の誓い,攻撃%+物理バフ+会心ダメージ,シロネン(灰燼、2色以上)+ベネット(西風、旧貴族)+万葉(翠緑),104770,3160.38,7.32,0,1.1,0.85,0.25,-0.76,0,1.00:2.24,0.80:0.00,1.6
ヴィヴィッド・ハート,黒曜の秘典+長き夜の誓い,元チャ+攻撃%+会心ダメージ,シロネン(灰燼、2色以上)+ベネット(西風、旧貴族)+万葉(翠緑),104770,3160.38,7.32,0,1.1,0.85,0.25,-0.76,0,1.00:2.24,0.80:0.00,1.6
ヴィヴィッド・ハート,黒曜の秘典+長き夜の誓い,攻撃%+攻撃%+会心ダメージ,イアンサ(灰燼、爆発lv10)+シロネン(灰燼、2色以上)+ベネット(西風、旧貴族),104544,4330.36,7.32,0,0.8,0.55,0.25,-0.36,0,1.00:2.24,0.80:0.00,1.6
ヴィヴィッド・ハート,黒曜の秘典4,攻撃%+雷バフ+防御%,イアンサ(灰燼、爆発lv10)+シロネン(灰燼、2色以上)+ベネット(西風、旧貴族),104416,3850.38,7.32,0,0.55,0.55,0,-0.36,0,1.00:2.25,0.48:0.63,1.6
ヴィヴィッド・ハート,黒曜の秘典4,攻撃%+雷バフ+HP%,イアンサ(灰燼、爆発lv10)+シロネン(灰燼、2色以上)+ベネット(西風、旧貴族),104416,3850.38,7.32,0,0.55,0.55,0,-0.36,0,1.00:2.25,0.48:0.63,1.6
ヴィヴィッド・ハート,黒曜の秘典4,攻撃%+雷バフ+元素熟知,イアンサ(灰燼、爆発lv10)+シロネン(灰燼、2色以上)+ベネット(西風、旧貴族),104416,3850.38,7.32,0,0.55,0.55,0,-0.36,187,1.00:2.25,0.48:0.63,1.6
ヴィヴィッド・ハート,黒曜の秘典4,攻撃%+雷バフ+治癒効果,イアンサ(灰燼、爆発lv10)+シロネン(灰燼、2色以上)+ベネット(西風、旧貴族),104416,3850.38,7.32,0,0.55,0.55,0,-0.36,0,1.00:2.25,0.48:0.63,1.6
ヴィヴィッド・ハート,黒曜の秘典4,元チャ+雷バフ+攻撃%,イアンサ(灰燼、爆発lv10)+シロネン(灰燼、2色以上)+ベネット(西風、旧貴族),104416,3850.38,7.32,0,0.55,0.55,0,-0.36,0,1.00:2.25,0.48:0.63,1.6
ヴィヴィッド・ハート,黒曜の秘典4,攻撃%+雷バフ+会心率,イアンサ(灰燼、爆発lv10)+シロネン(灰燼、2色以上)+閑雲(鶴鳴の余韻、灰燼+絶縁、メイン原チャ),104382,2799.38,7.32,6400,0.43,0.15,0.28,-0.36,0,1.00:2.62,0.30:1.00,1.6
ヴィヴィッド・ハート,黒曜の秘典4,攻撃%+雷バフ+会心ダメージ,イアンサ(灰燼、爆発lv10)+シロネン(灰燼、2色以上)+閑雲(鶴鳴の余韻、灰燼+絶縁、メイン原チャ),104382,2799.38,7.32,6400,0.43,0.15,0.28,-0.36,0,1.00:2.62,0.61:0.38,1.6
ヴィヴィッド・ハート,黒曜の秘典+長き夜の誓い,攻撃%+攻撃%+攻撃%,イアンサ(灰燼、爆発lv10)+シロネン(灰燼、2色以上)+万葉(翠緑),104369,3759.34,7.32,0,1.1,0.85,0.25,-0.76,0,0.93:1.85,0.68:0.23,1.6
ヴィヴィッド・ハート,黒曜の秘典+長き夜の誓い,攻撃%+雷バフ+攻撃%,イアンサ(灰燼、爆発lv10)+シロネン(灰燼、2色以上)+閑雲(鶴鳴の余韻、灰燼+絶縁、メイン原チャ),104286,3279.36,7.32,6400,0.6799999,0.15,0.53,-0.36,0,0.96:1.91,0.65:0.29,1.6
ヴィヴィッド・ハート,黒曜の秘典4,攻撃%+雷バフ+防御%,イアンサ(灰燼、爆発lv10)+シロネン(灰燼、2色以上)+万葉(翠緑),102647,2799.38,7.32,0,0.85,0.85,0,-0.76,0,1.00:2.25,0.48:0.63,1.6
ヴィヴィッド・ハート,黒曜の秘典4,攻撃%+雷バフ+HP%,イアンサ(灰燼、爆発lv10)+シロネン(灰燼、2色以上)+万葉(翠緑),102647,2799.38,7.32,0,0.85,0.85,0,-0.76,0,1.00:2.25,0.48:0.63,1.6
ヴィヴィッド・ハート,黒曜の秘典4,攻撃%+雷バフ+元素熟知,イアンサ(灰燼、爆発lv10)+シロネン(灰燼、2色以上)+万葉(翠緑),102647,2799.38,7.32,0,0.85,0.85,0,-0.76,187,1.00:2.25,0.48:0.63,1.6
ヴィヴィッド・ハート,黒曜の秘典4,攻撃%+雷バフ+治癒効果,イアンサ(灰燼、爆発lv10)+シロネン(灰燼、2色以上)+万葉(翠緑),102647,2799.38,7.32,0,0.85,0.85,0,-0.76,0,1.00:2.25,0.48:0.63,1.6
ヴィヴィッド・ハート,黒曜の秘典4,元チャ+雷バフ+攻撃%,イアンサ(灰燼、爆発lv10)+シロネン(灰燼、2色以上)+万葉(翠緑),102647,2799.38,7.32,0,0.85,0.85,0,-0.76,0,1.00:2.25,0.48:0.63,1.6
ヴィヴィッド・ハート,黒曜の秘典+長き夜の誓い,防御%+雷バフ+会心ダメージ,イアンサ(灰燼、爆発lv10)+シロネン(灰燼、2色以上)+ベネット(西風、旧貴族),102434,3370.4,7.32,0,0.8,0.55,0.25,-0.36,0,1.00:2.24,0.80:0.00,1.6
ヴィヴィッド・ハート,黒曜の秘典+長き夜の誓い,HP%+雷バフ+会心ダメージ,イアンサ(灰燼、爆発lv10)+シロネン(灰燼、2色以上)+ベネット(西風、旧貴族),102434,3370.4,7.32,0,0.8,0.55,0.25,-0.36,0,1.00:2.24,0.80:0.00,1.6
ヴィヴィッド・ハート,黒曜の秘典+長き夜の誓い,元素熟知+雷バフ+会心ダメージ,イアンサ(灰燼、爆発lv10)+シロネン(灰燼、2色以上)+ベネット(西風、旧貴族),102434,3370.4,7.32,0,0.8,0.55,0.25,-0.36,187,1.00:2.24,0.80:0.00,1.6
ヴィヴィッド・ハート,黒曜の秘典+長き夜の誓い,元チャ+雷バフ+会心ダメージ,イアンサ(灰燼、爆発lv10)+シロネン(灰燼、2色以上)+ベネット(西風、旧貴族),102434,3370.4,7.32,0,0.8,0.55,0.25,-0.36,0,1.00:2.24,0.80:0.00,1.6
ヴィヴィッド・ハート,黒曜の秘典+長き夜の誓い,防御%+雷バフ+会心ダメージ,シロネン(灰燼、2色以上)+ベネット(西風、旧貴族)+閑雲(鶴鳴の余韻、灰燼+絶縁、メイン原チャ),102315,2680.4,7.32,6400,0.6799999,0.15,0.53,-0.36,0,1.00:2.24,0.80:0.00,1.6
ヴィヴィッド・ハート,黒曜の秘典+長き夜の誓い,HP%+雷バフ+会心ダメージ,シロネン(灰燼、2色以上)+ベネット(西風、旧貴族)+閑雲(鶴鳴の余韻、灰燼+絶縁、メイン原チャ),102315,2680.4,7.32,6400,0.6799999,0.15,0.53,-0.36,0,1.00:2.24,0.80:0.00,1.6
ヴィヴィッド・ハート,黒曜の秘典+長き夜の誓い,元素熟知+雷バフ+会心ダメージ,シロネン(灰燼、2色以上)+ベネット(西風、旧貴族)+閑雲(鶴鳴の余韻、灰燼+絶縁、メイン原チャ),102315,2680.4,7.32,6400,0.6799999,0.15,0.53,-0.36,187,1.00:2.24,0.80:0.00,1.6
ヴィヴィッド・ハート,黒曜の秘典+長き夜の誓い,元チャ+雷バフ+会心ダメージ,シロネン(灰燼、2色以上)+ベネット(西風、旧貴族)+閑雲(鶴鳴の余韻、灰燼+絶縁、メイン原チャ),102315,2680.4,7.32,6400,0.6799999,0.15,0.53,-0.36,0,1.00:2.24,0.80:0.00,1.6
ヴィヴィッド・ハート,黒曜の秘典+長き夜の誓い,攻撃%+防御%+会心率,シロネン(灰燼、2色以上)+ベネット(西風、旧貴族)+万葉(翠緑),102201,3160.38,7.32,0,1.1,0.85,0.25,-0.76,0,1.00:2.16,0.53:0.54,1.6
ヴィヴィッド・ハート,黒曜の秘典+長き夜の誓い,攻撃%+HP%+会心率,シロネン(灰燼、2色以上)+ベネット(西風、旧貴族)+万葉(翠緑),102201,3160.38,7.32,0,1.1,0.85,0.25,-0.76,0,1.00:2.16,0.53:0.54,1.6
ヴィヴィッド・ハート,黒曜の秘典+長き夜の誓い,攻撃%+元素熟知+会心率,シロネン(灰燼、2色以上)+ベネット(西風、旧貴族)+万葉(翠緑),102201,3160.38,7.32,0,1.1,0.85,0.25,-0.76,187,1.00:2.16,0.53:0.54,1.6
ヴィヴィッド・ハート,黒曜の秘典+長き夜の誓い,攻撃%+炎バフ+会心率,シロネン(灰燼、2色以上)+ベネット(西風、旧貴族)+万葉(翠緑),102201,3160.38,7.32,0,1.1,0.85,0.25,-0.76,0,1.00:2.16,0.53:0.54,1.6
ヴィヴィッド・ハート,黒曜の秘典+長き夜の誓い,攻撃%+水バフ+会心率,シロネン(灰燼、2色以上)+ベネット(西風、旧貴族)+万葉(翠緑),102201,3160.38,7.32,0,1.1,0.85,0.25,-0.76,0,1.00:2.16,0.53:0.54,1.6
ヴィヴィッド・ハート,黒曜の秘典+長き夜の誓い,攻撃%+氷バフ+会心率,シロネン(灰燼、2色以上)+ベネット(西風、旧貴族)+万葉(翠緑),102201,3160.38,7.32,0,1.1,0.85,0.25,-0.76,0,1.00:2.16,0.53:0.54,1.6
ヴィヴィッド・ハート,黒曜の秘典+長き夜の誓い,攻撃%+岩バフ+会心率,シロネン(灰燼、2色以上)+ベネット(西風、旧貴族)+万葉(翠緑),102201,3160.38,7.32,0,1.1,0.85,0.25,-0.76,0,1.00:2.16,0.53:0.54,1.6
ヴィヴィッド・ハート,黒曜の秘典+長き夜の誓い,攻撃%+風バフ+会心率,シロネン(灰燼、2色以上)+ベネット(西風、旧貴族)+万葉(翠緑),102201,3160.38,7.32,0,1.1,0.85,0.25,-0.76,0,1.00:2.16,0.53:0.54,1.6
ヴィヴィッド・ハート,黒曜の秘典+長き夜の誓い,攻撃%+草バフ+会心率,シロネン(灰燼、2色以上)+ベネット(西風、旧貴族)+万葉(翠緑),102201,3160.38,7.32,0,1.1,0.85,0.25,-0.76,0,1.00:2.16,0.53:0.54,1.6
ヴィヴィッド・ハート,黒曜の秘典+長き夜の誓い,攻撃%+物理バフ+会心率,シロネン(灰燼、2色以上)+ベネット(西風、旧貴族)+万葉(翠緑),102201,3160.38,7.32,0,1.1,0.85,0.25,-0.76,0,1.00:2.16,0.53:0.54,1.6
ヴィヴィッド・ハート,黒曜の秘典+長き夜の誓い,元チャ+攻撃%+会心率,シロネン(灰燼、2色以上)+ベネット(西風、旧貴族)+万葉(翠緑),102201,3160.38,7.32,0,1.1,0.85,0.25,-0.76,0,1.00:2.16,0.53:0.54,1.6
ヴィヴィッド・ハート,黒曜の秘典+長き夜の誓い,攻撃%+攻撃%+会心率,イアンサ(灰燼、爆発lv10)+シロネン(灰燼、2色以上)+ベネット(西風、旧貴族),101982,4330.36,7.32,0,0.8,0.55,0.25,-0.36,0,1.00:2.16,0.53:0.54,1.6
ヴィヴィッド・ハート,黒曜の秘典+長き夜の誓い,攻撃%+攻撃%+会心ダメージ,シロネン(灰燼、2色以上)+ベネット(西風、旧貴族)+閑雲(鶴鳴の余韻、灰燼+絶縁、メイン原チャ),101728,3640.36,7.32,6400,0.6799999,0.15,0.53,-0.36,0,1.00:2.24,0.80:0.00,1.6
ヴィヴィッド・ハート,黒曜の秘典+長き夜の誓い,防御%+雷バフ+会心率,シロネン(灰燼、2色以上)+ベネット(西風、旧貴族)+閑雲(鶴鳴の余韻、灰燼+絶縁、メイン原チャ),101700,2680.4,7.32,6400,0.6799999,0.15,0.53,-0.36,0,1.00:2.22,0.50:0.60,1.6
ヴィヴィッド・ハート,黒曜の秘典+長き夜の誓い,HP%+雷バフ+会心率,シロネン(灰燼、2色以上)+ベネット(西風、旧貴族)+閑雲(鶴鳴の余韻、灰燼+絶縁、メイン原チャ),101700,2680.4,7.32,6400,0.6799999,0.15,0.53,-0.36,0,1.00:2.22,0.50:0.60,1.6
ヴィヴィッド・ハート,黒曜の秘典+長き夜の誓い,元素熟知+雷バフ+会心率,シロネン(灰燼、2色以上)+ベネット(西風、旧貴族)+閑雲(鶴鳴の余韻、灰燼+絶縁、メイン原チャ),101700,2680.4,7.32,6400,0.6799999,0.15,0.53,-0.36,187,1.00:2.22,0.50:0.60,1.6
ヴィヴィッド・ハート,黒曜の秘典+長き夜の誓い,元チャ+雷バフ+会心率,シロネン(灰燼、2色以上)+ベネット(西風、旧貴族)+閑雲(鶴鳴の余韻、灰燼+絶縁、メイン原チャ),101700,2680.4,7.32,6400,0.6799999,0.15,0.53,-0.36,0,1.00:2.22,0.50:0.60,1.6
ヴィヴィッド・ハート,黒曜の秘典4,攻撃%+防御%+会心率,シロネン(灰燼、2色以上)+ベネット(西風、旧貴族)+万葉(翠緑),101419,3160.38,7.32,0,0.85,0.85,0,-0.76,0,1.00:2.56,0.33:0.94,1.6
ヴィヴィッド・ハート,黒曜の秘典4,攻撃%+防御%+会心ダメージ,シロネン(灰燼、2色以上)+ベネット(西風、旧貴族)+万葉(翠緑),101419,3160.38,7.32,0,0.85,0.85,0,-0.76,0,1.00:2.56,0.64:0.32,1.6
ヴィヴィッド・ハート,黒曜の秘典4,攻撃%+HP%+会心率,シロネン(灰燼、2色以上)+ベネット(西風、旧貴族)+万葉(翠緑),101419,3160.38,7.32,0,0.85,0.85,0,-0.76,0,1.00:2.56,0.33:0.94,1.6
ヴィヴィッド・ハート,黒曜の秘典4,攻撃%+HP%+会心ダメージ,シロネン(灰燼、2色以上)+ベネット(西風、旧貴族)+万葉(翠緑),101419,3160.38,7.32,0,0.85,0.85,0,-0.76,0,1.00:2.56,0.64:0.32,1.6
ヴィヴィッド・ハート,黒曜の秘典4,攻撃%+元素熟知+会心率,シロネン(灰燼、2色以上)+ベネット(西風、旧貴族)+万葉(翠緑),101419,3160.38,7.32,0,0.85,0.85,0,-0.76,187,1.00:2.56,0.33:0.94,1.6
ヴィヴィッド・ハート,黒曜の秘典4,攻撃%+元素熟知+会心ダメージ,シロネン(灰燼、2色以上)+ベネット(西風、旧貴族)+万葉(翠緑),101419,3160.38,7.32,0,0.85,0.85,0,-0.76,187,1.00:2.56,0.64:0.32,1.6
ヴィヴィッド・ハート,黒曜の秘典4,攻撃%+炎バフ+会心率,シロネン(灰燼、2色以上)+ベネット(西風、旧貴族)+万葉(翠緑),101419,3160.38,7.32,0,0.85,0.85,0,-0.76,0,1.00:2.56,0.33:0.94,1.6
ヴィヴィッド・ハート,黒曜の秘典4,攻撃%+炎バフ+会心ダメージ,シロネン(灰燼、2色以上)+ベネット(西風、旧貴族)+万葉(翠緑),101419,3160.38,7.32,0,0.85,0.85,0,-0.76,0,1.00:2.56,0.64:0.32,1.6
ヴィヴィッド・ハート,黒曜の秘典4,攻撃%+水バフ+会心率,シロネン(灰燼、2色以上)+ベネット(西風、旧貴族)+万葉(翠緑),101419,3160.38,7.32,0,0.85,0.85,0,-0.76,0,1.00:2.56,0.33:0.94,1.6
ヴィヴィッド・ハート,黒曜の秘典4,攻撃%+水バフ+会心ダメージ,シロネン(灰燼、2色以上)+ベネット(西風、旧貴族)+万葉(翠緑),101419,3160.38,7.32,0,0.85,0.85,0,-0.76,0,1.00:2.56,0.64:0.32,1.6
ヴィヴィッド・ハート,黒曜の秘典4,攻撃%+氷バフ+会心率,シロネン(灰燼、2色以上)+ベネット(西風、旧貴族)+万葉(翠緑),101419,3160.38,7.32,0,0.85,0.85,0,-0.76,0,1.00:2.56,0.33:0.94,1.6
ヴィヴィッド・ハート,黒曜の秘典4,攻撃%+氷バフ+会心ダメージ,シロネン(灰燼、2色以上)+ベネット(西風、旧貴族)+万葉(翠緑),101419,3160.38,7.32,0,0.85,0.85,0,-0.76,0,1.00:2.56,0.64:0.32,1.6
ヴィヴィッド・ハート,黒曜の秘典4,攻撃%+岩バフ+会心率,シロネン(灰燼、2色以上)+ベネット(西風、旧貴族)+万葉(翠緑),101419,3160.38,7.32,0,0.85,0.85,0,-0.76,0,1.00:2.56,0.33:0.94,1.6
ヴィヴィッド・ハート,黒曜の秘典4,攻撃%+岩バフ+会心ダメージ,シロネン(灰燼、2色以上)+ベネット(西風、旧貴族)+万葉(翠緑),101419,3160.38,7.32,0,0.85,0.85,0,-0.76,0,1.00:2.56,0.64:0.32,1.6
ヴィヴィッド・ハート,黒曜の秘典4,攻撃%+風バフ+会心率,シロネン(灰燼、2色以上)+ベネット(西風、旧貴族)+万葉(翠緑),101419,3160.38,7.32,0,0.85,0.85,0,-0.76,0,1.00:2.56,0.33:0.94,1.6
ヴィヴィッド・ハート,黒曜の秘典4,攻撃%+風バフ+会心ダメージ,シロネン(灰燼、2色以上)+ベネット(西風、旧貴族)+万葉(翠緑),101419,3160.38,7.32,0,0.85,0.85,0,-0.76,0,1.00:2.56,0.64:0.32,1.6
ヴィヴィッド・ハート,黒曜の秘典4,攻撃%+草バフ+会心率,シロネン(灰燼、2色以上)+ベネット(西風、旧貴族)+万葉(翠緑),101419,3160.38,7.32,0,0.85,0.85,0,-0.76,0,1.00:2.56,0.33:0.94,1.6
ヴィヴィッド・ハート,黒曜の秘典4,攻撃%+草バフ+会心ダメージ,シロネン(灰燼、2色以上)+ベネット(西風、旧貴族)+万葉(翠緑),101419,3160.38,7.32,0,0.85,0.85,0,-0.76,0,1.00:2.56,0.64:0.32,1.6
ヴィヴィッド・ハート,黒曜の秘典4,攻撃%+物理バフ+会心率,シロネン(灰燼、2色以上)+ベネット(西風、旧貴族)+万葉(翠緑),101419,3160.38,7.32,0,0.85,0.85,0,-0.76,0,1.00:2.56,0.33:0.94,1.6
ヴィヴィッド・ハート,黒曜の秘典4,攻撃%+物理バフ+会心ダメージ,シロネン(灰燼、2色以上)+ベネット(西風、旧貴族)+万葉(翠緑),101419,3160.38,7.32,0,0.85,0.85,0,-0.76,0,1.00:2.56,0.64:0.32,1.6
ヴィヴィッド・ハート,黒曜の秘典4,元チャ+攻撃%+会心率,シロネン(灰燼、2色以上)+ベネット(西風、旧貴族)+万葉(翠緑),101419,3160.38,7.32,0,0.85,0.85,0,-0.76,0,1.00:2.56,0.33:0.94,1.6
ヴィヴィッド・ハート,黒曜の秘典4,元チャ+攻撃%+会心ダメージ,シロネン(灰燼、2色以上)+ベネット(西風、旧貴族)+万葉(翠緑),101419,3160.38,7.32,0,0.85,0.85,0,-0.76,0,1.00:2.56,0.64:0.32,1.6
ヴィヴィッド・ハート,黒曜の秘典+長き夜の誓い,攻撃%+雷バフ+防御%,シロネン(灰燼、2色以上)+ベネット(西風、旧貴族)+閑雲(鶴鳴の余韻、灰燼+絶縁、メイン原チャ),101299,3160.38,7.32,6400,0.6799999,0.15,0.53,-0.36,0,0.96:1.91,0.65:0.29,1.6
ヴィヴィッド・ハート,黒曜の秘典+長き夜の誓い,攻撃%+雷バフ+HP%,シロネン(灰燼、2色以上)+ベネット(西風、旧貴族)+閑雲(鶴鳴の余韻、灰燼+絶縁、メイン原チャ),101299,3160.38,7.32,6400,0.6799999,0.15,0.53,-0.36,0,0.96:1.91,0.65:0.29,1.6
ヴィヴィッド・ハート,黒曜の秘典+長き夜の誓い,攻撃%+雷バフ+元素熟知,シロネン(灰燼、2色以上)+ベネット(西風、旧貴族)+閑雲(鶴鳴の余韻、灰燼+絶縁、メイン原チャ),101299,3160.38,7.32,6400,0.6799999,0.15,0.53,-0.36,187,0.96:1.91,0.65:0.29,1.6
ヴィヴィッド・ハート,黒曜の秘典+長き夜の誓い,攻撃%+雷バフ+治癒効果,シロネン(灰燼、2色以上)+ベネット(西風、旧貴族)+閑雲(鶴鳴の余韻、灰燼+絶縁、メイン原チャ),101299,3160.38,7.32,6400,0.6799999,0.15,0.53,-0.36,0,0.96:1.91,0.65:0.29,1.6
ヴィヴィッド・ハート,黒曜の秘典+長き夜の誓い,元チャ+雷バフ+攻撃%,シロネン(灰燼、2色以上)+ベネット(西風、旧貴族)+閑雲(鶴鳴の余韻、灰燼+絶縁、メイン原チャ),101299,3160.38,7.32,6400,0.6799999,0.15,0.53,-0.36,0,0.96:1.91,0.65:0.29,1.6
ヴィヴィッド・ハート,黒曜の秘典+長き夜の誓い,攻撃%+攻撃%+会心率,シロネン(灰燼、2色以上)+ベネット(西風、旧貴族)+閑雲(鶴鳴の余韻、灰燼+絶縁、メイン原チャ),101116,3640.36,7.32,6400,0.6799999,0.15,0.53,-0.36,0,1.00:2.22,0.50:0.60,1.6
ヴィヴィッド・ハート,黒曜の秘典4,攻撃%+雷バフ+攻撃%,シロネン(灰燼、2色以上)+閑雲(西風、灰燼+絶縁、メイン原チャ)+万葉(翠緑),101100,2589.36,7.32,5000,0.45,0.45,0,-0.76,0,1.00:2.31,0.45:0.69,1.6
ヴィヴィッド・ハート,黒曜の秘典+長き夜の誓い,攻撃%+攻撃%+防御%,シロネン(灰燼、2色以上)+ベネット(西風、旧貴族)+万葉(翠緑),101066,3640.36,7.32,0,1.1,0.85,0.25,-0.76,0,0.93:1.85,0.68:0.23,1.6
ヴィヴィッド・ハート,黒曜の秘典+長き夜の誓い,攻撃%+攻撃%+HP%,シロネン(灰燼、2色以上)+ベネット(西風、旧貴族)+万葉(翠緑),101066,3640.36,7.32,0,1.1,0.85,0.25,-0.76,0,0.93:1.85,0.68:0.23,1.6
ヴィヴィッド・ハート,黒曜の秘典+長き夜の誓い,攻撃%+攻撃%+元素熟知,シロネン(灰燼、2色以上)+ベネット(西風、旧貴族)+万葉(翠緑),101066,3640.36,7.32,0,1.1,0.85,0.25,-0.76,187,0.93:1.85,0.68:0.23,1.6
ヴィヴィッド・ハート,黒曜の秘典+長き夜の誓い,攻撃%+攻撃%+治癒効果,シロネン(灰燼、2色以上)+ベネット(西風、旧貴族)+万葉(翠緑),101066,3640.36,7.32,0,1.1,0.85,0.25,-0.76,0,0.93:1.85,0.68:0.23,1.6
ヴィヴィッド・ハート,黒曜の秘典+長き夜の誓い,攻撃%+炎バフ+攻撃%,シロネン(灰燼、2色以上)+ベネット(西風、旧貴族)+万葉(翠緑),101066,3640.36,7.32,0,1.1,0.85,0.25,-0.76,0,0.93:1.85,0.68:0.23,1.6
ヴィヴィッド・ハート,黒曜の秘典+長き夜の誓い,攻撃%+水バフ+攻撃%,シロネン(灰燼、2色以上)+ベネット(西風、旧貴族)+万葉(翠緑),101066,3640.36,7.32,0,1.1,0.85,0.25,-0.76,0,0.93:1.85,0.68:0.23,1.6
ヴィヴィッド・ハート,黒曜の秘典+長き夜の誓い,攻撃%+氷バフ+攻撃%,シロネン(灰燼、2色以上)+ベネット(西風、旧貴族)+万葉(翠緑),101066,3640.36,7.32,0,1.1,0.85,0.25,-0.76,0,0.93:1.85,0.68:0.23,1.6
ヴィヴィッド・ハート,黒曜の秘典+長き夜の誓い,攻撃%+岩バフ+攻撃%,シロネン(灰燼、2色以上)+ベネット(西風、旧貴族)+万葉(翠緑),101066,3640.36,7.32,0,1.1,0.85,0.25,-0.76,0,0.93:1.85,0.68:0.23,1.6
ヴィヴィッド・ハート,黒曜の秘典+長き夜の誓い,攻撃%+風バフ+攻撃%,シロネン(灰燼、2色以上)+ベネット(西風、旧貴族)+万葉(翠緑),101066,3640.36,7.32,0,1.1,0.85,0.25,-0.76,0,0.93:1.85,0.68:0.23,1.6
ヴィヴィッド・ハート,黒曜の秘典+長き夜の誓い,攻撃%+草バフ+攻撃%,シロネン(灰燼、2色以上)+ベネット(西風、旧貴族)+万葉(翠緑),101066,3640.36,7.32,0,1.1,0.85,0.25,-0.76,0,0.93:1.85,0.68:0.23,1.6
ヴィヴィッド・ハート,黒曜の秘典+長き夜の誓い,攻撃%+物理バフ+攻撃%,シロネン(灰燼、2色以上)+ベネット(西風、旧貴族)+万葉(翠緑),101066,3640.36,7.32,0,1.1,0.85,0.25,-0.76,0,0.93:1.85,0.68:0.23,1.6
ヴィヴィッド・ハート,黒曜の秘典+長き夜の誓い,元チャ+攻撃%+攻撃%,シロネン(灰燼、2色以上)+ベネット(西風、旧貴族)+万葉(翠緑),101066,3640.36,7.32,0,1.1,0.85,0.25,-0.76,0,0.93:1.85,0.68:0.23,1.6
ヴィヴィッド・ハート,黒曜の秘典4,防御%+雷バフ+会心率,シロネン(灰燼、2色以上)+ベネット(西風、旧貴族)+閑雲(鶴鳴の余韻、灰燼+絶縁、メイン原チャ),101002,2680.4,7.32,6400,0.43,0.15,0.28,-0.36,0,1.00:2.62,0.30:1.00,1.6
ヴィヴィッド・ハート,黒曜の秘典4,防御%+雷バフ+会心ダメージ,シロネン(灰燼、2色以上)+ベネット(西風、旧貴族)+閑雲(鶴鳴の余韻、灰燼+絶縁、メイン原チャ),101002,2680.4,7.32,6400,0.43,0.15,0.28,-0.36,0,1.00:2.62,0.61:0.38,1.6
ヴィヴィッド・ハート,黒曜の秘典4,HP%+雷バフ+会心率,シロネン(灰燼、2色以上)+ベネット(西風、旧貴族)+閑雲(鶴鳴の余韻、灰燼+絶縁、メイン原チャ),101002,2680.4,7.32,6400,0.43,0.15,0.28,-0.36,0,1.00:2.62,0.30:1.00,1.6
ヴィヴィッド・ハート,黒曜の秘典4,HP%+雷バフ+会心ダメージ,シロネン(灰燼、2色以上)+ベネット(西風、旧貴族)+閑雲(鶴鳴の余韻、灰燼+絶縁、メイン原チャ),101002,2680.4,7.32,6400,0.43,0.15,0.28,-0.36,0,1.00:2.62,0.61:0.38,1.6
ヴィヴィッド・ハート,黒曜の秘典4,元素熟知+雷バフ+会心率,シロネン(灰燼、2色以上)+ベネット(西風、旧貴族)+閑雲(鶴鳴の余韻、灰燼+絶縁、メイン原チャ),101002,2680.4,7.32,6400,0.43,0.15,0.28,-0.36,187,1.00:2.62,0.30:1.00,1.6
ヴィヴィッド・ハート,黒曜の秘典4,元素熟知+雷バフ+会心ダメージ,シロネン(灰燼、2色以上)+ベネット(西風、旧貴族)+閑雲(鶴鳴の余韻、灰燼+絶縁、メイン原チャ),101002,2680.4,7.32,6400,0.43,0.15,0.28,-0.36,187,1.00:2.62,0.61:0.38,1.6
ヴィヴィッド・ハート,黒曜の秘典4,元チャ+雷バフ+会心率,シロネン(灰燼、2色以上)+ベネット(西風、旧貴族)+閑雲(鶴鳴の余韻、灰燼+絶縁、メイン原チャ),101002,2680.4,7.32,6400,0.43,0.15,0.28,-0.36,0,1.00:2.62,0.30:1.00,1.6
ヴィヴィッド・ハート,黒曜の秘典4,元チャ+雷バフ+会心ダメージ,シロネン(灰燼、2色以上)+ベネット(西風、旧貴族)+閑雲(鶴鳴の余韻、灰燼+絶縁、メイン原チャ),101002,2680.4,7.32,6400,0.43,0.15,0.28,-0.36,0,1.00:2.62,0.61:0.38,1.6
ヴィヴィッド・ハート,黒曜の秘典+長き夜の誓い,攻撃%+雷バフ+防御%,シロネン(灰燼、2色以上)+閑雲(鶴鳴の余韻、灰燼+絶縁、メイン原チャ)+万葉(翠緑),100496,2109.38,7.32,6400,0.98,0.45,0.53,-0.76,0,0.96:1.91,0.65:0.29,1.6
ヴィヴィッド・ハート,黒曜の秘典+長き夜の誓い,攻撃%+雷バフ+HP%,シロネン(灰燼、2色以上)+閑雲(鶴鳴の余韻、灰燼+絶縁、メイン原チャ)+万葉(翠緑),100496,2109.38,7.32,6400,0.98,0.45,0.53,-0.76,0,0.96:1.91,0.65:0.29,1.6
ヴィヴィッド・ハート,黒曜の秘典+長き夜の誓い,攻撃%+雷バフ+元素熟知,シロネン(灰燼、2色以上)+閑雲(鶴鳴の余韻、灰燼+絶縁、メイン原チャ)+万葉(翠緑),100496,2109.38,7.32,6400,0.98,0.45,0.53,-0.76,187,0.96:1.91,0.65:0.29,1.6
ヴィヴィッド・ハート,黒曜の秘典+長き夜の誓い,攻撃%+雷バフ+治癒効果,シロネン(灰燼、2色以上)+閑雲(鶴鳴の余韻、灰燼+絶縁、メイン原チャ)+万葉(翠緑),100496,2109.38,7.32,6400,0.98,0.45,0.53,-0.76,0,0.96:1.91,0.65:0.29,1.6
ヴィヴィッド・ハート,黒曜の秘典+長き夜の誓い,元チャ+雷バフ+攻撃%,シロネン(灰燼、2色以上)+閑雲(鶴鳴の余韻、灰燼+絶縁、メイン原チャ)+万葉(翠緑),100496,2109.38,7.32,6400,0.98,0.45,0.53,-0.76,0,0.96:1.91,0.65:0.29,1.6
ヴィヴィッド・ハート,黒曜の秘典4,攻撃%+攻撃%+攻撃%,イアンサ(灰燼、爆発lv10)+シロネン(灰燼、2色以上)+ベネット(西風、旧貴族),100296,4810.34,7.32,0,0.55,0.55,0,-0.36,0,1.00:2.25,0.48:0.63,1.6
ヴィヴィッド・ハート,黒曜の秘典4,防御%+雷バフ+会心率,イアンサ(灰燼、爆発lv10)+シロネン(灰燼、2色以上)+ベネット(西風、旧貴族),100140,3370.4,7.32,0,0.55,0.55,0,-0.36,0,1.00:2.56,0.33:0.94,1.6
ヴィヴィッド・ハート,黒曜の秘典4,防御%+雷バフ+会心ダメージ,イアンサ(灰燼、爆発lv10)+シロネン(灰燼、2色以上)+ベネット(西風、旧貴族),100140,3370.4,7.32,0,0.55,0.55,0,-0.36,0,1.00:2.56,0.64:0.32,1.6
ヴィヴィッド・ハート,黒曜の秘典4,HP%+雷バフ+会心率,イアンサ(灰燼、爆発lv10)+シロネン(灰燼、2色以上)+ベネット(西風、旧貴族),100140,3370.4,7.32,0,0.55,0.55,0,-0.36,0,1.00:2.56,0.33:0.94,1.6
ヴィヴィッド・ハート,黒曜の秘典4,HP%+雷バフ+会心ダメージ,イアンサ(灰燼、爆発lv10)+シロネン(灰燼、2色以上)+ベネット(西風、旧貴族),100140,3370.4,7.32,0,0.55,0.55,0,-0.36,0,1.00:2.56,0.64:0.32,1.6
ヴィヴィッド・ハート,黒曜の秘典4,元素熟知+雷バフ+会心率,イアンサ(灰燼、爆発lv10)+シロネン(灰燼、2色以上)+ベネット(西風、旧貴族),100140,3370.4,7.32,0,0.55,0.55,0,-0.36,187,1.00:2.56,0.33:0.94,1.6
ヴィヴィッド・ハート,黒曜の秘典4,元素熟知+雷バフ+会心ダメージ,イアンサ(灰燼、爆発lv10)+シロネン(灰燼、2色以上)+ベネット(西風、旧貴族),100140,3370.4,7.32,0,0.55,0.55,0,-0.36,187,1.00:2.56,0.64:0.32,1.6
ヴィヴィッド・ハート,黒曜の秘典4,元チャ+雷バフ+会心率,イアンサ(灰燼、爆発lv10)+シロネン(灰燼、2色以上)+ベネット(西風、旧貴族),100140,3370.4,7.32,0,0.55,0.55,0,-0.36,0,1.00:2.56,0.33:0.94,1.6
ヴィヴィッド・ハート,黒曜の秘典4,元チャ+雷バフ+会心ダメージ,イアンサ(灰燼、爆発lv10)+シロネン(灰燼、2色以上)+ベネット(西風、旧貴族),100140,3370.4,7.32,0,0.55,0.55,0,-0.36,0,1.00:2.56,0.64:0.32,1.6
ヴィヴィッド・ハート,黒曜の秘典+長き夜の誓い,防御%+雷バフ+会心率,イアンサ(灰燼、爆発lv10)+シロネン(灰燼、2色以上)+ベネット(西風、旧貴族),99923,3370.4,7.32,0,0.8,0.55,0.25,-0.36,0,1.00:2.16,0.53:0.54,1.6
ヴィヴィッド・ハート,黒曜の秘典+長き夜の誓い,HP%+雷バフ+会心率,イアンサ(灰燼、爆発lv10)+シロネン(灰燼、2色以上)+ベネット(西風、旧貴族),99923,3370.4,7.32,0,0.8,0.55,0.25,-0.36,0,1.00:2.16,0.53:0.54,1.6
ヴィヴィッド・ハート,黒曜の秘典+長き夜の誓い,元素熟知+雷バフ+会心率,イアンサ(灰燼、爆発lv10)+シロネン(灰燼、2色以上)+ベネット(西風、旧貴族),99923,3370.4,7.32,0,0.8,0.55,0.25,-0.36,187,1.00:2.16,0.53:0.54,1.6
ヴィヴィッド・ハート,黒曜の秘典+長き夜の誓い,元チャ+雷バフ+会心率,イアンサ(灰燼、爆発lv10)+シロネン(灰燼、2色以上)+ベネット(西風、旧貴族),99923,3370.4,7.32,0,0.8,0.55,0.25,-0.36,0,1.00:2.16,0.53:0.54,1.6
ヴィヴィッド・ハート,黒曜の秘典4,攻撃%+攻撃%+会心率,イアンサ(灰燼、爆発lv10)+シロネン(灰燼、2色以上)+ベネット(西風、旧貴族),98921,4330.36,7.32,0,0.55,0.55,0,-0.36,0,1.00:2.56,0.33:0.94,1.6
ヴィヴィッド・ハート,黒曜の秘典4,攻撃%+攻撃%+会心ダメージ,イアンサ(灰燼、爆発lv10)+シロネン(灰燼、2色以上)+ベネット(西風、旧貴族),98921,4330.36,7.32,0,0.55,0.55,0,-0.36,0,1.00:2.56,0.64:0.32,1.6
ヴィヴィッド・ハート,黒曜の秘典4,攻撃%+雷バフ+攻撃%,シロネン(灰燼、2色以上)+ナヒーダ+ベネット(西風、旧貴族),98721,3640.36,7.32,0,0.55,0.55,0,-0.36,200,1.00:2.25,0.48:0.63,1.6
ヴィヴィッド・ハート,黒曜の秘典4,攻撃%+雷バフ+攻撃%,シロネン(灰燼、2色以上)+ベネット(西風、旧貴族),98721,3640.36,7.32,0,0.55,0.55,0,-0.36,0,1.00:2.25,0.48:0.63,1.6
ヴィヴィッド・ハート,黒曜の秘典4,防御%+雷バフ+防御%,シロネン(灰燼、2色以上)+ベネット(西風、旧貴族)+万葉(翠緑),98285,2680.4,7.32,0,0.85,0.85,0,-0.76,0,1.00:2.25,0.48:0.63,1.6
ヴィヴィッド・ハート,黒曜の秘典4,防御%+雷バフ+HP%,シロネン(灰燼、2色以上)+ベネット(西風、旧貴族)+万葉(翠緑),98285,2680.4,7.32,0,0.85,0.85,0,-0.76,0,1.00:2.25,0.48:0.63,1.6
ヴィヴィッド・ハート,黒曜の秘典4,防御%+雷バフ+元素熟知,シロネン(灰燼、2色以上)+ベネット(西風、旧貴族)+万葉(翠緑),98285,2680.4,7.32,0,0.85,0.85,0,-0.76,187,1.00:2.25,0.48:0.63,1.6
ヴィヴィッド・ハート,黒曜の秘典4,防御%+雷バフ+治癒効果,シロネン(灰燼、2色以上)+ベネット(西風、旧貴族)+万葉(翠緑),98285,2680.4,7.32,0,0.85,0.85,0,-0.76,0,1.00:2.25,0.48:0.63,1.6
ヴィヴィッド・ハート,黒曜の秘典4,HP%+雷バフ+HP%,シロネン(灰燼、2色以上)+ベネット(西風、旧貴族)+万葉(翠緑),98285,2680.4,7.32,0,0.85,0.85,0,-0.76,0,1.00:2.25,0.48:0.63,1.6
ヴィヴィッド・ハート,黒曜の秘典4,HP%+雷バフ+元素熟知,シロネン(灰燼、2色以上)+ベネット(西風、旧貴族)+万葉(翠緑),98285,2680.4,7.32,0,0.85,0.85,0,-0.76,187,1.00:2.25,0.48:0.63,1.6
ヴィヴィッド・ハート,黒曜の秘典4,HP%+雷バフ+治癒効果,シロネン(灰燼、2色以上)+ベネット(西風、旧貴族)+万葉(翠緑),98285,2680.4,7.32,0,0.85,0.85,0,-0.76,0,1.00:2.25,0.48:0.63,1.6
ヴィヴィッド・ハート,黒曜の秘典4,元素熟知+雷バフ+元素熟知,シロネン(灰燼、2色以上)+ベネット(西風、旧貴族)+万葉(翠緑),98285,2680.4,7.32,0,0.85,0.85,0,-0.76,374,1.00:2.25,0.48:0.63,1.6
ヴィヴィッド・ハート,黒曜の秘典4,元素熟知+雷バフ+治癒効果,シロネン(灰燼、2色以上)+ベネット(西風、旧貴族)+万葉(翠緑),98285,2680.4,7.32,0,0.85,0.85,0,-0.76,187,1.00:2.25,0.48:0.63,1.6
ヴィヴィッド・ハート,黒曜の秘典4,元チャ+雷バフ+防御%,シロネン(灰燼、2色以上)+ベネット(西風、旧貴族)+万葉(翠緑),98285,2680.4,7.32,0,0.85,0.85,0,-0.76,0,1.00:2.25,0.48:0.63,1.6
ヴィヴィッド・ハート,黒曜の秘典4,元チャ+雷バフ+HP%,シロネン(灰燼、2色以上)+ベネット(西風、旧貴族)+万葉(翠緑),98285,2680.4,7.32,0,0.85,0.85,0,-0.76,0,1.00:2.25,0.48:0.63,1.6
ヴィヴィッド・ハート,黒曜の秘典4,元チャ+雷バフ+元素熟知,シロネン(灰燼、2色以上)+ベネット(西風、旧貴族)+万葉(翠緑),98285,2680.4,7.32,0,0.85,0.85,0,-0.76,187,1.00:2.25,0.48:0.63,1.6
ヴィヴィッド・ハート,黒曜の秘典4,元チャ+雷バフ+治癒効果,シロネン(灰燼、2色以上)+ベネット(西風、旧貴族)+万葉(翠緑),98285,2680.4,7.32,0,0.85,0.85,0,-0.76,0,1.00:2.25,0.48:0.63,1.6
ヴィヴィッド・ハート,黒曜の秘典+長き夜の誓い,攻撃%+攻撃%+攻撃%,シロネン(灰燼、2色以上)+ベネット(西風、旧貴族)+閑雲(鶴鳴の余韻、灰燼+絶縁、メイン原チャ),98170,4120.34,7.32,6400,0.6799999,0.15,0.53,-0.36,0,0.96:1.91,0.65:0.29,1.6
